           -95.0000     15.0000      -52.123807850504
           -94.0000     15.0000       31.955775297776
           -93.0000     15.0000        2.758060283584
           -92.0000     15.0000       76.001440826106
           -91.0000     15.0000      132.278634044578
           -90.0000     15.0000       75.782692073574
           -89.0000     15.0000       43.977972652348
           -88.0000     15.0000       36.847703182435
           -87.0000     15.0000       76.173576807744
           -86.0000     15.0000       49.103315355589
           -85.0000     15.0000       34.993045046000
           -84.0000     15.0000       28.417074607112
           -83.0000     15.0000       12.982880979109
           -82.0000     15.0000       33.455837885279
           -81.0000     15.0000       13.392817748141
           -80.0000     15.0000        6.077135599791
           -79.0000     15.0000        5.145767097058
           -78.0000     15.0000       23.342568601818
           -77.0000     15.0000      -19.194006009156
           -76.0000     15.0000        6.222036644949
           -75.0000     15.0000        7.871545743250
           -74.0000     15.0000      -20.606353397864
           -73.0000     15.0000       36.890485668415
           -72.0000     15.0000       14.606990116491
           -71.0000     15.0000      -17.378236065635
           -70.0000     15.0000       -1.299972464112
           -69.0000     15.0000        3.215016061818
           -68.0000     15.0000        2.749444530869
           -67.0000     15.0000      -14.097371734036
           -66.0000     15.0000       -6.653904972243
           -65.0000     15.0000      -32.583820989273
           -64.0000     15.0000      -14.780771215225
           -63.0000     15.0000      -11.085302475369
           -62.0000     15.0000      -36.220035456189
           -61.0000     15.0000       64.138552726074
           -60.0000     15.0000     -172.597455291344
           -59.0000     15.0000     -107.055126436566
           -58.0000     15.0000      -24.501504999602
           -57.0000     15.0000      -67.535245126202
           -56.0000     15.0000      -75.319356683945
           -55.0000     15.0000      -80.091738942004
           -54.0000     15.0000      -58.995667023888
           -53.0000     15.0000      -41.536186562515
           -52.0000     15.0000      -37.594226920663
           -51.0000     15.0000      -38.045371663958
           -50.0000     15.0000      -23.549010745024
           -49.0000     15.0000      -14.735782238328
           -48.0000     15.0000      -13.752036945337
           -47.0000     15.0000      -17.140627885796
           -46.0000     15.0000      -13.275544627456
           -45.0000     15.0000      -18.756880504867
           -44.0000     15.0000      -28.147618827698
           -43.0000     15.0000      -27.408477086992
           -42.0000     15.0000      -24.888816621855
           -41.0000     15.0000      -28.335058142478
           -40.0000     15.0000      -14.429403496909
           -39.0000     15.0000      -12.692814724149
           -38.0000     15.0000      -23.172093792676
           -37.0000     15.0000      -17.230222646510
           -36.0000     15.0000      -19.065991060307
           -35.0000     15.0000      -20.238301929818
           -34.0000     15.0000      -14.430671757545
           -33.0000     15.0000      -10.384752351496
           -32.0000     15.0000       -8.299580142619
           -31.0000     15.0000        4.394198826656
           -30.0000     15.0000       -0.211545317033
           -29.0000     15.0000        5.225671889564
           -28.0000     15.0000        8.966334321552
           -27.0000     15.0000        4.813222582207
           -26.0000     15.0000       20.061956603090
           -25.0000     15.0000       45.511745026118
           -24.0000     15.0000      101.855444815866
           -23.0000     15.0000       74.967359645369
           -22.0000     15.0000      -28.989566174998
           -21.0000     15.0000       -5.432989360067
           -20.0000     15.0000        8.233900592983
           -19.0000     15.0000        1.093702788287
           -18.0000     15.0000       36.901573913337
           -17.0000     15.0000       58.503301628806
           -16.0000     15.0000        4.036333896207
           -15.0000     15.0000       21.225304250829
           -14.0000     15.0000       33.604038270873
           -13.0000     15.0000       59.678314858179
           -12.0000     15.0000       -2.026281491675
           -11.0000     15.0000       13.059307243097
           -10.0000     15.0000       16.583820750772
            -9.0000     15.0000       11.885757442231
            -8.0000     15.0000       13.955325125741
            -7.0000     15.0000        0.482752463216
            -6.0000     15.0000        6.720997253697
            -5.0000     15.0000       10.950003461898
            -4.0000     15.0000       31.908530138771
            -3.0000     15.0000       29.683235385881
            -2.0000     15.0000      -11.362674380358
            -1.0000     15.0000      -10.952037747790
            -0.0000     15.0000      -26.470666271889
             1.0000     15.0000      -23.152126627347
             2.0000     15.0000       -1.730139828896
             3.0000     15.0000        6.127569455325
             4.0000     15.0000      -23.485421310471
             5.0000     15.0000        2.486865122451
             6.0000     15.0000       -6.388048718438
             7.0000     15.0000       -6.366738117640
             8.0000     15.0000       -6.528842508316
             9.0000     15.0000       -0.842282419131
            10.0000     15.0000        6.098358413493
            11.0000     15.0000       16.195043719342
            12.0000     15.0000       -3.851583210572
            13.0000     15.0000       -2.555040905094
            14.0000     15.0000       -7.889794882117
            15.0000     15.0000       -1.799893903191
            16.0000     15.0000       -3.530561799905
            17.0000     15.0000        1.123360950032
            18.0000     15.0000       -6.911759674861
            19.0000     15.0000       -5.413337073591
            20.0000     15.0000       14.864907639874
            21.0000     15.0000      -13.255471329111
            22.0000     15.0000       23.254264146416
            23.0000     15.0000        3.873574877776
            24.0000     15.0000       14.975850305193
            25.0000     15.0000       20.108007815764
            26.0000     15.0000       10.128121807463
            27.0000     15.0000        9.111484945731
            28.0000     15.0000       11.986931630100
            29.0000     15.0000        4.498020647441
            30.0000     15.0000       12.019298655328
            31.0000     15.0000        8.483736859142
            32.0000     15.0000        7.795822944180
            33.0000     15.0000       -2.770221592466
            34.0000     15.0000        6.192967407173
            35.0000     15.0000        4.830938626077
            36.0000     15.0000        2.776584764412
            37.0000     15.0000       21.072705201386
            38.0000     15.0000        9.344679500633
            39.0000     15.0000       60.899957599831
            40.0000     15.0000       -2.986321420393
            41.0000     15.0000        0.448684986557
            42.0000     15.0000       -6.677686209235
            43.0000     15.0000       -9.467748511878
            44.0000     15.0000       81.086999557929
            45.0000     15.0000       33.211099613637
            46.0000     15.0000        7.214742936997
            47.0000     15.0000       23.318011722072
            48.0000     15.0000       50.697582340540
            49.0000     15.0000       50.496513233236
            50.0000     15.0000       23.780513522423
            51.0000     15.0000       19.208318357580
            52.0000     15.0000        9.582558292750
            53.0000     15.0000       15.561966021833
            54.0000     15.0000        6.187625016529
            55.0000     15.0000        7.692219863281
           -95.0000     14.0000       11.297029922820
           -94.0000     14.0000      -69.104267992610
           -93.0000     14.0000      -33.277701038538
           -92.0000     14.0000       -4.090691112945
           -91.0000     14.0000       -2.483952086719
           -90.0000     14.0000       23.809280895330
           -89.0000     14.0000       40.597778758396
           -88.0000     14.0000       62.802198126198
           -87.0000     14.0000       53.506074438872
           -86.0000     14.0000       49.725923799037
           -85.0000     14.0000       44.554521635079
           -84.0000     14.0000       45.311430751489
           -83.0000     14.0000       32.991424340513
           -82.0000     14.0000       23.361479354572
           -81.0000     14.0000       36.279112342754
           -80.0000     14.0000       24.902477163668
           -79.0000     14.0000        3.555410772879
           -78.0000     14.0000       20.948814544211
           -77.0000     14.0000      -25.576510882435
           -76.0000     14.0000      -19.649534638569
           -75.0000     14.0000      -15.563478915342
           -74.0000     14.0000      -20.321688083790
           -73.0000     14.0000       -9.058301829198
           -72.0000     14.0000       -1.499035104334
           -71.0000     14.0000      -52.112043969290
           -70.0000     14.0000      -64.850676610541
           -69.0000     14.0000      -48.669652035869
           -68.0000     14.0000      -39.941121500234
           -67.0000     14.0000      -22.552941656386
           -66.0000     14.0000      -32.833523164627
           -65.0000     14.0000      -12.368375959041
           -64.0000     14.0000      -16.489001649340
           -63.0000     14.0000        4.435852814179
           -62.0000     14.0000      -52.354617670845
           -61.0000     14.0000       62.223955037878
           -60.0000     14.0000      -23.287478033454
           -59.0000     14.0000     -116.402138029117
           -58.0000     14.0000      -39.534826505312
           -57.0000     14.0000      -44.512553735996
           -56.0000     14.0000      -39.997151871457
           -55.0000     14.0000      -54.737215060737
           -54.0000     14.0000      -40.229518423855
           -53.0000     14.0000      -34.012761574861
           -52.0000     14.0000      -41.427241022245
           -51.0000     14.0000      -44.424451867316
           -50.0000     14.0000      -44.659860053063
           -49.0000     14.0000      -41.347920939408
           -48.0000     14.0000      -34.310205697407
           -47.0000     14.0000      -21.905166248421
           -46.0000     14.0000      -23.306928908424
           -45.0000     14.0000       -0.948682768199
           -44.0000     14.0000      -15.796110613162
           -43.0000     14.0000      -11.687377825134
           -42.0000     14.0000      -15.312625208306
           -41.0000     14.0000      -19.427874128352
           -40.0000     14.0000      -21.998780632722
           -39.0000     14.0000      -20.376667038443
           -38.0000     14.0000      -18.159283186965
           -37.0000     14.0000      -13.254648266899
           -36.0000     14.0000       -6.652942219982
           -35.0000     14.0000      -10.443101664604
           -34.0000     14.0000      -14.870720697506
           -33.0000     14.0000       -5.111679131209
           -32.0000     14.0000       -7.202979028951
           -31.0000     14.0000      -20.281921886330
           -30.0000     14.0000       -3.858783654502
           -29.0000     14.0000       -1.550064883023
           -28.0000     14.0000       -3.788479334992
           -27.0000     14.0000        1.893196700465
           -26.0000     14.0000       12.985706212040
           -25.0000     14.0000       -5.829026262243
           -24.0000     14.0000      -27.261497289121
           -23.0000     14.0000      -24.318694356735
           -22.0000     14.0000       -0.102979730086
           -21.0000     14.0000        5.058925072214
           -20.0000     14.0000        0.530874089020
           -19.0000     14.0000       10.210402953905
           -18.0000     14.0000       -0.488599441764
           -17.0000     14.0000       36.838098940810
           -16.0000     14.0000       29.621744711730
           -15.0000     14.0000       14.062666073491
           -14.0000     14.0000       16.962088534005
           -13.0000     14.0000       45.131330843660
           -12.0000     14.0000        5.093826553947
           -11.0000     14.0000       26.141894738894
           -10.0000     14.0000       18.531238005956
            -9.0000     14.0000       26.991562202357
            -8.0000     14.0000       15.652121650304
            -7.0000     14.0000       18.021181342170
            -6.0000     14.0000       18.238575197545
            -5.0000     14.0000        8.059642553892
            -4.0000     14.0000       34.226218234152
            -3.0000     14.0000       -1.687799319505
            -2.0000     14.0000      -13.097008942710
            -1.0000     14.0000        3.007876748472
            -0.0000     14.0000       11.467825846569
             1.0000     14.0000       -5.653202583834
             2.0000     14.0000        7.525392384010
             3.0000     14.0000       11.272400371245
             4.0000     14.0000       -7.872650715371
             5.0000     14.0000       -3.021451046544
             6.0000     14.0000      -13.460466148743
             7.0000     14.0000      -14.050375558379
             8.0000     14.0000        6.226707320977
             9.0000     14.0000       13.820166114570
            10.0000     14.0000       13.906070413549
            11.0000     14.0000        3.130343960096
            12.0000     14.0000        5.307352759576
            13.0000     14.0000       -7.272460360425
            14.0000     14.0000      -18.029643364372
            15.0000     14.0000        7.727578396966
            16.0000     14.0000        1.670319055838
            17.0000     14.0000        1.232827732751
            18.0000     14.0000       -0.360461827882
            19.0000     14.0000        0.174660113023
            20.0000     14.0000        1.124999819192
            21.0000     14.0000       -1.673218825011
            22.0000     14.0000       19.155396334497
            23.0000     14.0000       20.436982504869
            24.0000     14.0000       20.578130703622
            25.0000     14.0000       23.642091831774
            26.0000     14.0000        5.989268330069
            27.0000     14.0000       -3.867742931470
            28.0000     14.0000        8.254647868396
            29.0000     14.0000        8.513675448012
            30.0000     14.0000        5.194729739503
            31.0000     14.0000        4.846449813536
            32.0000     14.0000       -8.285080660140
            33.0000     14.0000       -5.216969412680
            34.0000     14.0000       -2.039129218167
            35.0000     14.0000       -1.521680123167
            36.0000     14.0000      -10.438753317731
            37.0000     14.0000       -1.085519454614
            38.0000     14.0000       -1.124127464416
            39.0000     14.0000       47.362430234445
            40.0000     14.0000       13.328248590238
            41.0000     14.0000       19.154760228137
            42.0000     14.0000       -0.046985987674
            43.0000     14.0000      -18.828136451552
            44.0000     14.0000       47.715380174684
            45.0000     14.0000       51.161109981672
            46.0000     14.0000       65.928281920877
            47.0000     14.0000       13.409369917437
            48.0000     14.0000       -4.039919282317
            49.0000     14.0000        4.124505985603
            50.0000     14.0000       -2.577623538508
            51.0000     14.0000        2.560361478918
            52.0000     14.0000       -7.067892570375
            53.0000     14.0000       25.903393772959
            54.0000     14.0000        6.687284661218
            55.0000     14.0000       15.764697202647
           -95.0000     13.0000       13.433892454359
           -94.0000     13.0000       42.226299791913
           -93.0000     13.0000       12.396004769637
           -92.0000     13.0000      -59.243009999718
           -91.0000     13.0000      -31.026087057438
           -90.0000     13.0000      -29.970056027707
           -89.0000     13.0000        8.330797473456
           -88.0000     13.0000      -25.740351625190
           -87.0000     13.0000       35.654143290523
           -86.0000     13.0000       63.613973739861
           -85.0000     13.0000       34.926681142877
           -84.0000     13.0000       29.804661289354
           -83.0000     13.0000       35.302754451684
           -82.0000     13.0000       15.571819942248
           -81.0000     13.0000       10.209169286806
           -80.0000     13.0000       15.140816740036
           -79.0000     13.0000        1.882473125956
           -78.0000     13.0000        5.084824755600
           -77.0000     13.0000       26.676025405281
           -76.0000     13.0000       10.094482478777
           -75.0000     13.0000      -16.267619347466
           -74.0000     13.0000      -54.700872604773
           -73.0000     13.0000      -82.000893288497
           -72.0000     13.0000      -94.038115088216
           -71.0000     13.0000      -33.553671308862
           -70.0000     13.0000      -54.897843260784
           -69.0000     13.0000     -102.637768966620
           -68.0000     13.0000     -137.395299561511
           -67.0000     13.0000     -141.725650744572
           -66.0000     13.0000     -115.073767019436
           -65.0000     13.0000      -23.397147776728
           -64.0000     13.0000       -5.560015753128
           -63.0000     13.0000      -17.062473514278
           -62.0000     13.0000      -73.115405417729
           -61.0000     13.0000       48.739466568850
           -60.0000     13.0000      -93.513268314680
           -59.0000     13.0000      -47.001562290794
           -58.0000     13.0000       -6.241240096807
           -57.0000     13.0000      -57.655947599966
           -56.0000     13.0000      -35.769125614126
           -55.0000     13.0000      -21.902456550264
           -54.0000     13.0000      -28.620046143883
           -53.0000     13.0000      -33.556580653023
           -52.0000     13.0000      -39.316959756241
           -51.0000     13.0000      -40.625631087613
           -50.0000     13.0000      -43.578257807719
           -49.0000     13.0000      -45.180626986418
           -48.0000     13.0000      -38.632031049759
           -47.0000     13.0000      -30.979479214462
           -46.0000     13.0000      -27.286153608361
           -45.0000     13.0000        1.272515946070
           -44.0000     13.0000      -14.182081530737
           -43.0000     13.0000      -18.850654443635
           -42.0000     13.0000      -22.800308715394
           -41.0000     13.0000      -19.910150951343
           -40.0000     13.0000      -18.015668292650
           -39.0000     13.0000      -18.247500812944
           -38.0000     13.0000      -25.051440958797
           -37.0000     13.0000      -30.812380090617
           -36.0000     13.0000      -26.806817966296
           -35.0000     13.0000      -23.840162988493
           -34.0000     13.0000      -24.604769265947
           -33.0000     13.0000      -20.419133403498
           -32.0000     13.0000       -6.717486604426
           -31.0000     13.0000       -3.002133411651
           -30.0000     13.0000       -5.812957285477
           -29.0000     13.0000        2.445516693465
           -28.0000     13.0000       -4.017330410570
           -27.0000     13.0000        1.551882558463
           -26.0000     13.0000        4.679776434209
           -25.0000     13.0000       -1.862660095371
           -24.0000     13.0000        8.203491165089
           -23.0000     13.0000       -1.537423868245
           -22.0000     13.0000      -13.326813037699
           -21.0000     13.0000        0.989314551040
           -20.0000     13.0000        5.260050104047
           -19.0000     13.0000        5.243968693579
           -18.0000     13.0000      -27.392131997078
           -17.0000     13.0000       57.024885684205
           -16.0000     13.0000       24.905990457729
           -15.0000     13.0000       46.548019450731
           -14.0000     13.0000       20.799482350796
           -13.0000     13.0000       11.743626193684
           -12.0000     13.0000       13.396956344768
           -11.0000     13.0000        7.129604257787
           -10.0000     13.0000       31.378912137525
            -9.0000     13.0000       34.747305165566
            -8.0000     13.0000       24.555324445706
            -7.0000     13.0000       12.458747203192
            -6.0000     13.0000       12.102567208949
            -5.0000     13.0000        8.406528685524
            -4.0000     13.0000       21.266292328257
            -3.0000     13.0000        6.404030826062
            -2.0000     13.0000       17.430038624195
            -1.0000     13.0000       26.824425656293
            -0.0000     13.0000       21.871744181793
             1.0000     13.0000       13.711445939130
             2.0000     13.0000        6.807285472524
             3.0000     13.0000        6.365663270236
             4.0000     13.0000       -1.882436180568
             5.0000     13.0000      -10.311478221967
             6.0000     13.0000       -9.201459621321
             7.0000     13.0000       -3.711758745205
             8.0000     13.0000       11.417681225936
             9.0000     13.0000       20.943482027705
            10.0000     13.0000       -1.459370082976
            11.0000     13.0000       12.586844315778
            12.0000     13.0000       24.868239830946
            13.0000     13.0000       -3.809147063569
            14.0000     13.0000       -6.507962708032
            15.0000     13.0000        8.048972933709
            16.0000     13.0000       -1.034013604099
            17.0000     13.0000        2.910620578988
            18.0000     13.0000        6.254527806193
            19.0000     13.0000       -2.033281348077
            20.0000     13.0000      -12.558134327335
            21.0000     13.0000       -6.054388076281
            22.0000     13.0000        8.446217627614
            23.0000     13.0000        5.935853243883
            24.0000     13.0000       39.866054353524
            25.0000     13.0000       14.932478214984
            26.0000     13.0000       -3.812629330018
            27.0000     13.0000       -0.525182131655
            28.0000     13.0000       -0.861235575357
            29.0000     13.0000       15.874614722613
            30.0000     13.0000        6.729216905685
            31.0000     13.0000       -4.537940564012
            32.0000     13.0000        2.403935891911
            33.0000     13.0000        5.072941664491
            34.0000     13.0000      -12.962958316250
            35.0000     13.0000        3.827479160183
            36.0000     13.0000       -5.740441600154
            37.0000     13.0000       -1.915313096985
            38.0000     13.0000       50.228760182043
            39.0000     13.0000        0.762670781595
            40.0000     13.0000       20.473696063516
            41.0000     13.0000       -2.022650983580
            42.0000     13.0000        5.834298795651
            43.0000     13.0000       -7.131604903008
            44.0000     13.0000       16.453727377527
            45.0000     13.0000      -11.909193014104
            46.0000     13.0000      -23.100428901822
            47.0000     13.0000      -10.564730701236
            48.0000     13.0000       -7.640200233823
            49.0000     13.0000       -1.377432500987
            50.0000     13.0000        5.823408161563
            51.0000     13.0000        5.481794300090
            52.0000     13.0000        0.853170090739
            53.0000     13.0000      -13.269393157325
            54.0000     13.0000        5.884522274977
            55.0000     13.0000      -22.197810160533
           -95.0000     12.0000       21.701859591308
           -94.0000     12.0000        9.061917843048
           -93.0000     12.0000       21.718002907922
           -92.0000     12.0000       53.007674614356
           -91.0000     12.0000       24.685550442932
           -90.0000     12.0000      -17.142620504995
           -89.0000     12.0000      -42.567127160944
           -88.0000     12.0000      -43.941498105064
           -87.0000     12.0000      -18.517832701008
           -86.0000     12.0000       23.714478414276
           -85.0000     12.0000       47.806462324342
           -84.0000     12.0000       36.638905293112
           -83.0000     12.0000       27.131140011968
           -82.0000     12.0000       27.239638377298
           -81.0000     12.0000       42.493443216206
           -80.0000     12.0000       20.114577276417
           -79.0000     12.0000       32.576161386196
           -78.0000     12.0000        8.480869186219
           -77.0000     12.0000       26.475735911264
           -76.0000     12.0000       -4.803192848423
           -75.0000     12.0000      -74.783679640721
           -74.0000     12.0000     -141.136615809155
           -73.0000     12.0000      -77.648652758934
           -72.0000     12.0000       65.638425068876
           -71.0000     12.0000      -18.378322277892
           -70.0000     12.0000      -21.770558158108
           -69.0000     12.0000        9.469439239632
           -68.0000     12.0000       43.768813382927
           -67.0000     12.0000       14.518434567696
           -66.0000     12.0000      -49.363284143024
           -65.0000     12.0000      -78.949319835607
           -64.0000     12.0000       31.644180760186
           -63.0000     12.0000      -69.794521110171
           -62.0000     12.0000       -9.257973344247
           -61.0000     12.0000      -35.345789785129
           -60.0000     12.0000     -120.683344059357
           -59.0000     12.0000      -92.940846760911
           -58.0000     12.0000      -10.362763134666
           -57.0000     12.0000      -73.410457722151
           -56.0000     12.0000      -42.575729927479
           -55.0000     12.0000      -40.175322895160
           -54.0000     12.0000      -41.077979706110
           -53.0000     12.0000      -41.039697590530
           -52.0000     12.0000      -36.189853912529
           -51.0000     12.0000      -46.791224951826
           -50.0000     12.0000      -51.226919607326
           -49.0000     12.0000      -50.720519778551
           -48.0000     12.0000      -45.258256433868
           -47.0000     12.0000      -27.541307961049
           -46.0000     12.0000      -16.974672303620
           -45.0000     12.0000      -16.619530409299
           -44.0000     12.0000       -8.976998282277
           -43.0000     12.0000       -8.374957388910
           -42.0000     12.0000      -17.295590448395
           -41.0000     12.0000      -21.585150202832
           -40.0000     12.0000      -25.612365708498
           -39.0000     12.0000      -15.549029368010
           -38.0000     12.0000      -18.158456121110
           -37.0000     12.0000      -21.034262717967
           -36.0000     12.0000      -20.862970012198
           -35.0000     12.0000      -24.229572949778
           -34.0000     12.0000      -15.561845689179
           -33.0000     12.0000      -10.013249335578
           -32.0000     12.0000      -19.253329939740
           -31.0000     12.0000      -10.434329931629
           -30.0000     12.0000       -1.150294375876
           -29.0000     12.0000       -9.608275037649
           -28.0000     12.0000        2.534158442658
           -27.0000     12.0000        3.240179459893
           -26.0000     12.0000        7.504351442054
           -25.0000     12.0000       12.958341720631
           -24.0000     12.0000        1.930641194986
           -23.0000     12.0000       -0.181191866342
           -22.0000     12.0000        4.979788690742
           -21.0000     12.0000        4.577046892655
           -20.0000     12.0000       -2.100770549468
           -19.0000     12.0000        4.663935034613
           -18.0000     12.0000      -15.284889900586
           -17.0000     12.0000       40.127036884075
           -16.0000     12.0000        9.036322579538
           -15.0000     12.0000       17.923925960779
           -14.0000     12.0000       19.302438191030
           -13.0000     12.0000       -1.032442720558
           -12.0000     12.0000       42.253970758983
           -11.0000     12.0000       38.977008727023
           -10.0000     12.0000       30.339705872009
            -9.0000     12.0000       26.790864496014
            -8.0000     12.0000       21.484943064392
            -7.0000     12.0000        5.533494308782
            -6.0000     12.0000       23.959127880059
            -5.0000     12.0000       12.068611448993
            -4.0000     12.0000       25.052241305866
            -3.0000     12.0000       16.183701074790
            -2.0000     12.0000       17.173196527772
            -1.0000     12.0000       15.939380490988
            -0.0000     12.0000        9.218278718181
             1.0000     12.0000        8.939861316233
             2.0000     12.0000        0.172026602360
             3.0000     12.0000       16.852736714038
             4.0000     12.0000      -12.839283184295
             5.0000     12.0000      -14.661259765311
             6.0000     12.0000       12.332767315583
             7.0000     12.0000        4.603011430031
             8.0000     12.0000       25.031962832471
             9.0000     12.0000        6.181589771036
            10.0000     12.0000       21.988144642980
            11.0000     12.0000       12.977140039689
            12.0000     12.0000       10.863167435535
            13.0000     12.0000       -0.062955575237
            14.0000     12.0000        9.379480388933
            15.0000     12.0000        0.454600070132
            16.0000     12.0000        7.250353784462
            17.0000     12.0000        7.041572360620
            18.0000     12.0000       -8.183845449709
            19.0000     12.0000        9.839322594212
            20.0000     12.0000       -9.375419422293
            21.0000     12.0000        8.185328728446
            22.0000     12.0000       -4.743924969045
            23.0000     12.0000        1.109810748618
            24.0000     12.0000        0.434684007356
            25.0000     12.0000        0.238869600204
            26.0000     12.0000        2.971373195496
            27.0000     12.0000       -6.754680409411
            28.0000     12.0000        7.744153927474
            29.0000     12.0000        9.209929733529
            30.0000     12.0000        4.764100893284
            31.0000     12.0000        8.396720716561
            32.0000     12.0000       -5.723757477207
            33.0000     12.0000       -0.153351764017
            34.0000     12.0000        1.370239708958
            35.0000     12.0000       -4.501492624308
            36.0000     12.0000      -16.952790787827
            37.0000     12.0000       14.435702937668
            38.0000     12.0000       14.858347684376
            39.0000     12.0000       47.561708312582
            40.0000     12.0000       -0.651501326392
            41.0000     12.0000       12.417579186938
            42.0000     12.0000       15.977967597799
            43.0000     12.0000        4.424488237638
            44.0000     12.0000       -8.223985535935
            45.0000     12.0000       -1.548889684820
            46.0000     12.0000       -3.171564604593
            47.0000     12.0000       -0.101237597402
            48.0000     12.0000       -8.008857146058
            49.0000     12.0000      -20.484697510772
            50.0000     12.0000      -12.522890684557
            51.0000     12.0000       13.768318410736
            52.0000     12.0000       -6.575733604849
            53.0000     12.0000       23.050789765400
            54.0000     12.0000       -2.859527677950
            55.0000     12.0000      -13.000620388923
           -95.0000     11.0000        5.968599240288
           -94.0000     11.0000       13.203762845023
           -93.0000     11.0000       20.545633979934
           -92.0000     11.0000       12.907175260014
           -91.0000     11.0000       20.512869283978
           -90.0000     11.0000       40.524413683014
           -89.0000     11.0000       65.256814433687
           -88.0000     11.0000       10.571644902013
           -87.0000     11.0000      -69.639997464353
           -86.0000     11.0000       46.357762319032
           -85.0000     11.0000       20.057708417291
           -84.0000     11.0000       41.188826240053
           -83.0000     11.0000        3.837958213622
           -82.0000     11.0000       -7.572399229878
           -81.0000     11.0000      -11.771262862288
           -80.0000     11.0000       -9.380941814400
           -79.0000     11.0000       -2.456472370912
           -78.0000     11.0000       -6.818446699275
           -77.0000     11.0000      -22.806562544552
           -76.0000     11.0000      -34.513391129433
           -75.0000     11.0000      -29.004415341075
           -74.0000     11.0000      247.303101070598
           -73.0000     11.0000      127.036334067643
           -72.0000     11.0000      -16.634139714438
           -71.0000     11.0000      -37.447056563742
           -70.0000     11.0000       21.537918171309
           -69.0000     11.0000       25.049946047039
           -68.0000     11.0000      -39.702408829295
           -67.0000     11.0000      -25.500270636582
           -66.0000     11.0000       13.603287595718
           -65.0000     11.0000      -32.460906982374
           -64.0000     11.0000       22.933659302146
           -63.0000     11.0000       47.330954988354
           -62.0000     11.0000      -18.743793870764
           -61.0000     11.0000      -24.582570678834
           -60.0000     11.0000      -94.835825687979
           -59.0000     11.0000      -47.835702246013
           -58.0000     11.0000      -40.438020834363
           -57.0000     11.0000      -68.434272860829
           -56.0000     11.0000      -67.120172922646
           -55.0000     11.0000      -50.794750182261
           -54.0000     11.0000      -41.294526260816
           -53.0000     11.0000      -56.211547005665
           -52.0000     11.0000      -55.193164847933
           -51.0000     11.0000      -40.865232426165
           -50.0000     11.0000      -50.682525683040
           -49.0000     11.0000      -38.600322347631
           -48.0000     11.0000      -44.387749597337
           -47.0000     11.0000      -56.249306054984
           -46.0000     11.0000      -53.037984629848
           -45.0000     11.0000      -26.983309259619
           -44.0000     11.0000      -20.509760486840
           -43.0000     11.0000      -20.013323783254
           -42.0000     11.0000      -16.212613450247
           -41.0000     11.0000      -23.110976156050
           -40.0000     11.0000      -24.982503914227
           -39.0000     11.0000      -27.580013236540
           -38.0000     11.0000      -26.138585663608
           -37.0000     11.0000      -20.000088186508
           -36.0000     11.0000      -23.144162818752
           -35.0000     11.0000      -15.120817719176
           -34.0000     11.0000      -18.544091101717
           -33.0000     11.0000      -18.422737111605
           -32.0000     11.0000      -21.983532118174
           -31.0000     11.0000      -13.627701970364
           -30.0000     11.0000      -22.684846053270
           -29.0000     11.0000      -11.582942307367
           -28.0000     11.0000       -7.648901430404
           -27.0000     11.0000       -9.959659278316
           -26.0000     11.0000       -9.971408615654
           -25.0000     11.0000       -4.944529070109
           -24.0000     11.0000       11.651188635583
           -23.0000     11.0000        2.427151867564
           -22.0000     11.0000       -1.565093420247
           -21.0000     11.0000       -3.345121901038
           -20.0000     11.0000      -11.379166571714
           -19.0000     11.0000       -6.232209719332
           -18.0000     11.0000      -37.965865397064
           -17.0000     11.0000       39.801620529788
           -16.0000     11.0000       30.398829263050
           -15.0000     11.0000       12.345156877209
           -14.0000     11.0000       28.624606245970
           -13.0000     11.0000       38.719208642001
           -12.0000     11.0000       84.963711172838
           -11.0000     11.0000       29.316052721205
           -10.0000     11.0000       19.230960028851
            -9.0000     11.0000       23.179659966791
            -8.0000     11.0000       21.215265955687
            -7.0000     11.0000       -0.499541084828
            -6.0000     11.0000        7.652983203129
            -5.0000     11.0000       33.476061985970
            -4.0000     11.0000       13.901298071478
            -3.0000     11.0000        3.991164402473
            -2.0000     11.0000        6.567188293373
            -1.0000     11.0000        1.512421229125
            -0.0000     11.0000        9.150076036680
             1.0000     11.0000        5.452391453777
             2.0000     11.0000      -14.105185693500
             3.0000     11.0000       21.791605106283
             4.0000     11.0000      -13.517629764542
             5.0000     11.0000       -0.323449127425
             6.0000     11.0000       25.104126567226
             7.0000     11.0000       40.732747730893
             8.0000     11.0000        8.858523042461
             9.0000     11.0000       28.875686245000
            10.0000     11.0000       29.404193363341
            11.0000     11.0000       -5.023479063889
            12.0000     11.0000       10.091428234372
            13.0000     11.0000       18.199253618140
            14.0000     11.0000        6.328230783426
            15.0000     11.0000        5.278469820957
            16.0000     11.0000        6.158203851273
            17.0000     11.0000       16.596922889654
            18.0000     11.0000       -0.199554234801
            19.0000     11.0000       -2.892306799621
            20.0000     11.0000        1.213351435558
            21.0000     11.0000        1.945815634955
            22.0000     11.0000       -4.018688814977
            23.0000     11.0000      -11.391677539157
            24.0000     11.0000        5.986280457123
            25.0000     11.0000       -8.919280936690
            26.0000     11.0000      -14.416870892865
            27.0000     11.0000      -27.265127884709
            28.0000     11.0000      -22.790693162709
            29.0000     11.0000       -2.908671531729
            30.0000     11.0000       20.478976724854
            31.0000     11.0000        4.971044699572
            32.0000     11.0000       -6.363572673731
            33.0000     11.0000       -9.566021338613
            34.0000     11.0000        9.649882998032
            35.0000     11.0000       -9.660375308120
            36.0000     11.0000       13.518119455080
            37.0000     11.0000       33.496072927796
            38.0000     11.0000       45.827176393572
            39.0000     11.0000       36.873267327752
            40.0000     11.0000       13.878997305203
            41.0000     11.0000        3.286156883017
            42.0000     11.0000        8.350635762050
            43.0000     11.0000       10.574779808975
            44.0000     11.0000       -7.347523021745
            45.0000     11.0000      -18.842643800420
            46.0000     11.0000      -21.325389997348
            47.0000     11.0000        4.203104553748
            48.0000     11.0000       34.572768941351
            49.0000     11.0000       17.418140369891
            50.0000     11.0000       62.218141392242
            51.0000     11.0000       10.153169083870
            52.0000     11.0000      -51.363123837434
            53.0000     11.0000      -51.336082146326
            54.0000     11.0000      -74.275603699067
            55.0000     11.0000      -31.526197395492
           -95.0000     10.0000        9.552506160627
           -94.0000     10.0000       16.087331067016
           -93.0000     10.0000       12.123972531721
           -92.0000     10.0000       14.533199897645
           -91.0000     10.0000       22.545387633586
           -90.0000     10.0000       16.008229348878
           -89.0000     10.0000        9.765553601597
           -88.0000     10.0000       47.090333862127
           -87.0000     10.0000        7.269767986199
           -86.0000     10.0000       18.391753526724
           -85.0000     10.0000       86.182556622140
           -84.0000     10.0000      122.156397025840
           -83.0000     10.0000       34.698255869546
           -82.0000     10.0000      -12.790661749530
           -81.0000     10.0000      -48.110089790506
           -80.0000     10.0000      -55.136409872452
           -79.0000     10.0000      -39.178089825076
           -78.0000     10.0000      -50.700396208229
           -77.0000     10.0000      -45.736942533415
           -76.0000     10.0000        8.861629108379
           -75.0000     10.0000      -19.988347301256
           -74.0000     10.0000      -42.193552398275
           -73.0000     10.0000       89.589710180086
           -72.0000     10.0000      -37.393367434067
           -71.0000     10.0000      -75.103460528622
           -70.0000     10.0000       62.602077511903
           -69.0000     10.0000       15.449358164336
           -68.0000     10.0000       14.670964616101
           -67.0000     10.0000       65.802612244856
           -66.0000     10.0000      -10.179258226986
           -65.0000     10.0000      -36.021344496788
           -64.0000     10.0000      -28.172944054498
           -63.0000     10.0000     -142.568818969074
           -62.0000     10.0000     -177.268411086304
           -61.0000     10.0000     -100.321182502691
           -60.0000     10.0000      -69.305194294486
           -59.0000     10.0000      -42.416897164304
           -58.0000     10.0000      -21.430953806202
           -57.0000     10.0000      -62.047966834837
           -56.0000     10.0000      -76.237757021055
           -55.0000     10.0000      -45.814676447301
           -54.0000     10.0000      -54.651244217534
           -53.0000     10.0000      -46.404706553262
           -52.0000     10.0000      -59.274108137314
           -51.0000     10.0000      -59.064315374720
           -50.0000     10.0000      -47.928481671271
           -49.0000     10.0000      -49.283295035352
           -48.0000     10.0000      -41.464733510668
           -47.0000     10.0000      -38.644499795709
           -46.0000     10.0000      -42.298441524348
           -45.0000     10.0000      -39.903902309888
           -44.0000     10.0000      -24.585897578005
           -43.0000     10.0000      -20.036518611670
           -42.0000     10.0000      -10.326710963609
           -41.0000     10.0000       14.369471397281
           -40.0000     10.0000        8.444718676595
           -39.0000     10.0000       -1.727838301046
           -38.0000     10.0000       -1.720105117821
           -37.0000     10.0000       -0.072288798097
           -36.0000     10.0000       -7.219156426755
           -35.0000     10.0000       -9.174779260826
           -34.0000     10.0000       -3.408126923838
           -33.0000     10.0000      -13.121840983144
           -32.0000     10.0000        4.671412354942
           -31.0000     10.0000       -6.126810305402
           -30.0000     10.0000       -2.134668732550
           -29.0000     10.0000        0.503870516589
           -28.0000     10.0000       -7.013260370560
           -27.0000     10.0000       -0.762373695157
           -26.0000     10.0000        3.864364441135
           -25.0000     10.0000       -4.050528437170
           -24.0000     10.0000       -9.107448662127
           -23.0000     10.0000        5.511857893839
           -22.0000     10.0000       -5.282270920041
           -21.0000     10.0000      -25.076980337550
           -20.0000     10.0000      -22.686137409872
           -19.0000     10.0000       -0.733186609045
           -18.0000     10.0000       -9.662533121044
           -17.0000     10.0000       41.320630521544
           -16.0000     10.0000       56.533245403982
           -15.0000     10.0000       54.274984955023
           -14.0000     10.0000       27.271100235864
           -13.0000     10.0000       47.962775184640
           -12.0000     10.0000       21.159222901071
           -11.0000     10.0000       35.734868860783
           -10.0000     10.0000       26.727125205119
            -9.0000     10.0000       17.981146251979
            -8.0000     10.0000       24.107265438460
            -7.0000     10.0000       16.321020349205
            -6.0000     10.0000       10.398084482202
            -5.0000     10.0000       12.742351488338
            -4.0000     10.0000        2.128091630862
            -3.0000     10.0000       10.973148876497
            -2.0000     10.0000       15.002002803628
            -1.0000     10.0000       -9.688835485820
            -0.0000     10.0000        9.110731082390
             1.0000     10.0000      -27.240247195437
             2.0000     10.0000       27.540030450718
             3.0000     10.0000       19.289298141765
             4.0000     10.0000        4.477983174266
             5.0000     10.0000       21.712415325750
             6.0000     10.0000        3.118934917411
             7.0000     10.0000       14.328350816414
             8.0000     10.0000       33.586382925554
             9.0000     10.0000       56.145411516744
            10.0000     10.0000       28.509333245332
            11.0000     10.0000        5.201868470081
            12.0000     10.0000       20.845914457346
            13.0000     10.0000       18.009796873755
            14.0000     10.0000       13.248744216995
            15.0000     10.0000        4.439475812479
            16.0000     10.0000       10.705329768359
            17.0000     10.0000       -0.879321910559
            18.0000     10.0000        0.108893593239
            19.0000     10.0000        4.559465987747
            20.0000     10.0000      -11.966121367660
            21.0000     10.0000      -24.361930121954
            22.0000     10.0000      -29.800719689592
            23.0000     10.0000      -17.149117635267
            24.0000     10.0000      -10.129472419139
            25.0000     10.0000        1.580233674061
            26.0000     10.0000       -8.497618728249
            27.0000     10.0000       -5.509921681901
            28.0000     10.0000      -10.300112628291
            29.0000     10.0000      -26.470620940901
            30.0000     10.0000       -5.666922824480
            31.0000     10.0000       -6.614941996801
            32.0000     10.0000        2.455794483861
            33.0000     10.0000      -21.773663861898
            34.0000     10.0000       -4.599265021667
            35.0000     10.0000       13.972480902599
            36.0000     10.0000      -10.202266778372
            37.0000     10.0000       -2.841681550097
            38.0000     10.0000      -11.828994691264
            39.0000     10.0000        7.938448322327
            40.0000     10.0000        4.967801619380
            41.0000     10.0000       -7.272651888786
            42.0000     10.0000        3.014578707221
            43.0000     10.0000       24.855183013566
            44.0000     10.0000       -1.521191103661
            45.0000     10.0000       12.584562098594
            46.0000     10.0000       23.520978464660
            47.0000     10.0000       19.873646654971
            48.0000     10.0000       13.683852542558
            49.0000     10.0000       11.942225293637
            50.0000     10.0000       -7.309291845010
            51.0000     10.0000        7.413147723451
            52.0000     10.0000      -48.889301343085
            53.0000     10.0000      -51.979116711174
            54.0000     10.0000      -46.723857452908
            55.0000     10.0000      -49.187144402329
           -95.0000      9.0000       12.271102478830
           -94.0000      9.0000       14.056134748780
           -93.0000      9.0000       10.177606856893
           -92.0000      9.0000       14.453185403065
           -91.0000      9.0000       16.323687298021
           -90.0000      9.0000       11.651521860742
           -89.0000      9.0000       25.022452587002
           -88.0000      9.0000       17.616281333521
           -87.0000      9.0000       45.026962513824
           -86.0000      9.0000       10.667555930712
           -85.0000      9.0000      -32.328496455097
           -84.0000      9.0000       11.864521937538
           -83.0000      9.0000      127.991691092879
           -82.0000      9.0000       65.243182168279
           -81.0000      9.0000       24.444883479033
           -80.0000      9.0000       93.766455597786
           -79.0000      9.0000      130.719701510877
           -78.0000      9.0000       89.274194469443
           -77.0000      9.0000      -39.252817872302
           -76.0000      9.0000       32.402698987737
           -75.0000      9.0000      -47.796954857935
           -74.0000      9.0000        1.045140502730
           -73.0000      9.0000       32.818042692570
           -72.0000      9.0000     -156.596193958911
           -71.0000      9.0000       89.128516553306
           -70.0000      9.0000       39.817848652796
           -69.0000      9.0000      -15.047630795144
           -68.0000      9.0000       23.450295655703
           -67.0000      9.0000       15.064507848658
           -66.0000      9.0000       16.048907989059
           -65.0000      9.0000      -16.168816208494
           -64.0000      9.0000      -56.133768092099
           -63.0000      9.0000      -56.066998756019
           -62.0000      9.0000      -41.759546398739
           -61.0000      9.0000       -5.816320773026
           -60.0000      9.0000       15.812865539052
           -59.0000      9.0000      -18.168361854478
           -58.0000      9.0000      -75.602121965453
           -57.0000      9.0000      -36.966356737263
           -56.0000      9.0000      -56.333859130777
           -55.0000      9.0000      -88.513077039333
           -54.0000      9.0000      -37.592468484505
           -53.0000      9.0000      -72.000165992169
           -52.0000      9.0000      -51.084688675451
           -51.0000      9.0000      -47.264905910727
           -50.0000      9.0000      -43.320758679898
           -49.0000      9.0000      -42.555004473770
           -48.0000      9.0000      -43.548350246817
           -47.0000      9.0000      -27.066312748415
           -46.0000      9.0000      -37.677179990681
           -45.0000      9.0000      -39.624356799534
           -44.0000      9.0000      -28.401561596796
           -43.0000      9.0000      -17.582126557991
           -42.0000      9.0000      -11.186016963553
           -41.0000      9.0000       -1.895893849809
           -40.0000      9.0000        9.465876147901
           -39.0000      9.0000       -5.051792975564
           -38.0000      9.0000      -13.069938189852
           -37.0000      9.0000       -1.847009247748
           -36.0000      9.0000       -2.095501615829
           -35.0000      9.0000       -9.186865023403
           -34.0000      9.0000       -2.817674359444
           -33.0000      9.0000       -1.943489337072
           -32.0000      9.0000       -4.365779857860
           -31.0000      9.0000       -1.054372492825
           -30.0000      9.0000      -11.017169615774
           -29.0000      9.0000       -4.085489454354
           -28.0000      9.0000       -2.597692795947
           -27.0000      9.0000       -2.226156254217
           -26.0000      9.0000       10.537691886124
           -25.0000      9.0000        7.726721115324
           -24.0000      9.0000        6.790696605117
           -23.0000      9.0000        3.938986278084
           -22.0000      9.0000       16.905692064920
           -21.0000      9.0000       23.399714475741
           -20.0000      9.0000       42.071137996136
           -19.0000      9.0000       -6.637118095488
           -18.0000      9.0000       11.260164891318
           -17.0000      9.0000        1.361823895720
           -16.0000      9.0000       11.427937163685
           -15.0000      9.0000       35.331639827994
           -14.0000      9.0000       58.124289773427
           -13.0000      9.0000       45.453223256210
           -12.0000      9.0000      -15.660201874013
           -11.0000      9.0000       37.161102262361
           -10.0000      9.0000       44.949946083239
            -9.0000      9.0000       66.894496856381
            -8.0000      9.0000       50.795507588991
            -7.0000      9.0000        8.864109483799
            -6.0000      9.0000       22.028076043725
            -5.0000      9.0000       21.876073748339
            -4.0000      9.0000        1.729540131976
            -3.0000      9.0000       27.678820082874
            -2.0000      9.0000        6.425804645838
            -1.0000      9.0000       10.159850247953
            -0.0000      9.0000        4.119107139291
             1.0000      9.0000        0.353375880558
             2.0000      9.0000       23.995835566360
             3.0000      9.0000       24.209861789822
             4.0000      9.0000       24.422819008035
             5.0000      9.0000        7.271035220755
             6.0000      9.0000       12.228148398261
             7.0000      9.0000       29.386095798969
             8.0000      9.0000       12.766036136325
             9.0000      9.0000       32.797295261511
            10.0000      9.0000        2.575747933701
            11.0000      9.0000        7.096897478246
            12.0000      9.0000       20.648599486350
            13.0000      9.0000        7.306953568131
            14.0000      9.0000       -2.724488487958
            15.0000      9.0000       18.106029028649
            16.0000      9.0000      -13.845633350396
            17.0000      9.0000      -26.419835379563
            18.0000      9.0000      -15.065421830629
            19.0000      9.0000      -39.580570973394
            20.0000      9.0000      -25.545092791043
            21.0000      9.0000      -29.323443024828
            22.0000      9.0000      -17.638803860492
            23.0000      9.0000       12.579004548333
            24.0000      9.0000        4.280023868883
            25.0000      9.0000       -2.034824268694
            26.0000      9.0000        2.594762638457
            27.0000      9.0000      -17.945685083523
            28.0000      9.0000       -9.716296914739
            29.0000      9.0000      -15.634919729713
            30.0000      9.0000      -22.982858251610
            31.0000      9.0000        0.342347430861
            32.0000      9.0000       -7.286323500396
            33.0000      9.0000      -12.624499183464
            34.0000      9.0000      -12.415337721996
            35.0000      9.0000       37.965643487671
            36.0000      9.0000       -6.020543251097
            37.0000      9.0000       19.144414010572
            38.0000      9.0000       41.765584878529
            39.0000      9.0000       34.672439633767
            40.0000      9.0000       -7.577769485762
            41.0000      9.0000       43.103206431219
            42.0000      9.0000       12.434632374697
            43.0000      9.0000       24.141581288427
            44.0000      9.0000       18.473484829664
            45.0000      9.0000       -3.742566384144
            46.0000      9.0000        4.338992469909
            47.0000      9.0000      -16.485452490123
            48.0000      9.0000        3.109211699063
            49.0000      9.0000        1.775314567977
            50.0000      9.0000       15.145639047212
            51.0000      9.0000      -30.590783056209
            52.0000      9.0000      -72.714783122332
            53.0000      9.0000      -63.644762149297
            54.0000      9.0000      -40.840610962029
            55.0000      9.0000      -58.719753141601
           -95.0000      8.0000        6.543895881633
           -94.0000      8.0000        7.046028711384
           -93.0000      8.0000       11.473141493794
           -92.0000      8.0000       12.305434798553
           -91.0000      8.0000        6.460492321935
           -90.0000      8.0000       24.483059305267
           -89.0000      8.0000        6.511045847154
           -88.0000      8.0000       16.089448858920
           -87.0000      8.0000        8.403901674681
           -86.0000      8.0000       33.185386443131
           -85.0000      8.0000       36.165452102848
           -84.0000      8.0000       41.225349236904
           -83.0000      8.0000       16.707245936892
           -82.0000      8.0000       75.286616043603
           -81.0000      8.0000      104.348680209492
           -80.0000      8.0000       65.731992134988
           -79.0000      8.0000       61.076811719822
           -78.0000      8.0000      127.815817996711
           -77.0000      8.0000       50.633450174134
           -76.0000      8.0000       12.498195085782
           -75.0000      8.0000      -33.437089807315
           -74.0000      8.0000      -16.389543676395
           -73.0000      8.0000       74.328172051928
           -72.0000      8.0000       20.892538688397
           -71.0000      8.0000       48.117099057022
           -70.0000      8.0000      -55.215218177330
           -69.0000      8.0000       19.595124398862
           -68.0000      8.0000        8.120044768307
           -67.0000      8.0000        7.429613216152
           -66.0000      8.0000       11.500637639539
           -65.0000      8.0000        3.629453015294
           -64.0000      8.0000        2.609427569310
           -63.0000      8.0000       -2.153967080093
           -62.0000      8.0000        5.304392082203
           -61.0000      8.0000      -13.408013573627
           -60.0000      8.0000      -21.019444270938
           -59.0000      8.0000       -4.295063527800
           -58.0000      8.0000        7.815487054795
           -57.0000      8.0000      -18.671382662119
           -56.0000      8.0000      -28.911792124967
           -55.0000      8.0000      -40.988067141453
           -54.0000      8.0000      -12.529982449292
           -53.0000      8.0000      -14.979345730631
           -52.0000      8.0000      -84.320077728838
           -51.0000      8.0000      -62.137283387029
           -50.0000      8.0000      -53.424429037325
           -49.0000      8.0000      -62.645472895985
           -48.0000      8.0000      -60.005540972448
           -47.0000      8.0000      -40.806566516238
           -46.0000      8.0000      -29.408844573004
           -45.0000      8.0000      -31.393104129883
           -44.0000      8.0000      -21.791874536921
           -43.0000      8.0000      -48.586219024634
           -42.0000      8.0000      -41.703153564200
           -41.0000      8.0000      -20.880521678600
           -40.0000      8.0000      -20.481652166734
           -39.0000      8.0000       -1.369454948514
           -38.0000      8.0000        7.904270931294
           -37.0000      8.0000        0.678747243404
           -36.0000      8.0000        0.861436690889
           -35.0000      8.0000       -3.783260602184
           -34.0000      8.0000       -8.752289341374
           -33.0000      8.0000       -6.566685314075
           -32.0000      8.0000      -18.759485323618
           -31.0000      8.0000       -9.234671204076
           -30.0000      8.0000        7.163312189047
           -29.0000      8.0000        0.875713099496
           -28.0000      8.0000       -7.535247930602
           -27.0000      8.0000        2.008164749652
           -26.0000      8.0000        2.603792535166
           -25.0000      8.0000       -8.093868761781
           -24.0000      8.0000       -5.431119549072
           -23.0000      8.0000        9.761524812949
           -22.0000      8.0000       12.048519979616
           -21.0000      8.0000       28.608944698493
           -20.0000      8.0000       13.393327559148
           -19.0000      8.0000       10.400033878763
           -18.0000      8.0000        4.206868537516
           -17.0000      8.0000        7.737889319374
           -16.0000      8.0000        3.206961820100
           -15.0000      8.0000      -18.985892308177
           -14.0000      8.0000       76.794576383692
           -13.0000      8.0000       80.858232015719
           -12.0000      8.0000        5.649604903700
           -11.0000      8.0000       37.437775105050
           -10.0000      8.0000       62.010816538632
            -9.0000      8.0000       62.958876826192
            -8.0000      8.0000       62.814626828863
            -7.0000      8.0000       23.897209956230
            -6.0000      8.0000       31.153344917870
            -5.0000      8.0000       20.016225707064
            -4.0000      8.0000       13.361498748175
            -3.0000      8.0000       25.690869181796
            -2.0000      8.0000       21.889998795468
            -1.0000      8.0000       12.867972799332
            -0.0000      8.0000       34.141157002353
             1.0000      8.0000       12.681538768449
             2.0000      8.0000       37.532835903740
             3.0000      8.0000       37.295750402926
             4.0000      8.0000       35.174999064221
             5.0000      8.0000       57.067494272338
             6.0000      8.0000       42.773460326308
             7.0000      8.0000       30.183058509979
             8.0000      8.0000        0.643790289449
             9.0000      8.0000       10.061891788937
            10.0000      8.0000       18.018060061220
            11.0000      8.0000        3.856549929895
            12.0000      8.0000       11.850392890732
            13.0000      8.0000        5.584601549949
            14.0000      8.0000       19.408233815939
            15.0000      8.0000       11.862479566374
            16.0000      8.0000        5.948213770601
            17.0000      8.0000       -8.218119892461
            18.0000      8.0000       -0.246305398175
            19.0000      8.0000       16.273799509138
            20.0000      8.0000       -0.533893950304
            21.0000      8.0000        9.798358123243
            22.0000      8.0000        1.207574889968
            23.0000      8.0000        5.947707821396
            24.0000      8.0000      -14.104041007897
            25.0000      8.0000        1.205617513725
            26.0000      8.0000       -1.503550208519
            27.0000      8.0000        6.609459424916
            28.0000      8.0000      -18.947311485682
            29.0000      8.0000       -8.352362861957
            30.0000      8.0000      -19.715702564023
            31.0000      8.0000      -14.893185488329
            32.0000      8.0000       -6.169737223412
            33.0000      8.0000      -13.157889346830
            34.0000      8.0000      -26.710347260739
            35.0000      8.0000        4.700883031765
            36.0000      8.0000       46.476091907394
            37.0000      8.0000        2.254522128836
            38.0000      8.0000       30.724625926630
            39.0000      8.0000        1.886800668231
            40.0000      8.0000       21.003205764666
            41.0000      8.0000      -21.207405934336
            42.0000      8.0000      -18.697586897182
            43.0000      8.0000      -16.368007121497
            44.0000      8.0000       19.549134491865
            45.0000      8.0000       -2.093100267357
            46.0000      8.0000      -16.603051881468
            47.0000      8.0000        6.414553576820
            48.0000      8.0000        7.913782375211
            49.0000      8.0000       16.908181868570
            50.0000      8.0000       13.824553479297
            51.0000      8.0000      -69.206087515198
            52.0000      8.0000      -64.667979857787
            53.0000      8.0000      -55.450611007665
            54.0000      8.0000      -38.874519636706
            55.0000      8.0000      -74.310733324964
           -95.0000      7.0000        3.708447593806
           -94.0000      7.0000        7.352684484137
           -93.0000      7.0000        5.560753629370
           -92.0000      7.0000        2.291784257382
           -91.0000      7.0000        7.026947545475
           -90.0000      7.0000        5.257622782960
           -89.0000      7.0000        9.512939413253
           -88.0000      7.0000       10.208872358946
           -87.0000      7.0000       20.515548166619
           -86.0000      7.0000       12.939570207034
           -85.0000      7.0000       34.181155092632
           -84.0000      7.0000       37.841213356088
           -83.0000      7.0000       16.865671499553
           -82.0000      7.0000       15.032535441213
           -81.0000      7.0000        6.098998181630
           -80.0000      7.0000       -1.561334272449
           -79.0000      7.0000      -11.625807973635
           -78.0000      7.0000       24.536425258672
           -77.0000      7.0000       44.453708526734
           -76.0000      7.0000      179.854174536844
           -75.0000      7.0000       71.431435548212
           -74.0000      7.0000     -101.338721366791
           -73.0000      7.0000      124.242270394372
           -72.0000      7.0000       10.095314494687
           -71.0000      7.0000      -46.427843137060
           -70.0000      7.0000       -4.120332732371
           -69.0000      7.0000       -5.215482901943
           -68.0000      7.0000       14.025455412142
           -67.0000      7.0000       -6.897316756436
           -66.0000      7.0000        1.433004494937
           -65.0000      7.0000        8.000241441250
           -64.0000      7.0000       21.440901353762
           -63.0000      7.0000      -23.460312832795
           -62.0000      7.0000      -39.103722007000
           -61.0000      7.0000      -28.470186388717
           -60.0000      7.0000      -31.608897101367
           -59.0000      7.0000      -23.553512183964
           -58.0000      7.0000      -10.062770895032
           -57.0000      7.0000        1.779961032007
           -56.0000      7.0000        9.323383122648
           -55.0000      7.0000        7.113068887124
           -54.0000      7.0000        9.376807485926
           -53.0000      7.0000       11.385344843588
           -52.0000      7.0000      -68.412507763982
           -51.0000      7.0000      -52.305370659062
           -50.0000      7.0000      -40.624137851001
           -49.0000      7.0000      -59.541494870871
           -48.0000      7.0000      -44.496445119993
           -47.0000      7.0000      -53.648033828803
           -46.0000      7.0000      -39.899709154400
           -45.0000      7.0000      -38.166819041739
           -44.0000      7.0000      -32.442338623343
           -43.0000      7.0000      -23.966336020925
           -42.0000      7.0000      -28.419743842597
           -41.0000      7.0000      -23.059856673128
           -40.0000      7.0000      -17.865355933048
           -39.0000      7.0000      -21.810489775189
           -38.0000      7.0000       -8.073269163549
           -37.0000      7.0000        8.786345614351
           -36.0000      7.0000        0.283490013359
           -35.0000      7.0000       10.718226588306
           -34.0000      7.0000       19.715775346244
           -33.0000      7.0000       13.739670967940
           -32.0000      7.0000       19.805388457914
           -31.0000      7.0000       19.542322339088
           -30.0000      7.0000       11.818855774503
           -29.0000      7.0000        6.929603581898
           -28.0000      7.0000       16.911621366574
           -27.0000      7.0000       16.680430013239
           -26.0000      7.0000       12.954702842804
           -25.0000      7.0000       28.919069962216
           -24.0000      7.0000       11.163384178021
           -23.0000      7.0000       19.313907061743
           -22.0000      7.0000       31.090268211940
           -21.0000      7.0000       -0.647165273222
           -20.0000      7.0000       18.061810986321
           -19.0000      7.0000       11.716952260848
           -18.0000      7.0000        8.914028726160
           -17.0000      7.0000       11.791237847460
           -16.0000      7.0000        3.623546916529
           -15.0000      7.0000      -10.421742367570
           -14.0000      7.0000      -17.585388628082
           -13.0000      7.0000        8.639468708865
           -12.0000      7.0000       81.383578401918
           -11.0000      7.0000       38.334141737718
           -10.0000      7.0000       22.780698502325
            -9.0000      7.0000       43.066314393687
            -8.0000      7.0000       17.165131057342
            -7.0000      7.0000       31.650736814866
            -6.0000      7.0000       37.582739192930
            -5.0000      7.0000       16.295121652912
            -4.0000      7.0000       20.642382210067
            -3.0000      7.0000       19.345397360310
            -2.0000      7.0000       41.342191572653
            -1.0000      7.0000       17.631161728317
            -0.0000      7.0000       19.221549827739
             1.0000      7.0000       44.163874739333
             2.0000      7.0000       56.302191175519
             3.0000      7.0000       47.702570395944
             4.0000      7.0000       37.990908281829
             5.0000      7.0000       29.209980935413
             6.0000      7.0000       27.565974060534
             7.0000      7.0000       18.181457888298
             8.0000      7.0000       28.857949301235
             9.0000      7.0000       33.447432833673
            10.0000      7.0000        5.293266594059
            11.0000      7.0000       38.196741595701
            12.0000      7.0000       41.942179162353
            13.0000      7.0000       38.211824484322
            14.0000      7.0000       45.667055048024
            15.0000      7.0000       28.445772247190
            16.0000      7.0000        6.517599467360
            17.0000      7.0000       12.994396605227
            18.0000      7.0000       -0.441205549134
            19.0000      7.0000      -17.140140459529
            20.0000      7.0000       -0.434868137156
            21.0000      7.0000       -2.055803140566
            22.0000      7.0000        5.168281436598
            23.0000      7.0000       -0.087339812108
            24.0000      7.0000       -2.888234691595
            25.0000      7.0000      -33.859371306461
            26.0000      7.0000       16.269936564030
            27.0000      7.0000      -20.287844643402
            28.0000      7.0000        1.129470578809
            29.0000      7.0000       -7.761175876872
            30.0000      7.0000      -17.275149634009
            31.0000      7.0000      -10.822747337265
            32.0000      7.0000      -10.134799783650
            33.0000      7.0000      -23.979324726801
            34.0000      7.0000       -5.386021543448
            35.0000      7.0000       -8.631278238564
            36.0000      7.0000       10.747419835948
            37.0000      7.0000       11.409456596571
            38.0000      7.0000       -9.738762865414
            39.0000      7.0000       61.599800144542
            40.0000      7.0000       54.709287277077
            41.0000      7.0000        1.054950303635
            42.0000      7.0000      -44.161843832884
            43.0000      7.0000      -24.763155957636
            44.0000      7.0000      -25.550315507354
            45.0000      7.0000      -14.899307861336
            46.0000      7.0000      -17.276674744149
            47.0000      7.0000      -23.895050897852
            48.0000      7.0000      -19.074208930577
            49.0000      7.0000      -23.101314552917
            50.0000      7.0000      -13.772174290109
            51.0000      7.0000      -84.334094995067
            52.0000      7.0000      -73.725613770797
            53.0000      7.0000      -42.186687721901
            54.0000      7.0000      -86.513446080109
            55.0000      7.0000      -42.869793554631
           -95.0000      6.0000        5.593910062183
           -94.0000      6.0000        1.326917761359
           -93.0000      6.0000        2.259801526228
           -92.0000      6.0000        5.955956301680
           -91.0000      6.0000        3.683296497678
           -90.0000      6.0000        4.265214422931
           -89.0000      6.0000        9.124581202068
           -88.0000      6.0000       14.257401650870
           -87.0000      6.0000       12.251365975189
           -86.0000      6.0000       26.463543956258
           -85.0000      6.0000       14.160378539320
           -84.0000      6.0000       25.884153492295
           -83.0000      6.0000       11.353228163147
           -82.0000      6.0000       62.511940029957
           -81.0000      6.0000       43.338389986186
           -80.0000      6.0000       43.938998763083
           -79.0000      6.0000       78.922483611308
           -78.0000      6.0000      -22.010292796518
           -77.0000      6.0000       47.821772341335
           -76.0000      6.0000      133.633016514320
           -75.0000      6.0000       61.973735473464
           -74.0000      6.0000      -20.710371061095
           -73.0000      6.0000      259.062330601808
           -72.0000      6.0000       36.499611449095
           -71.0000      6.0000      -48.693183430542
           -70.0000      6.0000       -3.218423093710
           -69.0000      6.0000      -18.237250188140
           -68.0000      6.0000      -37.580418794263
           -67.0000      6.0000       19.808625010506
           -66.0000      6.0000       22.398760983335
           -65.0000      6.0000       14.056238213902
           -64.0000      6.0000        7.363289593387
           -63.0000      6.0000       19.122133747156
           -62.0000      6.0000       48.540356503766
           -61.0000      6.0000       29.587882004225
           -60.0000      6.0000      -22.516958384080
           -59.0000      6.0000      -47.631580990531
           -58.0000      6.0000        2.104040942714
           -57.0000      6.0000        8.800094561285
           -56.0000      6.0000      -36.116873916779
           -55.0000      6.0000      -24.714463964895
           -54.0000      6.0000        9.534849643314
           -53.0000      6.0000       15.594014565377
           -52.0000      6.0000       23.602058802303
           -51.0000      6.0000      -13.437608695832
           -50.0000      6.0000      -59.568174912769
           -49.0000      6.0000      -43.767193838554
           -48.0000      6.0000      -57.373258554875
           -47.0000      6.0000      -38.566991114267
           -46.0000      6.0000      -46.099927822502
           -45.0000      6.0000      -44.760690581586
           -44.0000      6.0000      -27.062588184120
           -43.0000      6.0000      -26.563139250577
           -42.0000      6.0000      -14.374610847394
           -41.0000      6.0000      -20.895433505302
           -40.0000      6.0000      -24.059167758641
           -39.0000      6.0000      -23.981341444829
           -38.0000      6.0000      -12.102345067168
           -37.0000      6.0000       -9.696155001035
           -36.0000      6.0000       -5.968930028768
           -35.0000      6.0000        4.728361560895
           -34.0000      6.0000       17.671291083704
           -33.0000      6.0000       24.084214527247
           -32.0000      6.0000        9.449134732378
           -31.0000      6.0000       16.519295248467
           -30.0000      6.0000       15.443447417100
           -29.0000      6.0000       12.949337365370
           -28.0000      6.0000       21.841674891939
           -27.0000      6.0000        0.665633828028
           -26.0000      6.0000        7.088420391484
           -25.0000      6.0000        7.095079571231
           -24.0000      6.0000        4.923851893086
           -23.0000      6.0000       15.267869466079
           -22.0000      6.0000        7.054826004499
           -21.0000      6.0000       12.274914389633
           -20.0000      6.0000       25.859683460964
           -19.0000      6.0000        5.879900716244
           -18.0000      6.0000       -1.141892652569
           -17.0000      6.0000       -1.352194934612
           -16.0000      6.0000        9.967130172474
           -15.0000      6.0000        9.193700091437
           -14.0000      6.0000        3.647536640751
           -13.0000      6.0000       -6.931618566073
           -12.0000      6.0000      -14.701388627265
           -11.0000      6.0000       33.874274968988
           -10.0000      6.0000       45.538044833950
            -9.0000      6.0000       21.662940716772
            -8.0000      6.0000       44.703981413111
            -7.0000      6.0000       13.043257493812
            -6.0000      6.0000       42.757531606486
            -5.0000      6.0000       21.967780351548
            -4.0000      6.0000       29.099633862067
            -3.0000      6.0000       38.826277251038
            -2.0000      6.0000       34.719334168761
            -1.0000      6.0000       50.070466278903
            -0.0000      6.0000       46.640816651199
             1.0000      6.0000       49.424040882682
             2.0000      6.0000       -9.983995959046
             3.0000      6.0000      -36.893429510083
             4.0000      6.0000      -12.574321580076
             5.0000      6.0000      -16.447418534491
             6.0000      6.0000      -27.188665016536
             7.0000      6.0000       16.083556302724
             8.0000      6.0000       24.182580110736
             9.0000      6.0000       18.081423284209
            10.0000      6.0000       64.327751955948
            11.0000      6.0000       37.248618185824
            12.0000      6.0000       22.704798986499
            13.0000      6.0000        8.755019405800
            14.0000      6.0000        6.948012152338
            15.0000      6.0000        8.259916983793
            16.0000      6.0000       19.581570854475
            17.0000      6.0000       22.028641095267
            18.0000      6.0000        1.123937622497
            19.0000      6.0000      -20.531613796575
            20.0000      6.0000      -36.058634895026
            21.0000      6.0000      -28.717845959717
            22.0000      6.0000      -10.018094692210
            23.0000      6.0000       -6.389088112072
            24.0000      6.0000       -2.577644785131
            25.0000      6.0000       -8.080221908572
            26.0000      6.0000      -37.429086182029
            27.0000      6.0000      -26.391036278132
            28.0000      6.0000        8.639661323863
            29.0000      6.0000       -4.134073060814
            30.0000      6.0000      -10.414534637507
            31.0000      6.0000      -18.460763515819
            32.0000      6.0000      -10.729221470909
            33.0000      6.0000      -12.915777811940
            34.0000      6.0000      -13.573543962398
            35.0000      6.0000       11.891196865051
            36.0000      6.0000      -21.673268239998
            37.0000      6.0000       25.647591486281
            38.0000      6.0000       16.939939405285
            39.0000      6.0000       20.550731374455
            40.0000      6.0000      -47.289075118976
            41.0000      6.0000      -21.203453908242
            42.0000      6.0000      -16.452138033930
            43.0000      6.0000      -35.217831498061
            44.0000      6.0000      -23.752790969204
            45.0000      6.0000      -14.216145854260
            46.0000      6.0000      -26.778174643383
            47.0000      6.0000      -15.023240093093
            48.0000      6.0000      -38.166881784862
            49.0000      6.0000      -19.558144631483
            50.0000      6.0000      -59.745386266240
            51.0000      6.0000      -70.848766097261
            52.0000      6.0000      -46.755794783700
            53.0000      6.0000      -63.363523041744
            54.0000      6.0000      -33.510217413668
            55.0000      6.0000      -19.401329704700
           -95.0000      5.0000        3.338532233402
           -94.0000      5.0000        2.333749265659
           -93.0000      5.0000        0.517471130774
           -92.0000      5.0000        1.060437871185
           -91.0000      5.0000        2.885747925812
           -90.0000      5.0000       -1.277760260253
           -89.0000      5.0000        8.945173879623
           -88.0000      5.0000       -1.322246643686
           -87.0000      5.0000       20.420279509835
           -86.0000      5.0000       24.519550309078
           -85.0000      5.0000       10.337395137135
           -84.0000      5.0000        8.268255002686
           -83.0000      5.0000       23.039197745976
           -82.0000      5.0000        2.655110049403
           -81.0000      5.0000       10.707790718339
           -80.0000      5.0000       20.632132760154
           -79.0000      5.0000       44.147354268408
           -78.0000      5.0000      -15.314494782365
           -77.0000      5.0000      -11.082820617276
           -76.0000      5.0000      145.193659563060
           -75.0000      5.0000       37.902085946423
           -74.0000      5.0000      158.458557539898
           -73.0000      5.0000       46.245463509790
           -72.0000      5.0000      -71.164722147020
           -71.0000      5.0000      -10.604495311773
           -70.0000      5.0000        3.158943921720
           -69.0000      5.0000       -8.472695496267
           -68.0000      5.0000      -16.592490347906
           -67.0000      5.0000       58.463343469673
           -66.0000      5.0000      -48.566686318614
           -65.0000      5.0000       30.346273330545
           -64.0000      5.0000       11.011478310314
           -63.0000      5.0000      -20.184397729971
           -62.0000      5.0000       46.456151177805
           -61.0000      5.0000       54.076217920873
           -60.0000      5.0000       53.569451266251
           -59.0000      5.0000      -21.678640702466
           -58.0000      5.0000       -6.624812750576
           -57.0000      5.0000       12.156492631866
           -56.0000      5.0000      -73.409558648191
           -55.0000      5.0000      -54.675494391235
           -54.0000      5.0000      -42.712851112416
           -53.0000      5.0000      -62.215862610723
           -52.0000      5.0000      -33.232072935758
           -51.0000      5.0000       -5.463480391157
           -50.0000      5.0000      -63.569784558634
           -49.0000      5.0000      -46.004854753324
           -48.0000      5.0000      -41.877465399446
           -47.0000      5.0000      -33.910648328157
           -46.0000      5.0000      -36.753927247372
           -45.0000      5.0000      -40.697211801357
           -44.0000      5.0000      -18.981000667581
           -43.0000      5.0000      -21.797984843073
           -42.0000      5.0000      -32.303678606781
           -41.0000      5.0000      -18.826051805727
           -40.0000      5.0000       -6.073040162460
           -39.0000      5.0000      -16.484299436366
           -38.0000      5.0000       -6.902287774671
           -37.0000      5.0000       -8.426066521628
           -36.0000      5.0000        1.595497307833
           -35.0000      5.0000        9.992879228881
           -34.0000      5.0000        0.316583024594
           -33.0000      5.0000       27.701895703712
           -32.0000      5.0000       14.472243413016
           -31.0000      5.0000       16.135982772708
           -30.0000      5.0000       16.380491981905
           -29.0000      5.0000       14.354429911625
           -28.0000      5.0000       -0.709162604900
           -27.0000      5.0000       18.913611358270
           -26.0000      5.0000        8.757797377811
           -25.0000      5.0000       14.654627247579
           -24.0000      5.0000       10.698690459344
           -23.0000      5.0000       21.584611239613
           -22.0000      5.0000       14.023101345244
           -21.0000      5.0000       29.577431343704
           -20.0000      5.0000       19.287294712247
           -19.0000      5.0000        7.058971591686
           -18.0000      5.0000       11.455185865128
           -17.0000      5.0000        4.731879055543
           -16.0000      5.0000        1.391463010318
           -15.0000      5.0000        8.558618397547
           -14.0000      5.0000       -6.907419536859
           -13.0000      5.0000       -4.397160995701
           -12.0000      5.0000        6.683203659645
           -11.0000      5.0000      -20.187567328625
           -10.0000      5.0000       31.153284121574
            -9.0000      5.0000       75.949082904870
            -8.0000      5.0000       49.584984416264
            -7.0000      5.0000       50.554056875461
            -6.0000      5.0000       36.563477230896
            -5.0000      5.0000       26.103743930724
            -4.0000      5.0000        7.990237534642
            -3.0000      5.0000       31.591161498304
            -2.0000      5.0000       31.093575392443
            -1.0000      5.0000        7.580481457950
            -0.0000      5.0000      -16.341931479614
             1.0000      5.0000       -5.886590644391
             2.0000      5.0000      -20.327352291598
             3.0000      5.0000      -25.309261499921
             4.0000      5.0000        0.460897471220
             5.0000      5.0000       52.890330107125
             6.0000      5.0000       -7.615107684411
             7.0000      5.0000       -9.796688905628
             8.0000      5.0000       18.137218548846
             9.0000      5.0000       36.395888784290
            10.0000      5.0000       41.367391689725
            11.0000      5.0000       23.886112813755
            12.0000      5.0000       18.814037615169
            13.0000      5.0000       25.043385906383
            14.0000      5.0000       24.889124239852
            15.0000      5.0000       14.595660742489
            16.0000      5.0000       -4.311675995454
            17.0000      5.0000       29.759453375093
            18.0000      5.0000      -22.622078415999
            19.0000      5.0000      -33.542527044528
            20.0000      5.0000      -26.953747518094
            21.0000      5.0000      -25.994010501741
            22.0000      5.0000       10.105889226458
            23.0000      5.0000      -10.138010339724
            24.0000      5.0000       -9.079507178010
            25.0000      5.0000      -19.876709629097
            26.0000      5.0000      -43.458455641772
            27.0000      5.0000      -36.848313767278
            28.0000      5.0000      -15.317646217992
            29.0000      5.0000        4.339495165852
            30.0000      5.0000       -8.243622001498
            31.0000      5.0000       -9.142767663130
            32.0000      5.0000      -23.119363359944
            33.0000      5.0000      -22.192965233826
            34.0000      5.0000      -22.204864091324
            35.0000      5.0000       -5.376665859451
            36.0000      5.0000      -31.883258538571
            37.0000      5.0000       -1.185571178312
            38.0000      5.0000       13.796666465189
            39.0000      5.0000      -23.857724384239
            40.0000      5.0000       14.748236078566
            41.0000      5.0000       -7.279994541990
            42.0000      5.0000      -58.358505559390
            43.0000      5.0000      -25.683934824565
            44.0000      5.0000      -24.654153075057
            45.0000      5.0000      -38.783428490941
            46.0000      5.0000      -24.642633694853
            47.0000      5.0000      -36.354553205461
            48.0000      5.0000       -8.454288022691
            49.0000      5.0000      -61.752602062265
            50.0000      5.0000      -40.919795539107
            51.0000      5.0000      -64.124782785225
            52.0000      5.0000      -62.144985748324
            53.0000      5.0000      -42.296233153506
            54.0000      5.0000      -30.581479370608
            55.0000      5.0000      -27.674569672224
           -95.0000      4.0000       -5.900909599631
           -94.0000      4.0000       -0.446146149091
           -93.0000      4.0000       -3.164487266950
           -92.0000      4.0000       -0.068310515611
           -91.0000      4.0000        3.897551264708
           -90.0000      4.0000       10.500191511499
           -89.0000      4.0000       -4.097620162272
           -88.0000      4.0000       12.695747113675
           -87.0000      4.0000       12.181287812431
           -86.0000      4.0000        3.669318625852
           -85.0000      4.0000        3.801694096590
           -84.0000      4.0000       11.673400916765
           -83.0000      4.0000       12.474805570413
           -82.0000      4.0000       18.426469750914
           -81.0000      4.0000       42.918039640012
           -80.0000      4.0000       44.694700305958
           -79.0000      4.0000       14.305857622845
           -78.0000      4.0000      -71.479144302479
           -77.0000      4.0000      -28.985217701810
           -76.0000      4.0000      283.769353062545
           -75.0000      4.0000      -44.982139716220
           -74.0000      4.0000      165.587699628976
           -73.0000      4.0000      -59.511500295722
           -72.0000      4.0000       -1.359563908571
           -71.0000      4.0000        0.609109943706
           -70.0000      4.0000       20.466422850578
           -69.0000      4.0000        8.729136318760
           -68.0000      4.0000       -8.241236875210
           -67.0000      4.0000      -20.195520847367
           -66.0000      4.0000      -16.970149513948
           -65.0000      4.0000       67.541034074897
           -64.0000      4.0000       19.700299112608
           -63.0000      4.0000       10.774848032495
           -62.0000      4.0000      -13.884408680326
           -61.0000      4.0000      -26.166479062306
           -60.0000      4.0000      -25.500616519482
           -59.0000      4.0000      -29.184462791028
           -58.0000      4.0000       -1.820890645683
           -57.0000      4.0000      -34.183744974148
           -56.0000      4.0000      -57.953191994731
           -55.0000      4.0000      -28.205560432779
           -54.0000      4.0000      -35.703566560046
           -53.0000      4.0000      -42.588990805388
           -52.0000      4.0000      -20.582023524035
           -51.0000      4.0000      -48.471416409199
           -50.0000      4.0000      -27.009636090762
           -49.0000      4.0000       27.301042304404
           -48.0000      4.0000       -0.152226808839
           -47.0000      4.0000      -14.818562976692
           -46.0000      4.0000      -51.014493287030
           -45.0000      4.0000      -23.436126774006
           -44.0000      4.0000      -30.792401772404
           -43.0000      4.0000      -29.830595222051
           -42.0000      4.0000      -16.486043385584
           -41.0000      4.0000      -13.406515048475
           -40.0000      4.0000      -15.803826917026
           -39.0000      4.0000       -5.687423284539
           -38.0000      4.0000       -9.323365702604
           -37.0000      4.0000       -2.183649315987
           -36.0000      4.0000        5.651468945285
           -35.0000      4.0000        3.291941676577
           -34.0000      4.0000        5.066134491143
           -33.0000      4.0000       11.503902552793
           -32.0000      4.0000       16.680119216940
           -31.0000      4.0000       11.565727688506
           -30.0000      4.0000       10.403407545196
           -29.0000      4.0000       19.658007861230
           -28.0000      4.0000       15.197924624514
           -27.0000      4.0000        7.047108791333
           -26.0000      4.0000       20.749742126344
           -25.0000      4.0000        9.308886311350
           -24.0000      4.0000        3.954521687708
           -23.0000      4.0000        9.389033779171
           -22.0000      4.0000       13.892159378518
           -21.0000      4.0000       10.082822047864
           -20.0000      4.0000        8.916491801094
           -19.0000      4.0000        6.484070182546
           -18.0000      4.0000       -2.811918755654
           -17.0000      4.0000        7.572232751800
           -16.0000      4.0000        3.703411527374
           -15.0000      4.0000       11.645851271838
           -14.0000      4.0000        2.343479275303
           -13.0000      4.0000        9.060308960998
           -12.0000      4.0000        2.377289188002
           -11.0000      4.0000        5.818937265810
           -10.0000      4.0000       -6.468778139064
            -9.0000      4.0000       15.072134646068
            -8.0000      4.0000       22.145372729776
            -7.0000      4.0000       14.609661336459
            -6.0000      4.0000       -3.233494633508
            -5.0000      4.0000       12.269615797401
            -4.0000      4.0000      -11.348343930201
            -3.0000      4.0000      -12.164708464343
            -2.0000      4.0000        4.493553012132
            -1.0000      4.0000        0.673119830838
            -0.0000      4.0000      -16.356823419650
             1.0000      4.0000        7.594319303503
             2.0000      4.0000      -25.916934583349
             3.0000      4.0000      -34.842968882818
             4.0000      4.0000       -2.442206740059
             5.0000      4.0000       32.328624507128
             6.0000      4.0000       52.422303389637
             7.0000      4.0000       30.255715071356
             8.0000      4.0000        9.834255001565
             9.0000      4.0000       59.305948935080
            10.0000      4.0000      -20.964422909608
            11.0000      4.0000       10.804754658978
            12.0000      4.0000       15.219400819502
            13.0000      4.0000        9.911626996477
            14.0000      4.0000       33.943896719525
            15.0000      4.0000       35.440441704642
            16.0000      4.0000       14.687978489985
            17.0000      4.0000       36.954919607512
            18.0000      4.0000      -23.532296574450
            19.0000      4.0000      -14.517907923344
            20.0000      4.0000      -17.360170424358
            21.0000      4.0000      -11.770361402048
            22.0000      4.0000      -25.700252160902
            23.0000      4.0000      -23.304318421312
            24.0000      4.0000      -10.168926413696
            25.0000      4.0000       22.434376053213
            26.0000      4.0000      -20.468800747399
            27.0000      4.0000      -24.817654584713
            28.0000      4.0000      -35.010653909964
            29.0000      4.0000      -37.084699935769
            30.0000      4.0000        2.529862060502
            31.0000      4.0000        4.338022072869
            32.0000      4.0000      -22.698948763918
            33.0000      4.0000       10.793330822142
            34.0000      4.0000        7.212249118197
            35.0000      4.0000        5.237014486820
            36.0000      4.0000      -35.119418803460
            37.0000      4.0000       -8.141299363596
            38.0000      4.0000       14.871274766523
            39.0000      4.0000       24.492585117604
            40.0000      4.0000       11.259323903523
            41.0000      4.0000      -21.347783097390
            42.0000      4.0000      -45.456302060314
            43.0000      4.0000      -31.237958827539
            44.0000      4.0000        7.592745739850
            45.0000      4.0000      -13.602690314492
            46.0000      4.0000      -21.335872427606
            47.0000      4.0000       -5.593176074269
            48.0000      4.0000       -6.043879215154
            49.0000      4.0000      -39.177707660953
            50.0000      4.0000      -23.848205814361
            51.0000      4.0000      -62.633230180638
            52.0000      4.0000      -69.341778807545
            53.0000      4.0000      -18.842630360594
            54.0000      4.0000      -36.121636243406
            55.0000      4.0000      -19.768661081586
           -95.0000      3.0000        5.774631174628
           -94.0000      3.0000        2.971611211812
           -93.0000      3.0000        2.169880192571
           -92.0000      3.0000       12.712585272524
           -91.0000      3.0000        3.994352445830
           -90.0000      3.0000        2.172372199248
           -89.0000      3.0000       11.758141210227
           -88.0000      3.0000        2.517859509157
           -87.0000      3.0000        2.824793945302
           -86.0000      3.0000        3.525254743892
           -85.0000      3.0000        1.865266095332
           -84.0000      3.0000       11.571655687333
           -83.0000      3.0000        9.749477542195
           -82.0000      3.0000       25.733524946065
           -81.0000      3.0000       23.618502580893
           -80.0000      3.0000       21.060084842457
           -79.0000      3.0000      -25.305056453567
           -78.0000      3.0000       -2.214841482368
           -77.0000      3.0000       82.422053746947
           -76.0000      3.0000      135.648043947945
           -75.0000      3.0000       30.088976559905
           -74.0000      3.0000       25.962908420862
           -73.0000      3.0000       52.298044282558
           -72.0000      3.0000       -5.445540654282
           -71.0000      3.0000       20.704202665573
           -70.0000      3.0000       15.418263550976
           -69.0000      3.0000       -1.682701042901
           -68.0000      3.0000       29.994659192661
           -67.0000      3.0000       -2.930957032432
           -66.0000      3.0000      -31.252667977382
           -65.0000      3.0000      -31.682567918249
           -64.0000      3.0000       65.042420477597
           -63.0000      3.0000        4.123832147004
           -62.0000      3.0000      -25.954383677053
           -61.0000      3.0000        5.622753484024
           -60.0000      3.0000       -9.954231391553
           -59.0000      3.0000      -28.780504002329
           -58.0000      3.0000       -8.268355789859
           -57.0000      3.0000       -8.849910133460
           -56.0000      3.0000       -9.477161503026
           -55.0000      3.0000      -26.667251777488
           -54.0000      3.0000      -40.342547575967
           -53.0000      3.0000      -37.211955063346
           -52.0000      3.0000      -13.650248920522
           -51.0000      3.0000      -28.863171587084
           -50.0000      3.0000      -29.144767004545
           -49.0000      3.0000      -12.708642281695
           -48.0000      3.0000        1.599876962465
           -47.0000      3.0000      -40.382624207604
           -46.0000      3.0000      -27.933279848509
           -45.0000      3.0000      -20.242006638476
           -44.0000      3.0000      -19.055701847988
           -43.0000      3.0000      -21.171507356922
           -42.0000      3.0000      -25.999992568745
           -41.0000      3.0000      -19.938683746625
           -40.0000      3.0000      -16.997866474993
           -39.0000      3.0000      -15.107796709659
           -38.0000      3.0000       -2.530463426470
           -37.0000      3.0000        4.950560196058
           -36.0000      3.0000        0.409677655817
           -35.0000      3.0000        9.934350032303
           -34.0000      3.0000       12.614632929525
           -33.0000      3.0000       15.242490481227
           -32.0000      3.0000       24.723522955470
           -31.0000      3.0000       23.580247758870
           -30.0000      3.0000       18.316468316819
           -29.0000      3.0000       13.058278866854
           -28.0000      3.0000        2.757804005966
           -27.0000      3.0000        9.037700464198
           -26.0000      3.0000        2.741557084989
           -25.0000      3.0000       12.837037596088
           -24.0000      3.0000        3.406198666404
           -23.0000      3.0000        0.445674923692
           -22.0000      3.0000        7.880934672732
           -21.0000      3.0000        2.458478246627
           -20.0000      3.0000       21.956379333050
           -19.0000      3.0000       -2.886986852449
           -18.0000      3.0000       16.003111998369
           -17.0000      3.0000        9.265330476724
           -16.0000      3.0000        1.572289162392
           -15.0000      3.0000       16.523113666305
           -14.0000      3.0000        5.142025122632
           -13.0000      3.0000        6.292025759132
           -12.0000      3.0000        4.587433871914
           -11.0000      3.0000       -0.585783822245
           -10.0000      3.0000       -6.962644126898
            -9.0000      3.0000        6.154820041075
            -8.0000      3.0000       -7.586943056014
            -7.0000      3.0000      -10.675418329705
            -6.0000      3.0000      -11.808025916527
            -5.0000      3.0000      -17.703168597366
            -4.0000      3.0000      -20.894129492096
            -3.0000      3.0000       -8.332493011604
            -2.0000      3.0000      -12.636661411839
            -1.0000      3.0000      -16.798042104107
            -0.0000      3.0000      -13.703347306330
             1.0000      3.0000       -4.607077402978
             2.0000      3.0000       -0.902903775684
             3.0000      3.0000      -14.054727457152
             4.0000      3.0000      -26.297287248387
             5.0000      3.0000      -20.127044046465
             6.0000      3.0000       18.912553359007
             7.0000      3.0000        6.476716518380
             8.0000      3.0000       -0.669104043060
             9.0000      3.0000        7.028482945425
            10.0000      3.0000       11.740317836834
            11.0000      3.0000       -1.338891112555
            12.0000      3.0000        9.733691200801
            13.0000      3.0000       -0.873848542145
            14.0000      3.0000      -17.998250391030
            15.0000      3.0000       -1.779017107366
            16.0000      3.0000       -7.941788278535
            17.0000      3.0000       -7.099093321698
            18.0000      3.0000      -13.187486247091
            19.0000      3.0000      -15.631894808375
            20.0000      3.0000      -42.425650672665
            21.0000      3.0000      -41.163478704590
            22.0000      3.0000      -19.581051630352
            23.0000      3.0000       -8.198586348555
            24.0000      3.0000       -9.955547625494
            25.0000      3.0000       -5.952026747488
            26.0000      3.0000       -2.703467037438
            27.0000      3.0000        9.987171109477
            28.0000      3.0000        6.853709279114
            29.0000      3.0000       -2.972155523183
            30.0000      3.0000      -12.166308361229
            31.0000      3.0000        5.524992889182
            32.0000      3.0000      -27.280694231516
            33.0000      3.0000       -3.737867841273
            34.0000      3.0000       18.972590964240
            35.0000      3.0000       -6.625825115563
            36.0000      3.0000      -25.757041783547
            37.0000      3.0000       -7.239650135204
            38.0000      3.0000      -30.727607875267
            39.0000      3.0000      -26.503898512271
            40.0000      3.0000      -17.143513768443
            41.0000      3.0000      -13.512126021786
            42.0000      3.0000      -26.472074682507
            43.0000      3.0000       -2.635162287819
            44.0000      3.0000        8.035706985691
            45.0000      3.0000      -12.378407563109
            46.0000      3.0000      -14.089951021240
            47.0000      3.0000       12.876372333575
            48.0000      3.0000      -70.463309184920
            49.0000      3.0000      -47.190743039398
            50.0000      3.0000      -48.844743833820
            51.0000      3.0000      -49.110205015292
            52.0000      3.0000      -12.474042182659
            53.0000      3.0000      -32.634005722214
            54.0000      3.0000      -15.373469039047
            55.0000      3.0000      -24.735486811914
           -95.0000      2.0000        4.536333289070
           -94.0000      2.0000        5.949588975362
           -93.0000      2.0000       -0.743874340612
           -92.0000      2.0000        2.955995076846
           -91.0000      2.0000        7.408780628804
           -90.0000      2.0000       -3.645302168315
           -89.0000      2.0000        1.951987219428
           -88.0000      2.0000        6.565273946921
           -87.0000      2.0000       -2.452490314358
           -86.0000      2.0000       -4.008950160948
           -85.0000      2.0000        5.253025746029
           -84.0000      2.0000        8.240641707058
           -83.0000      2.0000       -0.339359547342
           -82.0000      2.0000        2.551931926094
           -81.0000      2.0000       26.549581528200
           -80.0000      2.0000      -15.566433891478
           -79.0000      2.0000      -49.118594086780
           -78.0000      2.0000       17.270438006718
           -77.0000      2.0000      147.351819766680
           -76.0000      2.0000       90.319530519440
           -75.0000      2.0000       44.150464365065
           -74.0000      2.0000       22.507667769042
           -73.0000      2.0000       53.534352521669
           -72.0000      2.0000       50.814778682415
           -71.0000      2.0000       31.706247830462
           -70.0000      2.0000       22.277622125008
           -69.0000      2.0000       14.776288861695
           -68.0000      2.0000       31.187832046033
           -67.0000      2.0000       -0.111175384786
           -66.0000      2.0000      -25.352536152474
           -65.0000      2.0000        0.243007379283
           -64.0000      2.0000        6.470395313290
           -63.0000      2.0000       -7.801161851121
           -62.0000      2.0000       24.200192575563
           -61.0000      2.0000        5.418574137805
           -60.0000      2.0000       -5.911891087608
           -59.0000      2.0000      -12.874364626570
           -58.0000      2.0000      -23.795695326682
           -57.0000      2.0000      -15.842137503224
           -56.0000      2.0000        6.044183588928
           -55.0000      2.0000       14.030634682411
           -54.0000      2.0000      -27.115489974830
           -53.0000      2.0000      -23.875105685837
           -52.0000      2.0000       -7.882483108302
           -51.0000      2.0000      -27.189717869298
           -50.0000      2.0000      -22.667895934857
           -49.0000      2.0000      -32.167648216654
           -48.0000      2.0000      -12.019526866712
           -47.0000      2.0000      -36.261012132353
           -46.0000      2.0000      -85.106334645414
           -45.0000      2.0000      -44.992407979041
           -44.0000      2.0000      -20.418509615732
           -43.0000      2.0000      -18.685256076322
           -42.0000      2.0000      -11.328688109608
           -41.0000      2.0000       -9.802612769497
           -40.0000      2.0000       -3.210045396499
           -39.0000      2.0000       -6.617490469600
           -38.0000      2.0000       -9.886691410544
           -37.0000      2.0000       -6.268321961459
           -36.0000      2.0000       -4.818592997245
           -35.0000      2.0000      -10.762316499196
           -34.0000      2.0000        9.332125951858
           -33.0000      2.0000       11.989750684841
           -32.0000      2.0000        7.448121993446
           -31.0000      2.0000       28.370846419283
           -30.0000      2.0000       26.787565139140
           -29.0000      2.0000       19.042709282682
           -28.0000      2.0000       20.445006859715
           -27.0000      2.0000       20.837975468857
           -26.0000      2.0000       15.051488044835
           -25.0000      2.0000        7.567737630078
           -24.0000      2.0000       12.003058649115
           -23.0000      2.0000        2.974032948516
           -22.0000      2.0000       -5.529920479428
           -21.0000      2.0000      -22.212759556394
           -20.0000      2.0000      -15.963464781522
           -19.0000      2.0000        0.149201849932
           -18.0000      2.0000       -3.103260254224
           -17.0000      2.0000      -18.887430315465
           -16.0000      2.0000      -31.662856818992
           -15.0000      2.0000      -23.778959990263
           -14.0000      2.0000      -19.381391530622
           -13.0000      2.0000        1.280208728100
           -12.0000      2.0000       29.324035945335
           -11.0000      2.0000        4.172994451457
           -10.0000      2.0000       -0.037516945652
            -9.0000      2.0000      -21.451422189331
            -8.0000      2.0000      -22.052438678420
            -7.0000      2.0000      -11.973756032122
            -6.0000      2.0000      -17.872947476560
            -5.0000      2.0000       11.803429200025
            -4.0000      2.0000       13.171223265933
            -3.0000      2.0000       -6.488861630377
            -2.0000      2.0000       -8.142485928806
            -1.0000      2.0000      -12.379489054166
            -0.0000      2.0000        1.625662195259
             1.0000      2.0000        4.655377179540
             2.0000      2.0000       -1.614538589966
             3.0000      2.0000        5.502070290029
             4.0000      2.0000       -1.170171009758
             5.0000      2.0000       -1.761494934807
             6.0000      2.0000      -17.006721214715
             7.0000      2.0000       25.304399484114
             8.0000      2.0000       -5.164929864605
             9.0000      2.0000       -2.333482881615
            10.0000      2.0000       11.218338522389
            11.0000      2.0000       17.772016703003
            12.0000      2.0000        8.190137721401
            13.0000      2.0000      -15.122299596239
            14.0000      2.0000       -9.341551126400
            15.0000      2.0000      -36.148151460037
            16.0000      2.0000       -5.537639614174
            17.0000      2.0000      -18.934942148407
            18.0000      2.0000      -22.614451843532
            19.0000      2.0000      -62.982229886375
            20.0000      2.0000      -50.472062468129
            21.0000      2.0000      -45.863507309185
            22.0000      2.0000      -63.477097532827
            23.0000      2.0000      -28.391782284673
            24.0000      2.0000      -53.174977905070
            25.0000      2.0000      -27.826980068008
            26.0000      2.0000      -10.681988107995
            27.0000      2.0000      -27.601416614661
            28.0000      2.0000       -3.408218728120
            29.0000      2.0000        9.966835553228
            30.0000      2.0000       61.174609562055
            31.0000      2.0000      -28.509413438922
            32.0000      2.0000      -22.271236556253
            33.0000      2.0000       -7.001203194221
            34.0000      2.0000      -28.552307614753
            35.0000      2.0000        0.299330012846
            36.0000      2.0000      -29.645813695286
            37.0000      2.0000       28.507339469716
            38.0000      2.0000      -24.514594078962
            39.0000      2.0000      -24.727373674217
            40.0000      2.0000        0.521627225120
            41.0000      2.0000      -29.282180243384
            42.0000      2.0000      -10.980113599019
            43.0000      2.0000       13.296233725768
            44.0000      2.0000        2.459141821935
            45.0000      2.0000      -10.549884015370
            46.0000      2.0000       -4.250231039802
            47.0000      2.0000      -65.510298939160
            48.0000      2.0000      -77.559432911096
            49.0000      2.0000      -87.575216452161
            50.0000      2.0000      -19.342954976357
            51.0000      2.0000      -34.081218046540
            52.0000      2.0000      -16.280753542541
            53.0000      2.0000      -45.957315480158
            54.0000      2.0000      -28.513417577985
            55.0000      2.0000      -29.369783892662
           -95.0000      1.0000      -10.718107858680
           -94.0000      1.0000       -6.237958035742
           -93.0000      1.0000       -1.082341075325
           -92.0000      1.0000        4.803156614247
           -91.0000      1.0000        5.574934759724
           -90.0000      1.0000       15.857877716991
           -89.0000      1.0000       -9.302147668771
           -88.0000      1.0000        5.241247498021
           -87.0000      1.0000        1.498049483260
           -86.0000      1.0000       -5.002853853316
           -85.0000      1.0000       -0.344042492868
           -84.0000      1.0000       -2.895560275609
           -83.0000      1.0000       -1.094597250150
           -82.0000      1.0000        6.760877365885
           -81.0000      1.0000      -11.221966342550
           -80.0000      1.0000       -8.321299995700
           -79.0000      1.0000       48.491137866643
           -78.0000      1.0000      187.375460743976
           -77.0000      1.0000       97.622994822583
           -76.0000      1.0000      -24.010605518732
           -75.0000      1.0000        0.801485656645
           -74.0000      1.0000       74.020460274663
           -73.0000      1.0000       28.798569715246
           -72.0000      1.0000       68.589738603619
           -71.0000      1.0000       40.397398868697
           -70.0000      1.0000       36.702672360269
           -69.0000      1.0000       36.016611132391
           -68.0000      1.0000       21.450969457090
           -67.0000      1.0000       20.649835141355
           -66.0000      1.0000       16.122167838124
           -65.0000      1.0000        7.701873997426
           -64.0000      1.0000       -5.562416637365
           -63.0000      1.0000       -2.736177529703
           -62.0000      1.0000       19.884388141037
           -61.0000      1.0000       17.620889200253
           -60.0000      1.0000       -9.670015843412
           -59.0000      1.0000        8.336513637699
           -58.0000      1.0000        3.570700791287
           -57.0000      1.0000      -11.942313164377
           -56.0000      1.0000      -25.985306012903
           -55.0000      1.0000      -27.717044071666
           -54.0000      1.0000      -19.863448944150
           -53.0000      1.0000      -22.016493335748
           -52.0000      1.0000      -16.159356709545
           -51.0000      1.0000        3.713679893722
           -50.0000      1.0000      -11.360693890411
           -49.0000      1.0000      -32.087689607144
           -48.0000      1.0000      -20.611377196186
           -47.0000      1.0000        5.845066462700
           -46.0000      1.0000       -4.525346247128
           -45.0000      1.0000      -54.046107645768
           -44.0000      1.0000      -50.727253103769
           -43.0000      1.0000      -20.986042871855
           -42.0000      1.0000      -18.497775211495
           -41.0000      1.0000      -16.861705123913
           -40.0000      1.0000      -12.081187873568
           -39.0000      1.0000       -7.210655462998
           -38.0000      1.0000       -8.964003394172
           -37.0000      1.0000        3.571451859467
           -36.0000      1.0000       12.642093829369
           -35.0000      1.0000       21.075867059179
           -34.0000      1.0000        0.616881638584
           -33.0000      1.0000       19.020526127756
           -32.0000      1.0000       11.192019421309
           -31.0000      1.0000       17.469759783513
           -30.0000      1.0000       30.939897179124
           -29.0000      1.0000       20.397116084962
           -28.0000      1.0000       10.930272827946
           -27.0000      1.0000       17.546759871102
           -26.0000      1.0000       12.210443497363
           -25.0000      1.0000       17.462901197891
           -24.0000      1.0000        2.350065080786
           -23.0000      1.0000       19.605346786967
           -22.0000      1.0000       24.552262594034
           -21.0000      1.0000       22.212887569850
           -20.0000      1.0000        2.814828903409
           -19.0000      1.0000       -1.607690049003
           -18.0000      1.0000      -21.809278020604
           -17.0000      1.0000       -7.200246541994
           -16.0000      1.0000        8.725131511545
           -15.0000      1.0000        2.816903601893
           -14.0000      1.0000        5.439045134703
           -13.0000      1.0000      -16.479482875944
           -12.0000      1.0000      -22.128617333039
           -11.0000      1.0000        0.876012278746
           -10.0000      1.0000       11.169514111492
            -9.0000      1.0000       22.045473362427
            -8.0000      1.0000       15.455354340502
            -7.0000      1.0000       11.451438608567
            -6.0000      1.0000       -4.259306601146
            -5.0000      1.0000      -10.907423511641
            -4.0000      1.0000        0.955019566108
            -3.0000      1.0000       10.613293259381
            -2.0000      1.0000       -3.023102904623
            -1.0000      1.0000        9.009818386806
            -0.0000      1.0000        8.770960094135
             1.0000      1.0000        3.874767332818
             2.0000      1.0000       -8.035765534033
             3.0000      1.0000        7.016552132560
             4.0000      1.0000       15.154638754845
             5.0000      1.0000        2.679851587719
             6.0000      1.0000      -13.242588278432
             7.0000      1.0000       24.269444329312
             8.0000      1.0000        7.866141576753
             9.0000      1.0000        9.606424141849
            10.0000      1.0000       -9.528015468531
            11.0000      1.0000       29.082561345344
            12.0000      1.0000       11.841764714547
            13.0000      1.0000       -6.825840064042
            14.0000      1.0000        7.528973515402
            15.0000      1.0000      -35.549806702187
            16.0000      1.0000       -3.034685838827
            17.0000      1.0000      -45.543679540822
            18.0000      1.0000      -40.169612734606
            19.0000      1.0000      -27.835303229485
            20.0000      1.0000      -41.575955414533
            21.0000      1.0000      -40.705617570923
            22.0000      1.0000      -39.685472841219
            23.0000      1.0000      -32.176433448727
            24.0000      1.0000      -55.442633794313
            25.0000      1.0000      -49.515282898201
            26.0000      1.0000      -26.070415897665
            27.0000      1.0000      -15.888764843746
            28.0000      1.0000      -19.369339682556
            29.0000      1.0000       -6.571096412603
            30.0000      1.0000      -36.424764586987
            31.0000      1.0000      -31.805231627408
            32.0000      1.0000       -3.791982200106
            33.0000      1.0000       -2.089304605011
            34.0000      1.0000       -9.467924817358
            35.0000      1.0000       72.238660626193
            36.0000      1.0000      -10.850345606340
            37.0000      1.0000       34.040763299178
            38.0000      1.0000       -7.078774106840
            39.0000      1.0000      -29.917242771688
            40.0000      1.0000      -30.069748226008
            41.0000      1.0000      -27.674639921085
            42.0000      1.0000      -22.933371427029
            43.0000      1.0000       -2.132633394830
            44.0000      1.0000      -12.898500391206
            45.0000      1.0000      -62.122288874875
            46.0000      1.0000      -48.133722651465
            47.0000      1.0000      -57.545277516379
            48.0000      1.0000      -60.338740529964
            49.0000      1.0000      -53.434332641484
            50.0000      1.0000      -25.563355522529
            51.0000      1.0000      -39.550401341985
            52.0000      1.0000      -29.905455258999
            53.0000      1.0000      -28.246740688807
            54.0000      1.0000      -29.092117098671
            55.0000      1.0000      -18.241225549320
           -95.0000      0.0000      -12.115025824070
           -94.0000      0.0000      -12.895005267558
           -93.0000      0.0000        5.595113857475
           -92.0000      0.0000      -23.015290212331
           -91.0000      0.0000        0.915362818604
           -90.0000      0.0000      -10.811121899617
           -89.0000      0.0000       -4.041566107757
           -88.0000      0.0000      -11.142512860612
           -87.0000      0.0000       -3.129188921627
           -86.0000      0.0000       -1.500825643741
           -85.0000      0.0000       -5.735722690977
           -84.0000      0.0000       -6.530616799412
           -83.0000      0.0000        3.550319360554
           -82.0000      0.0000       45.260495716043
           -81.0000      0.0000      -25.839333229744
           -80.0000      0.0000       30.016057491890
           -79.0000      0.0000       64.782315288071
           -78.0000      0.0000      147.706378114426
           -77.0000      0.0000      -39.410415375182
           -76.0000      0.0000       27.780876027536
           -75.0000      0.0000       25.349834987791
           -74.0000      0.0000       41.382715147210
           -73.0000      0.0000        4.929076396353
           -72.0000      0.0000       39.302780333121
           -71.0000      0.0000       53.569536294661
           -70.0000      0.0000       26.538670601390
           -69.0000      0.0000       14.830855359819
           -68.0000      0.0000       28.389153165679
           -67.0000      0.0000       -1.273815738014
           -66.0000      0.0000        7.426845559206
           -65.0000      0.0000        0.802835302950
           -64.0000      0.0000        7.817874020219
           -63.0000      0.0000        2.160667616450
           -62.0000      0.0000       13.565553792433
           -61.0000      0.0000        9.250057130014
           -60.0000      0.0000       -4.386593477817
           -59.0000      0.0000      -16.692298309489
           -58.0000      0.0000      -46.923627942160
           -57.0000      0.0000      -33.442028424454
           -56.0000      0.0000      -22.884101664662
           -55.0000      0.0000       -5.521923381457
           -54.0000      0.0000      -35.720790686217
           -53.0000      0.0000      -30.169435012005
           -52.0000      0.0000       -9.028036573119
           -51.0000      0.0000        6.337714942413
           -50.0000      0.0000      -23.903091509043
           -49.0000      0.0000      -21.381229774437
           -48.0000      0.0000      -18.033941673786
           -47.0000      0.0000      -28.946919479410
           -46.0000      0.0000       -8.968622914165
           -45.0000      0.0000       20.871688823877
           -44.0000      0.0000      -20.841345007300
           -43.0000      0.0000      -49.594003349302
           -42.0000      0.0000      -33.295325792361
           -41.0000      0.0000      -26.700377296324
           -40.0000      0.0000      -28.768375613061
           -39.0000      0.0000      -25.367868154620
           -38.0000      0.0000      -21.349152263034
           -37.0000      0.0000      -27.542256110696
           -36.0000      0.0000      -29.102809168444
           -35.0000      0.0000      -37.943841813332
           -34.0000      0.0000      -24.089064828201
           -33.0000      0.0000      -13.005821960348
           -32.0000      0.0000      -16.727212972909
           -31.0000      0.0000       -7.190640809896
           -30.0000      0.0000       -7.365084685276
           -29.0000      0.0000       -0.568174274851
           -28.0000      0.0000        9.710839039181
           -27.0000      0.0000       22.749791942749
           -26.0000      0.0000       22.646608856695
           -25.0000      0.0000       34.532555431233
           -24.0000      0.0000       27.063295854736
           -23.0000      0.0000       14.842237572832
           -22.0000      0.0000       12.423144938793
           -21.0000      0.0000       12.119202435365
           -20.0000      0.0000       24.947590806928
           -19.0000      0.0000        6.442121234713
           -18.0000      0.0000       13.729729824149
           -17.0000      0.0000       12.762658013244
           -16.0000      0.0000       40.991410203905
           -15.0000      0.0000       24.870654170655
           -14.0000      0.0000       27.435318443404
           -13.0000      0.0000       24.323123048040
           -12.0000      0.0000       21.385682427203
           -11.0000      0.0000        9.421662752208
           -10.0000      0.0000       -2.397322690873
            -9.0000      0.0000       -1.506288660629
            -8.0000      0.0000       10.502888949148
            -7.0000      0.0000        6.378076037029
            -6.0000      0.0000       20.450063808034
            -5.0000      0.0000       21.877478059325
            -4.0000      0.0000       12.371030206819
            -3.0000      0.0000       -3.329688487365
            -2.0000      0.0000        1.324955800717
            -1.0000      0.0000        0.115232823305
            -0.0000      0.0000        2.525208978069
             1.0000      0.0000        1.071430056922
             2.0000      0.0000        2.517587238171
             3.0000      0.0000       20.231855251532
             4.0000      0.0000        9.667889897461
             5.0000      0.0000        6.526809836831
             6.0000      0.0000       32.691611363284
             7.0000      0.0000       42.959786633850
             8.0000      0.0000       -7.090775329688
             9.0000      0.0000        3.595017485646
            10.0000      0.0000      -33.435875960256
            11.0000      0.0000       12.190081110439
            12.0000      0.0000        5.034705086724
            13.0000      0.0000       22.645202634894
            14.0000      0.0000       -8.250912781785
            15.0000      0.0000      -28.285839476629
            16.0000      0.0000       -9.093260913992
            17.0000      0.0000      -42.068770188372
            18.0000      0.0000      -40.149677662870
            19.0000      0.0000      -45.585038774919
            20.0000      0.0000      -43.529028691687
            21.0000      0.0000      -45.139876969526
            22.0000      0.0000      -29.311427219998
            23.0000      0.0000      -45.987673081023
            24.0000      0.0000      -56.306244643615
            25.0000      0.0000      -42.643393770956
            26.0000      0.0000      -33.852062840853
            27.0000      0.0000        3.290007826652
            28.0000      0.0000      -13.852733471270
            29.0000      0.0000       59.163386628015
            30.0000      0.0000       17.520030569859
            31.0000      0.0000        6.418367656894
            32.0000      0.0000        8.616896715460
            33.0000      0.0000        5.680016707888
            34.0000      0.0000      -32.379357198112
            35.0000      0.0000      -16.489459907921
            36.0000      0.0000        5.191808253591
            37.0000      0.0000       94.244422396508
            38.0000      0.0000       -5.539848664330
            39.0000      0.0000        0.159408015026
            40.0000      0.0000      -21.978542256439
            41.0000      0.0000      -29.065101486755
            42.0000      0.0000      -33.038443215726
            43.0000      0.0000       -6.456483554037
            44.0000      0.0000      -74.344610682731
            45.0000      0.0000      -60.398045843830
            46.0000      0.0000      -37.316707458055
            47.0000      0.0000      -59.474869444307
            48.0000      0.0000      -46.992567859266
            49.0000      0.0000      -47.333914800580
            50.0000      0.0000      -28.166610416767
            51.0000      0.0000      -33.240076932880
            52.0000      0.0000      -27.532210186032
            53.0000      0.0000      -29.496731472602
            54.0000      0.0000      -16.425455504759
            55.0000      0.0000      -26.982172029725
           -95.0000     -1.0000       -5.210559138502
           -94.0000     -1.0000      -14.370964267436
           -93.0000     -1.0000       -2.601976185860
           -92.0000     -1.0000      -29.801659911296
           -91.0000     -1.0000       27.519331750313
           -90.0000     -1.0000       44.142750669176
           -89.0000     -1.0000       15.319772856275
           -88.0000     -1.0000       13.373252725570
           -87.0000     -1.0000        0.467500878444
           -86.0000     -1.0000      -10.045042523630
           -85.0000     -1.0000        3.578104035901
           -84.0000     -1.0000       12.664102116115
           -83.0000     -1.0000       17.418677002278
           -82.0000     -1.0000       26.255618194792
           -81.0000     -1.0000       -7.138211056755
           -80.0000     -1.0000       36.440708570387
           -79.0000     -1.0000      110.012263983067
           -78.0000     -1.0000       87.816774256585
           -77.0000     -1.0000      -17.695457439166
           -76.0000     -1.0000       22.574200586664
           -75.0000     -1.0000       29.458353181532
           -74.0000     -1.0000       55.804250180859
           -73.0000     -1.0000       52.069356019419
           -72.0000     -1.0000       41.387734330053
           -71.0000     -1.0000       36.772653690409
           -70.0000     -1.0000       26.270920638398
           -69.0000     -1.0000       34.112808107964
           -68.0000     -1.0000       16.524351617940
           -67.0000     -1.0000        7.543221597428
           -66.0000     -1.0000        8.769023187089
           -65.0000     -1.0000       18.427988422632
           -64.0000     -1.0000        8.209397349213
           -63.0000     -1.0000      -21.965401751095
           -62.0000     -1.0000      -10.051589556519
           -61.0000     -1.0000      -15.002683180810
           -60.0000     -1.0000        2.808480273465
           -59.0000     -1.0000      -24.589001586503
           -58.0000     -1.0000      -23.185392241981
           -57.0000     -1.0000      -58.481852307196
           -56.0000     -1.0000      -39.717416263839
           -55.0000     -1.0000      -26.197887502995
           -54.0000     -1.0000      -27.884023300238
           -53.0000     -1.0000        1.637906542613
           -52.0000     -1.0000      -25.375056989067
           -51.0000     -1.0000        0.539820895782
           -50.0000     -1.0000      -23.662973725845
           -49.0000     -1.0000      -16.855615037919
           -48.0000     -1.0000      -15.022926004431
           -47.0000     -1.0000      -14.839386453998
           -46.0000     -1.0000        7.379988604111
           -45.0000     -1.0000       18.167494677958
           -44.0000     -1.0000       -0.465026558054
           -43.0000     -1.0000      -20.844303814461
           -42.0000     -1.0000      -41.204230089802
           -41.0000     -1.0000      -34.398817194454
           -40.0000     -1.0000      -25.287954792862
           -39.0000     -1.0000       -8.357001119496
           -38.0000     -1.0000      -15.850381721141
           -37.0000     -1.0000      -10.180869662773
           -36.0000     -1.0000        0.600856508370
           -35.0000     -1.0000       19.029289700288
           -34.0000     -1.0000       13.234296883246
           -33.0000     -1.0000       10.267555572034
           -32.0000     -1.0000       21.096269050903
           -31.0000     -1.0000       27.191516223785
           -30.0000     -1.0000       27.284744226399
           -29.0000     -1.0000       40.548024063289
           -28.0000     -1.0000       29.357605479009
           -27.0000     -1.0000       37.713851883996
           -26.0000     -1.0000        3.329811006950
           -25.0000     -1.0000        5.199008998183
           -24.0000     -1.0000        3.753867802006
           -23.0000     -1.0000       11.777144154400
           -22.0000     -1.0000       -9.980865959200
           -21.0000     -1.0000      -16.125281160007
           -20.0000     -1.0000       -9.167651057702
           -19.0000     -1.0000       11.639304842832
           -18.0000     -1.0000       28.252892558725
           -17.0000     -1.0000       37.407308607291
           -16.0000     -1.0000       41.180127966209
           -15.0000     -1.0000       19.718103118425
           -14.0000     -1.0000        5.532279611116
           -13.0000     -1.0000       20.386246116775
           -12.0000     -1.0000       20.873016835601
           -11.0000     -1.0000       18.606813852170
           -10.0000     -1.0000       23.029887100582
            -9.0000     -1.0000       18.214877047190
            -8.0000     -1.0000       12.088472550611
            -7.0000     -1.0000       19.868002997922
            -6.0000     -1.0000        1.412151394921
            -5.0000     -1.0000        3.178874348058
            -4.0000     -1.0000        0.627995282168
            -3.0000     -1.0000       10.085023544349
            -2.0000     -1.0000        7.267934482963
            -1.0000     -1.0000        9.222609539783
            -0.0000     -1.0000       10.752034685064
             1.0000     -1.0000        4.341725511018
             2.0000     -1.0000       18.021320423292
             3.0000     -1.0000       16.427833647695
             4.0000     -1.0000       17.875970390148
             5.0000     -1.0000       20.631211311833
             6.0000     -1.0000       19.253197434641
             7.0000     -1.0000       -6.958144303492
             8.0000     -1.0000       51.758362101007
             9.0000     -1.0000       18.950385021479
            10.0000     -1.0000       -2.930226897016
            11.0000     -1.0000       21.699828551574
            12.0000     -1.0000       22.532045099342
            13.0000     -1.0000        6.483249809402
            14.0000     -1.0000       14.568504585104
            15.0000     -1.0000       -8.647228771015
            16.0000     -1.0000      -26.308276874085
            17.0000     -1.0000      -19.070653983135
            18.0000     -1.0000      -69.741840095769
            19.0000     -1.0000      -45.234680141820
            20.0000     -1.0000      -46.798578413692
            21.0000     -1.0000      -63.480781652239
            22.0000     -1.0000      -50.811822654984
            23.0000     -1.0000      -52.033592419561
            24.0000     -1.0000      -51.021188362701
            25.0000     -1.0000      -32.749523211984
            26.0000     -1.0000      -23.072151284670
            27.0000     -1.0000      -19.039550309892
            28.0000     -1.0000      -10.177260176182
            29.0000     -1.0000       40.952603764074
            30.0000     -1.0000       22.421949852215
            31.0000     -1.0000       -4.851441726730
            32.0000     -1.0000      -18.616547677640
            33.0000     -1.0000      -45.755435101126
            34.0000     -1.0000      -15.440647433571
            35.0000     -1.0000       10.712698232952
            36.0000     -1.0000       32.112664759277
            37.0000     -1.0000       23.384762197072
            38.0000     -1.0000       -9.336402551477
            39.0000     -1.0000      -12.357750508136
            40.0000     -1.0000      -23.137287426055
            41.0000     -1.0000      -28.509020484862
            42.0000     -1.0000        4.793599753660
            43.0000     -1.0000      -65.069811350701
            44.0000     -1.0000      -44.058565065216
            45.0000     -1.0000      -34.357265897851
            46.0000     -1.0000      -28.680307251125
            47.0000     -1.0000      -50.669351196940
            48.0000     -1.0000      -63.424254948550
            49.0000     -1.0000      -28.449114651898
            50.0000     -1.0000      -39.585657138781
            51.0000     -1.0000      -28.839406132400
            52.0000     -1.0000      -28.951813721433
            53.0000     -1.0000      -30.833044684958
            54.0000     -1.0000      -24.503844248222
            55.0000     -1.0000      -13.260771608001
           -95.0000     -2.0000      -13.601484673384
           -94.0000     -2.0000       -9.093423549266
           -93.0000     -2.0000       -8.991166381828
           -92.0000     -2.0000       -4.761459892825
           -91.0000     -2.0000      -27.595213600969
           -90.0000     -2.0000      -24.865618500183
           -89.0000     -2.0000      -22.582291571457
           -88.0000     -2.0000      -16.538918343282
           -87.0000     -2.0000       -5.731569621818
           -86.0000     -2.0000       -4.446505466736
           -85.0000     -2.0000       -3.723068598841
           -84.0000     -2.0000       10.173294400968
           -83.0000     -2.0000        4.584697151440
           -82.0000     -2.0000       -6.583630911145
           -81.0000     -2.0000       35.746184324995
           -80.0000     -2.0000       61.456332837319
           -79.0000     -2.0000      141.294611262904
           -78.0000     -2.0000       53.982140803462
           -77.0000     -2.0000       -9.765857291445
           -76.0000     -2.0000       -0.906326041696
           -75.0000     -2.0000       26.082448778728
           -74.0000     -2.0000       33.085970538165
           -73.0000     -2.0000       48.457051203681
           -72.0000     -2.0000       28.644805756148
           -71.0000     -2.0000       26.834822012168
           -70.0000     -2.0000       32.979613009377
           -69.0000     -2.0000       30.094582256383
           -68.0000     -2.0000       13.237055055749
           -67.0000     -2.0000        2.089338981544
           -66.0000     -2.0000       16.625955904563
           -65.0000     -2.0000        5.137263944012
           -64.0000     -2.0000        1.042461422952
           -63.0000     -2.0000       -4.433347793196
           -62.0000     -2.0000       -0.097847076231
           -61.0000     -2.0000      -13.106440321263
           -60.0000     -2.0000       -3.169480562312
           -59.0000     -2.0000      -19.189725741504
           -58.0000     -2.0000      -16.794347087813
           -57.0000     -2.0000       -1.804759711227
           -56.0000     -2.0000       12.971102851927
           -55.0000     -2.0000      -58.159543125415
           -54.0000     -2.0000      -27.891508588388
           -53.0000     -2.0000      -11.272024603167
           -52.0000     -2.0000      -24.942869605097
           -51.0000     -2.0000      -18.751559424230
           -50.0000     -2.0000       -5.951837138078
           -49.0000     -2.0000      -24.137097674287
           -48.0000     -2.0000      -32.627912689232
           -47.0000     -2.0000       12.422680254574
           -46.0000     -2.0000      -28.713740648525
           -45.0000     -2.0000      -72.606607746106
           -44.0000     -2.0000       -5.530891976026
           -43.0000     -2.0000        4.813622491243
           -42.0000     -2.0000        8.311696854831
           -41.0000     -2.0000       11.110067468297
           -40.0000     -2.0000      -15.660027470477
           -39.0000     -2.0000      -37.912282499255
           -38.0000     -2.0000       -9.975882460648
           -37.0000     -2.0000      -35.981248846240
           -36.0000     -2.0000      -19.310537886100
           -35.0000     -2.0000      -18.489406972444
           -34.0000     -2.0000      -28.206360922838
           -33.0000     -2.0000      -27.549839615473
           -32.0000     -2.0000      -35.706423576850
           -31.0000     -2.0000      -30.168689184547
           -30.0000     -2.0000      -34.245533738342
           -29.0000     -2.0000      -41.571696781613
           -28.0000     -2.0000      -24.300432435334
           -27.0000     -2.0000      -35.609701569471
           -26.0000     -2.0000       -7.260337058094
           -25.0000     -2.0000        1.748659080059
           -24.0000     -2.0000        5.790471034527
           -23.0000     -2.0000       -1.640791175669
           -22.0000     -2.0000       10.359491407891
           -21.0000     -2.0000       13.111366856019
           -20.0000     -2.0000       12.638090118120
           -19.0000     -2.0000        9.438220048130
           -18.0000     -2.0000        4.785720835245
           -17.0000     -2.0000        1.306746661363
           -16.0000     -2.0000       -0.816905632275
           -15.0000     -2.0000       12.068538155916
           -14.0000     -2.0000       22.514886853637
           -13.0000     -2.0000       23.486964149627
           -12.0000     -2.0000       21.339092469884
           -11.0000     -2.0000       14.722667268840
           -10.0000     -2.0000       19.550851056480
            -9.0000     -2.0000       13.079573008821
            -8.0000     -2.0000       11.909167983474
            -7.0000     -2.0000       10.068582161589
            -6.0000     -2.0000        1.961936690626
            -5.0000     -2.0000       -6.957520487793
            -4.0000     -2.0000       13.593539036380
            -3.0000     -2.0000       -7.244186447454
            -2.0000     -2.0000       10.274103605535
            -1.0000     -2.0000       25.758568422329
            -0.0000     -2.0000       15.671535317239
             1.0000     -2.0000       23.488598211084
             2.0000     -2.0000       19.775359931438
             3.0000     -2.0000       16.966568635370
             4.0000     -2.0000       24.345369231768
             5.0000     -2.0000       16.901235819821
             6.0000     -2.0000       14.751221459472
             7.0000     -2.0000       11.775588015753
             8.0000     -2.0000        4.810582136954
             9.0000     -2.0000       18.924324093344
            10.0000     -2.0000      -30.209286354490
            11.0000     -2.0000      -19.195896721398
            12.0000     -2.0000       16.830114627607
            13.0000     -2.0000       37.865759400617
            14.0000     -2.0000       10.957092039703
            15.0000     -2.0000       14.028860828420
            16.0000     -2.0000      -14.128497200519
            17.0000     -2.0000      -14.786544213413
            18.0000     -2.0000      -18.454683781739
            19.0000     -2.0000      -40.083824460296
            20.0000     -2.0000      -60.640915456106
            21.0000     -2.0000      -55.068049534716
            22.0000     -2.0000      -56.913542905086
            23.0000     -2.0000      -55.543206203897
            24.0000     -2.0000      -45.232953053568
            25.0000     -2.0000      -51.932092347297
            26.0000     -2.0000      -47.298147767362
            27.0000     -2.0000      -15.685897791244
            28.0000     -2.0000        3.870439598090
            29.0000     -2.0000       65.017787652581
            30.0000     -2.0000       24.928342219279
            31.0000     -2.0000       -1.037895315480
            32.0000     -2.0000      -36.333368325347
            33.0000     -2.0000      -13.107943762482
            34.0000     -2.0000      -30.961032911688
            35.0000     -2.0000       11.282632524654
            36.0000     -2.0000      -45.374411172161
            37.0000     -2.0000       53.261430610445
            38.0000     -2.0000       -3.648176702057
            39.0000     -2.0000      -22.828233021010
            40.0000     -2.0000      -30.167209827455
            41.0000     -2.0000       11.325470449648
            42.0000     -2.0000      -68.511387384346
            43.0000     -2.0000      -67.947897728264
            44.0000     -2.0000      -26.215526714461
            45.0000     -2.0000      -50.082065154670
            46.0000     -2.0000      -47.858271529884
            47.0000     -2.0000      -55.527544499690
            48.0000     -2.0000      -32.531380735531
            49.0000     -2.0000      -43.652439322991
            50.0000     -2.0000      -29.895067366978
            51.0000     -2.0000      -16.846022378452
            52.0000     -2.0000      -28.620015794558
            53.0000     -2.0000      -24.881228899757
            54.0000     -2.0000      -17.432469243709
            55.0000     -2.0000      -23.654993898162
           -95.0000     -3.0000      -13.791927390130
           -94.0000     -3.0000      -12.297660394312
           -93.0000     -3.0000      -12.561771963302
           -92.0000     -3.0000      -16.161549650194
           -91.0000     -3.0000      -10.703120765476
           -90.0000     -3.0000       -5.647015394925
           -89.0000     -3.0000       -9.587760867642
           -88.0000     -3.0000       -9.164102797105
           -87.0000     -3.0000      -10.932625732930
           -86.0000     -3.0000       -4.698245522602
           -85.0000     -3.0000        3.161269538753
           -84.0000     -3.0000        0.069190360199
           -83.0000     -3.0000       17.560851011750
           -82.0000     -3.0000      -19.955348091986
           -81.0000     -3.0000      -64.216221407628
           -80.0000     -3.0000      -81.890899570010
           -79.0000     -3.0000      151.577737685119
           -78.0000     -3.0000      -34.247797817033
           -77.0000     -3.0000      -60.133140645099
           -76.0000     -3.0000       20.147453610023
           -75.0000     -3.0000       22.628045218116
           -74.0000     -3.0000       38.358249590347
           -73.0000     -3.0000       26.856599823709
           -72.0000     -3.0000       28.748995897878
           -71.0000     -3.0000       33.195595540623
           -70.0000     -3.0000       27.523940055605
           -69.0000     -3.0000       17.644033860537
           -68.0000     -3.0000      -14.463390141219
           -67.0000     -3.0000        1.639516320330
           -66.0000     -3.0000       14.785616213348
           -65.0000     -3.0000      -11.126947932007
           -64.0000     -3.0000      -17.838954222802
           -63.0000     -3.0000       -9.625867512012
           -62.0000     -3.0000      -12.982642217180
           -61.0000     -3.0000      -26.443794059425
           -60.0000     -3.0000      -30.694237180150
           -59.0000     -3.0000      -53.397481409629
           -58.0000     -3.0000      -17.011205729328
           -57.0000     -3.0000       17.370824014344
           -56.0000     -3.0000       -9.103231744051
           -55.0000     -3.0000       34.139361480763
           -54.0000     -3.0000       18.688917153105
           -53.0000     -3.0000      -19.378153856629
           -52.0000     -3.0000      -18.845674552078
           -51.0000     -3.0000        2.983242676972
           -50.0000     -3.0000       -0.190397054835
           -49.0000     -3.0000      -17.683594503152
           -48.0000     -3.0000      -42.507094123588
           -47.0000     -3.0000      -41.288793413588
           -46.0000     -3.0000      -40.530684921192
           -45.0000     -3.0000      -53.807748042410
           -44.0000     -3.0000      -16.315704403679
           -43.0000     -3.0000      -39.359780533809
           -42.0000     -3.0000      -51.258029711333
           -41.0000     -3.0000        2.067244762437
           -40.0000     -3.0000       20.113737440159
           -39.0000     -3.0000       19.619265377672
           -38.0000     -3.0000       -0.679792109689
           -37.0000     -3.0000      -15.790375898705
           -36.0000     -3.0000      -22.160358677867
           -35.0000     -3.0000       -6.134656670596
           -34.0000     -3.0000      -20.547863166278
           -33.0000     -3.0000       -8.802857556030
           -32.0000     -3.0000       -0.856133786386
           -31.0000     -3.0000       -4.351547836175
           -30.0000     -3.0000       -8.945825782797
           -29.0000     -3.0000        0.032704558532
           -28.0000     -3.0000      -12.905591916173
           -27.0000     -3.0000        2.224085116569
           -26.0000     -3.0000       -9.622609541529
           -25.0000     -3.0000      -13.738522064702
           -24.0000     -3.0000      -24.266658807276
           -23.0000     -3.0000      -16.541154717466
           -22.0000     -3.0000      -21.655049527191
           -21.0000     -3.0000      -19.482604988690
           -20.0000     -3.0000       -7.661993595262
           -19.0000     -3.0000       -8.535508383241
           -18.0000     -3.0000       -9.498481488888
           -17.0000     -3.0000        0.496106149793
           -16.0000     -3.0000        7.327229186064
           -15.0000     -3.0000        9.474130937192
           -14.0000     -3.0000        5.223787823555
           -13.0000     -3.0000       21.021131825651
           -12.0000     -3.0000       28.311745386261
           -11.0000     -3.0000       14.728215161301
           -10.0000     -3.0000        5.553309819498
            -9.0000     -3.0000       10.251771249692
            -8.0000     -3.0000       11.520442644699
            -7.0000     -3.0000        5.625865428241
            -6.0000     -3.0000       12.205229963042
            -5.0000     -3.0000       20.367586888888
            -4.0000     -3.0000        5.548082255758
            -3.0000     -3.0000        4.955037517960
            -2.0000     -3.0000        5.082189167440
            -1.0000     -3.0000       20.399319533036
            -0.0000     -3.0000       12.962155985395
             1.0000     -3.0000       22.538295165339
             2.0000     -3.0000       20.787135468116
             3.0000     -3.0000        9.511862943159
             4.0000     -3.0000        0.537511127125
             5.0000     -3.0000        5.657753541793
             6.0000     -3.0000       -3.768771121876
             7.0000     -3.0000       -6.247962314121
             8.0000     -3.0000      -29.370841486409
             9.0000     -3.0000       -5.852120609967
            10.0000     -3.0000       10.370542879468
            11.0000     -3.0000      -25.316389311664
            12.0000     -3.0000      -31.542477136962
            13.0000     -3.0000       -2.418054540198
            14.0000     -3.0000       18.842098082981
            15.0000     -3.0000        6.937226457529
            16.0000     -3.0000      -10.325875031159
            17.0000     -3.0000      -39.241308406849
            18.0000     -3.0000      -48.720027940826
            19.0000     -3.0000      -42.213753286485
            20.0000     -3.0000      -41.013009349264
            21.0000     -3.0000      -34.117763035365
            22.0000     -3.0000      -52.539311215900
            23.0000     -3.0000      -47.584764056817
            24.0000     -3.0000      -46.891198349430
            25.0000     -3.0000      -58.932548791708
            26.0000     -3.0000      -32.952810475198
            27.0000     -3.0000      -34.161848006276
            28.0000     -3.0000      -11.962207759385
            29.0000     -3.0000       46.282253562856
            30.0000     -3.0000       44.851980332411
            31.0000     -3.0000        2.185238380153
            32.0000     -3.0000      -18.056325463710
            33.0000     -3.0000      -24.328224332793
            34.0000     -3.0000       -1.260541981298
            35.0000     -3.0000       11.038135040407
            36.0000     -3.0000      -24.622214758161
            37.0000     -3.0000       48.708455067430
            38.0000     -3.0000       23.972315079318
            39.0000     -3.0000        1.425647856665
            40.0000     -3.0000      -42.661045661616
            41.0000     -3.0000        4.531078930971
            42.0000     -3.0000      -66.484123060664
            43.0000     -3.0000      -38.476536064282
            44.0000     -3.0000      -20.274589786469
            45.0000     -3.0000      -42.521934811704
            46.0000     -3.0000      -45.949238381835
            47.0000     -3.0000      -32.908707124468
            48.0000     -3.0000      -49.908777920415
            49.0000     -3.0000      -28.723890729104
            50.0000     -3.0000      -32.432374721980
            51.0000     -3.0000      -13.033755814490
            52.0000     -3.0000      -15.163145142739
            53.0000     -3.0000      -27.247084259453
            54.0000     -3.0000      -18.547993416211
            55.0000     -3.0000      -27.885856320037
           -95.0000     -4.0000       -5.151699847032
           -94.0000     -4.0000      -21.462756905790
           -93.0000     -4.0000      -11.057801412046
           -92.0000     -4.0000      -18.498182207160
           -91.0000     -4.0000      -13.727077269331
           -90.0000     -4.0000      -11.983356768216
           -89.0000     -4.0000      -17.418233553107
           -88.0000     -4.0000       -9.462488938930
           -87.0000     -4.0000       -6.439392001135
           -86.0000     -4.0000      -13.069461295202
           -85.0000     -4.0000       -4.331018795941
           -84.0000     -4.0000        8.100428616788
           -83.0000     -4.0000        1.662507358992
           -82.0000     -4.0000      -70.833342075835
           -81.0000     -4.0000       15.985523217209
           -80.0000     -4.0000       69.951956332213
           -79.0000     -4.0000       63.137911277027
           -78.0000     -4.0000      -18.080675893000
           -77.0000     -4.0000      -34.210673564881
           -76.0000     -4.0000      -25.864632310737
           -75.0000     -4.0000        7.368876269000
           -74.0000     -4.0000       39.675328292248
           -73.0000     -4.0000       46.088478493113
           -72.0000     -4.0000       25.057659327844
           -71.0000     -4.0000       37.932323763285
           -70.0000     -4.0000       25.128109095516
           -69.0000     -4.0000       26.490354007515
           -68.0000     -4.0000        2.552059521634
           -67.0000     -4.0000        1.720331577598
           -66.0000     -4.0000       11.872954928813
           -65.0000     -4.0000       17.083389983384
           -64.0000     -4.0000      -30.622334661126
           -63.0000     -4.0000      -48.541998622006
           -62.0000     -4.0000      -14.978721180383
           -61.0000     -4.0000        1.767318343133
           -60.0000     -4.0000       26.233856995013
           -59.0000     -4.0000       19.737452197533
           -58.0000     -4.0000       18.273749958853
           -57.0000     -4.0000      -33.786893777562
           -56.0000     -4.0000      -54.683303924471
           -55.0000     -4.0000      -37.436963220422
           -54.0000     -4.0000      -34.501135781846
           -53.0000     -4.0000      -54.624049673077
           -52.0000     -4.0000      -51.395732540146
           -51.0000     -4.0000      -23.288323756350
           -50.0000     -4.0000      -33.943639183949
           -49.0000     -4.0000      -42.716880317290
           -48.0000     -4.0000      -17.496695372756
           -47.0000     -4.0000      -29.308145096761
           -46.0000     -4.0000      -52.285507212750
           -45.0000     -4.0000      -67.721119285732
           -44.0000     -4.0000      -33.527902462967
           -43.0000     -4.0000       -7.354473257054
           -42.0000     -4.0000      -26.075551303199
           -41.0000     -4.0000       12.779680454928
           -40.0000     -4.0000      -24.140877322976
           -39.0000     -4.0000       15.519321246292
           -38.0000     -4.0000       29.433435160150
           -37.0000     -4.0000      -12.803835787846
           -36.0000     -4.0000       13.972121689187
           -35.0000     -4.0000      -13.151651559463
           -34.0000     -4.0000       12.372236132027
           -33.0000     -4.0000       14.034222470867
           -32.0000     -4.0000       -3.611602001020
           -31.0000     -4.0000      -10.649800998546
           -30.0000     -4.0000       11.135818616202
           -29.0000     -4.0000       -9.403917549843
           -28.0000     -4.0000       -9.686882626304
           -27.0000     -4.0000      -12.509054208775
           -26.0000     -4.0000       -1.274268005000
           -25.0000     -4.0000      -10.306975706566
           -24.0000     -4.0000       -5.933749708498
           -23.0000     -4.0000        0.213190202386
           -22.0000     -4.0000        9.836488182247
           -21.0000     -4.0000       -2.558565622549
           -20.0000     -4.0000        0.326977826877
           -19.0000     -4.0000       12.480178899800
           -18.0000     -4.0000        9.511356550909
           -17.0000     -4.0000        7.649791202996
           -16.0000     -4.0000       22.190135002418
           -15.0000     -4.0000       13.749660836199
           -14.0000     -4.0000       11.839421329776
           -13.0000     -4.0000       18.528370026661
           -12.0000     -4.0000       26.941376653691
           -11.0000     -4.0000       14.766209878458
           -10.0000     -4.0000       15.437576245044
            -9.0000     -4.0000       16.542252668418
            -8.0000     -4.0000       18.489784100671
            -7.0000     -4.0000        9.243386406276
            -6.0000     -4.0000       12.180792012925
            -5.0000     -4.0000       20.683723109096
            -4.0000     -4.0000        8.159825122745
            -3.0000     -4.0000       13.539092248121
            -2.0000     -4.0000       31.418008860568
            -1.0000     -4.0000       12.759360589531
            -0.0000     -4.0000       15.789986045396
             1.0000     -4.0000       15.366678179797
             2.0000     -4.0000       14.963010853949
             3.0000     -4.0000        3.027567759519
             4.0000     -4.0000       -5.208362168309
             5.0000     -4.0000       -4.653802228335
             6.0000     -4.0000      -14.930780681516
             7.0000     -4.0000      -12.959709913585
             8.0000     -4.0000       -5.386788998594
             9.0000     -4.0000      -65.394353180543
            10.0000     -4.0000      -13.182152317639
            11.0000     -4.0000        4.393017296269
            12.0000     -4.0000      -46.288566624116
            13.0000     -4.0000      -13.797744534872
            14.0000     -4.0000       -4.326431219675
            15.0000     -4.0000      -11.377989222931
            16.0000     -4.0000      -15.464925805478
            17.0000     -4.0000      -20.552069054189
            18.0000     -4.0000      -29.164609210510
            19.0000     -4.0000      -25.302914473942
            20.0000     -4.0000      -41.621632285284
            21.0000     -4.0000      -15.167294234294
            22.0000     -4.0000      -22.823981384807
            23.0000     -4.0000      -32.780894809315
            24.0000     -4.0000      -34.058701121663
            25.0000     -4.0000      -49.667228385434
            26.0000     -4.0000      -33.465709517134
            27.0000     -4.0000      -27.817418749560
            28.0000     -4.0000       -7.121829844016
            29.0000     -4.0000       22.441524136465
            30.0000     -4.0000       21.520075059940
            31.0000     -4.0000      -23.486397807582
            32.0000     -4.0000      -14.108051766671
            33.0000     -4.0000      -21.377496813901
            34.0000     -4.0000      -63.028044315207
            35.0000     -4.0000      -10.000213784543
            36.0000     -4.0000      -10.474229825968
            37.0000     -4.0000       16.367693964955
            38.0000     -4.0000       -7.414913983887
            39.0000     -4.0000       11.494350024239
            40.0000     -4.0000      -52.921385757546
            41.0000     -4.0000      -15.140034240652
            42.0000     -4.0000      -30.312501454747
            43.0000     -4.0000      -48.747118913434
            44.0000     -4.0000      -45.122761815228
            45.0000     -4.0000      -49.881653326523
            46.0000     -4.0000      -39.249213522769
            47.0000     -4.0000      -36.790175846664
            48.0000     -4.0000      -23.984544162069
            49.0000     -4.0000      -32.820135857637
            50.0000     -4.0000      -30.080413086914
            51.0000     -4.0000      -24.695565462679
            52.0000     -4.0000      -31.562314945737
            53.0000     -4.0000      -18.667362708310
            54.0000     -4.0000      -11.181365633074
            55.0000     -4.0000       35.533890574783
           -95.0000     -5.0000      -21.434435011081
           -94.0000     -5.0000       -8.020210129122
           -93.0000     -5.0000      -25.566721574415
           -92.0000     -5.0000      -16.914850299446
           -91.0000     -5.0000      -14.685951815651
           -90.0000     -5.0000      -10.131434062685
           -89.0000     -5.0000      -17.109883485416
           -88.0000     -5.0000      -14.261409757379
           -87.0000     -5.0000       -9.965941756742
           -86.0000     -5.0000       -5.291310242857
           -85.0000     -5.0000      -11.742396868650
           -84.0000     -5.0000        1.110036590924
           -83.0000     -5.0000       21.072239962223
           -82.0000     -5.0000     -113.878737873613
           -81.0000     -5.0000       81.708417312836
           -80.0000     -5.0000       90.644904059335
           -79.0000     -5.0000       66.018113516664
           -78.0000     -5.0000      -43.532603532791
           -77.0000     -5.0000      -66.843553695301
           -76.0000     -5.0000      -35.266199293302
           -75.0000     -5.0000      -19.361078857596
           -74.0000     -5.0000       18.630063392223
           -73.0000     -5.0000       32.107717538378
           -72.0000     -5.0000       38.227993712127
           -71.0000     -5.0000       38.673328381717
           -70.0000     -5.0000       22.392487522955
           -69.0000     -5.0000       35.570557821134
           -68.0000     -5.0000       10.944599821471
           -67.0000     -5.0000       23.209896466360
           -66.0000     -5.0000       30.482832756205
           -65.0000     -5.0000       20.519453298687
           -64.0000     -5.0000      -22.047659017905
           -63.0000     -5.0000      -40.592938242322
           -62.0000     -5.0000      -17.808149477872
           -61.0000     -5.0000      -27.766405363366
           -60.0000     -5.0000      -24.905167106611
           -59.0000     -5.0000      -31.183291011432
           -58.0000     -5.0000      -45.389685973456
           -57.0000     -5.0000      -29.679548185151
           -56.0000     -5.0000      -23.549235845018
           -55.0000     -5.0000      -35.599471552885
           -54.0000     -5.0000      -38.652105046733
           -53.0000     -5.0000      -25.413879297341
           -52.0000     -5.0000      -16.972582074348
           -51.0000     -5.0000      -12.788869774979
           -50.0000     -5.0000       11.576744026118
           -49.0000     -5.0000      -46.532097776379
           -48.0000     -5.0000        0.109319314026
           -47.0000     -5.0000      -33.142761879276
           -46.0000     -5.0000      -40.137112345285
           -45.0000     -5.0000      -42.503641227194
           -44.0000     -5.0000      -38.638391326636
           -43.0000     -5.0000      -38.233237070016
           -42.0000     -5.0000      -29.569900463469
           -41.0000     -5.0000       -5.700229661985
           -40.0000     -5.0000        5.249381377705
           -39.0000     -5.0000       27.312361768823
           -38.0000     -5.0000       12.180036211435
           -37.0000     -5.0000       11.569300493042
           -36.0000     -5.0000       17.611706884981
           -35.0000     -5.0000        9.947674180235
           -34.0000     -5.0000      -22.337816702033
           -33.0000     -5.0000      -29.606192730640
           -32.0000     -5.0000      -12.395770072683
           -31.0000     -5.0000       -1.423453464579
           -30.0000     -5.0000       -9.623949494717
           -29.0000     -5.0000       -2.385844613451
           -28.0000     -5.0000       -9.795281290956
           -27.0000     -5.0000       -8.354447893470
           -26.0000     -5.0000      -12.366188236463
           -25.0000     -5.0000       -7.576670966126
           -24.0000     -5.0000       -9.339455776834
           -23.0000     -5.0000       -7.837707911016
           -22.0000     -5.0000       -6.856901692630
           -21.0000     -5.0000       -6.387836731476
           -20.0000     -5.0000       -0.350585004607
           -19.0000     -5.0000        5.725333250797
           -18.0000     -5.0000        9.522035462040
           -17.0000     -5.0000        8.019694987296
           -16.0000     -5.0000       12.410356046035
           -15.0000     -5.0000       19.181724655932
           -14.0000     -5.0000       10.204810961870
           -13.0000     -5.0000       23.240328001801
           -12.0000     -5.0000       14.529487901302
           -11.0000     -5.0000       19.369822495570
           -10.0000     -5.0000       13.634607352202
            -9.0000     -5.0000       20.268925365486
            -8.0000     -5.0000       16.949602657357
            -7.0000     -5.0000       18.615316949196
            -6.0000     -5.0000        5.644485450577
            -5.0000     -5.0000        8.303610948148
            -4.0000     -5.0000        4.088378628480
            -3.0000     -5.0000        0.180521278654
            -2.0000     -5.0000        3.827438864860
            -1.0000     -5.0000       15.468774567248
            -0.0000     -5.0000       21.441249726252
             1.0000     -5.0000       17.646571261037
             2.0000     -5.0000       -5.233892616990
             3.0000     -5.0000      -10.971406029831
             4.0000     -5.0000       -5.188875110388
             5.0000     -5.0000      -12.665525166699
             6.0000     -5.0000       -9.367601910680
             7.0000     -5.0000      -10.243308576713
             8.0000     -5.0000       -8.676138275081
             9.0000     -5.0000        6.675406314316
            10.0000     -5.0000      -22.500973368414
            11.0000     -5.0000      -18.639874678158
            12.0000     -5.0000      -38.059094709920
            13.0000     -5.0000       -9.162514391332
            14.0000     -5.0000      -13.650811472884
            15.0000     -5.0000      -20.011396955138
            16.0000     -5.0000       12.233449038101
            17.0000     -5.0000      -11.010983802055
            18.0000     -5.0000      -36.190346152721
            19.0000     -5.0000      -35.478864500203
            20.0000     -5.0000      -30.647304467034
            21.0000     -5.0000      -34.649968770390
            22.0000     -5.0000      -35.924657994457
            23.0000     -5.0000      -44.075901420583
            24.0000     -5.0000      -25.373440181437
            25.0000     -5.0000      -28.137336988796
            26.0000     -5.0000      -42.399161155142
            27.0000     -5.0000      -24.398556529599
            28.0000     -5.0000      -27.536856928281
            29.0000     -5.0000      -24.813539620271
            30.0000     -5.0000      -42.082146644056
            31.0000     -5.0000       -3.924894639969
            32.0000     -5.0000       -0.482605366930
            33.0000     -5.0000      -33.367927568349
            34.0000     -5.0000      -41.996905820055
            35.0000     -5.0000        4.825826020789
            36.0000     -5.0000      -20.698678761040
            37.0000     -5.0000       22.591789563714
            38.0000     -5.0000        1.549178881342
            39.0000     -5.0000      -26.764152211154
            40.0000     -5.0000      -20.617968655631
            41.0000     -5.0000      -36.778917046490
            42.0000     -5.0000      -51.564988399300
            43.0000     -5.0000      -43.182295139177
            44.0000     -5.0000      -45.037825808721
            45.0000     -5.0000      -43.310548290534
            46.0000     -5.0000      -28.582601855723
            47.0000     -5.0000      -35.825195022133
            48.0000     -5.0000      -34.801902168355
            49.0000     -5.0000      -30.884922594782
            50.0000     -5.0000      -32.049729453169
            51.0000     -5.0000      -21.243245068120
            52.0000     -5.0000      -14.643405955685
            53.0000     -5.0000       -8.240207069607
            54.0000     -5.0000      -38.648968691204
            55.0000     -5.0000       15.368754155222
           -95.0000     -6.0000      -11.554436254124
           -94.0000     -6.0000      -18.981784479156
           -93.0000     -6.0000      -14.325651204513
           -92.0000     -6.0000      -19.107598151972
           -91.0000     -6.0000      -14.345341467362
           -90.0000     -6.0000      -12.220140699231
           -89.0000     -6.0000      -18.999200231540
           -88.0000     -6.0000      -15.403422124683
           -87.0000     -6.0000       -7.416138180397
           -86.0000     -6.0000      -12.435729321665
           -85.0000     -6.0000       -0.882145700916
           -84.0000     -6.0000       -2.433316524373
           -83.0000     -6.0000       12.179479379339
           -82.0000     -6.0000     -110.667311345644
           -81.0000     -6.0000       89.431116364202
           -80.0000     -6.0000      -52.763155127521
           -79.0000     -6.0000       66.629968751348
           -78.0000     -6.0000       97.362679537662
           -77.0000     -6.0000       18.767207963533
           -76.0000     -6.0000      -13.515074023409
           -75.0000     -6.0000      -33.693082707655
           -74.0000     -6.0000       -0.778160347423
           -73.0000     -6.0000       29.947776863022
           -72.0000     -6.0000       47.461280155751
           -71.0000     -6.0000       51.146314285475
           -70.0000     -6.0000       48.135176414835
           -69.0000     -6.0000       73.025087586182
           -68.0000     -6.0000       32.951955165155
           -67.0000     -6.0000        6.998465879391
           -66.0000     -6.0000       15.282979100351
           -65.0000     -6.0000        2.936597478184
           -64.0000     -6.0000      -12.624129537950
           -63.0000     -6.0000      -13.613403015655
           -62.0000     -6.0000        5.286863897742
           -61.0000     -6.0000      -20.473962430523
           -60.0000     -6.0000      -11.277999173424
           -59.0000     -6.0000       -5.848732566663
           -58.0000     -6.0000       11.955860488359
           -57.0000     -6.0000      -21.061174765482
           -56.0000     -6.0000      -19.227461534430
           -55.0000     -6.0000      -31.229076946875
           -54.0000     -6.0000      -33.751022932037
           -53.0000     -6.0000      -51.042234152149
           -52.0000     -6.0000      -37.005476792034
           -51.0000     -6.0000        7.171550224889
           -50.0000     -6.0000       18.371443814456
           -49.0000     -6.0000      -39.628329532095
           -48.0000     -6.0000      -20.839772051016
           -47.0000     -6.0000      -48.717286361815
           -46.0000     -6.0000      -40.810386912114
           -45.0000     -6.0000      -23.796593772439
           -44.0000     -6.0000      -28.119233354190
           -43.0000     -6.0000      -29.143344892031
           -42.0000     -6.0000      -27.657061915704
           -41.0000     -6.0000        8.401161579899
           -40.0000     -6.0000        5.318504489779
           -39.0000     -6.0000      -16.737236854424
           -38.0000     -6.0000       26.144783283245
           -37.0000     -6.0000        3.481406657121
           -36.0000     -6.0000       12.604639362314
           -35.0000     -6.0000       24.992177861349
           -34.0000     -6.0000      -25.802149368184
           -33.0000     -6.0000        2.979128179782
           -32.0000     -6.0000       -6.632976867936
           -31.0000     -6.0000      -14.041039016538
           -30.0000     -6.0000      -15.212709661367
           -29.0000     -6.0000      -16.948296776913
           -28.0000     -6.0000       -8.616839956920
           -27.0000     -6.0000      -19.899038956365
           -26.0000     -6.0000      -12.777294222898
           -25.0000     -6.0000       -7.264675122213
           -24.0000     -6.0000       -4.921168069917
           -23.0000     -6.0000       -7.435914779296
           -22.0000     -6.0000       -5.197239418319
           -21.0000     -6.0000       -0.891663258899
           -20.0000     -6.0000      -10.022368750032
           -19.0000     -6.0000        6.574006073268
           -18.0000     -6.0000        3.191833892751
           -17.0000     -6.0000       13.172191252126
           -16.0000     -6.0000       12.150045295350
           -15.0000     -6.0000        0.425094247728
           -14.0000     -6.0000       18.603373393094
           -13.0000     -6.0000       12.618772878007
           -12.0000     -6.0000       26.987218976036
           -11.0000     -6.0000       22.566688994946
           -10.0000     -6.0000       15.719315091047
            -9.0000     -6.0000        6.684776778416
            -8.0000     -6.0000       -3.838505484509
            -7.0000     -6.0000       -6.651602877239
            -6.0000     -6.0000        6.602410098381
            -5.0000     -6.0000       -2.452752093152
            -4.0000     -6.0000        0.422361661962
            -3.0000     -6.0000       11.857228351672
            -2.0000     -6.0000       20.629390786824
            -1.0000     -6.0000       19.030922184608
            -0.0000     -6.0000       11.396737106949
             1.0000     -6.0000       25.158530874864
             2.0000     -6.0000      -20.355800251024
             3.0000     -6.0000       -1.426345652633
             4.0000     -6.0000      -11.601056934948
             5.0000     -6.0000      -11.233814047871
             6.0000     -6.0000      -15.005865020245
             7.0000     -6.0000      -13.701664836886
             8.0000     -6.0000      -16.205212702426
             9.0000     -6.0000      -14.231994651782
            10.0000     -6.0000        9.041026994588
            11.0000     -6.0000        9.085903020031
            12.0000     -6.0000       50.519607883146
            13.0000     -6.0000      -23.178860269687
            14.0000     -6.0000      -36.086617475311
            15.0000     -6.0000       10.178550132942
            16.0000     -6.0000        9.841130674166
            17.0000     -6.0000       -0.020904950714
            18.0000     -6.0000        7.357297110072
            19.0000     -6.0000       23.238575444098
            20.0000     -6.0000      -13.383557245550
            21.0000     -6.0000       -3.963686939523
            22.0000     -6.0000       -5.231126032018
            23.0000     -6.0000      -33.383681687181
            24.0000     -6.0000      -40.804842940174
            25.0000     -6.0000      -25.837107912810
            26.0000     -6.0000      -13.674062286453
            27.0000     -6.0000      -35.000626544607
            28.0000     -6.0000      -38.955027979144
            29.0000     -6.0000       10.046832514659
            30.0000     -6.0000       -8.846867041142
            31.0000     -6.0000       15.778505972027
            32.0000     -6.0000       15.996796902456
            33.0000     -6.0000      -43.239564138734
            34.0000     -6.0000        2.738384771244
            35.0000     -6.0000      -38.350185718758
            36.0000     -6.0000        0.490592575674
            37.0000     -6.0000       44.249859963533
            38.0000     -6.0000       -6.197666824172
            39.0000     -6.0000      -39.243962450553
            40.0000     -6.0000      -34.651460632949
            41.0000     -6.0000      -38.780200925060
            42.0000     -6.0000      -54.664798956652
            43.0000     -6.0000      -39.270205246353
            44.0000     -6.0000      -28.844950144715
            45.0000     -6.0000      -27.312037477436
            46.0000     -6.0000      -26.646599353344
            47.0000     -6.0000      -34.023056112878
            48.0000     -6.0000      -18.399245582586
            49.0000     -6.0000      -36.626585057125
            50.0000     -6.0000      -16.061809067286
            51.0000     -6.0000      -24.974272474992
            52.0000     -6.0000      -19.409435041095
            53.0000     -6.0000       18.289658693931
            54.0000     -6.0000      -24.206214338496
            55.0000     -6.0000      -19.344354338562
           -95.0000     -7.0000      -11.847080394638
           -94.0000     -7.0000      -15.797387232073
           -93.0000     -7.0000      -23.319062737438
           -92.0000     -7.0000      -16.335323803995
           -91.0000     -7.0000      -16.344464541660
           -90.0000     -7.0000      -26.633126724452
           -89.0000     -7.0000      -20.017663034267
           -88.0000     -7.0000       -6.712474738915
           -87.0000     -7.0000      -18.563743060328
           -86.0000     -7.0000       -5.950655769464
           -85.0000     -7.0000       -8.678426559551
           -84.0000     -7.0000       -1.649328888601
           -83.0000     -7.0000        5.443285676886
           -82.0000     -7.0000      -61.466661773701
           -81.0000     -7.0000      -18.150201473575
           -80.0000     -7.0000      -21.796819920373
           -79.0000     -7.0000       82.651646662976
           -78.0000     -7.0000      107.433724934593
           -77.0000     -7.0000      -62.880193849763
           -76.0000     -7.0000      -22.683490734336
           -75.0000     -7.0000      -12.958396064418
           -74.0000     -7.0000       51.004396369468
           -73.0000     -7.0000       36.393034834115
           -72.0000     -7.0000       47.869689298929
           -71.0000     -7.0000       25.106936889810
           -70.0000     -7.0000       29.700033252002
           -69.0000     -7.0000       43.072177075810
           -68.0000     -7.0000       21.019047069617
           -67.0000     -7.0000       27.080560242222
           -66.0000     -7.0000        8.503078572986
           -65.0000     -7.0000       -3.155357488650
           -64.0000     -7.0000        3.426429448358
           -63.0000     -7.0000        4.209665582604
           -62.0000     -7.0000        3.354878162204
           -61.0000     -7.0000       -6.157407351145
           -60.0000     -7.0000       -6.401822160882
           -59.0000     -7.0000        4.909442345336
           -58.0000     -7.0000        3.303237014382
           -57.0000     -7.0000      -20.513262859086
           -56.0000     -7.0000      -22.937534410666
           -55.0000     -7.0000      -36.432178628711
           -54.0000     -7.0000      -25.370950593256
           -53.0000     -7.0000      -21.311218635345
           -52.0000     -7.0000      -26.424234688104
           -51.0000     -7.0000       -6.437015451433
           -50.0000     -7.0000       -5.055993812345
           -49.0000     -7.0000      -64.187773865188
           -48.0000     -7.0000      -19.287602270429
           -47.0000     -7.0000      -37.007779284912
           -46.0000     -7.0000      -35.978869870402
           -45.0000     -7.0000      -30.939177014312
           -44.0000     -7.0000      -30.500070990758
           -43.0000     -7.0000      -43.155590886236
           -42.0000     -7.0000      -30.069386838402
           -41.0000     -7.0000       11.467635891804
           -40.0000     -7.0000       13.486415719316
           -39.0000     -7.0000       -7.701338893242
           -38.0000     -7.0000       -8.017234854891
           -37.0000     -7.0000       21.943877884554
           -36.0000     -7.0000       42.781449708445
           -35.0000     -7.0000       42.397813707305
           -34.0000     -7.0000      -36.361918480630
           -33.0000     -7.0000      -13.952361934487
           -32.0000     -7.0000      -21.057838590808
           -31.0000     -7.0000      -19.918483869352
           -30.0000     -7.0000      -14.344329912121
           -29.0000     -7.0000      -15.783549119662
           -28.0000     -7.0000      -21.796924239957
           -27.0000     -7.0000      -12.306836785830
           -26.0000     -7.0000      -10.590359519160
           -25.0000     -7.0000       -9.961829280827
           -24.0000     -7.0000      -18.031761446666
           -23.0000     -7.0000       -9.606650672066
           -22.0000     -7.0000       -5.289868282072
           -21.0000     -7.0000       -0.017971413409
           -20.0000     -7.0000        0.480120048221
           -19.0000     -7.0000        7.576036156734
           -18.0000     -7.0000       12.649572194013
           -17.0000     -7.0000        4.583934067159
           -16.0000     -7.0000        9.098328102202
           -15.0000     -7.0000        4.513417387257
           -14.0000     -7.0000        1.421440502398
           -13.0000     -7.0000        3.088061377841
           -12.0000     -7.0000        2.879388303961
           -11.0000     -7.0000       12.648393168952
           -10.0000     -7.0000       12.162235486721
            -9.0000     -7.0000       15.928257769278
            -8.0000     -7.0000       14.771042103481
            -7.0000     -7.0000        2.744487193561
            -6.0000     -7.0000        0.475580315343
            -5.0000     -7.0000        6.868412712072
            -4.0000     -7.0000       12.510336321516
            -3.0000     -7.0000        5.784483606623
            -2.0000     -7.0000       13.274793884734
            -1.0000     -7.0000       18.951343322658
            -0.0000     -7.0000       13.501518880073
             1.0000     -7.0000       -7.288380594691
             2.0000     -7.0000       -6.168754684478
             3.0000     -7.0000      -18.549982674108
             4.0000     -7.0000      -11.397862000611
             5.0000     -7.0000       -6.841413188998
             6.0000     -7.0000      -15.048459753038
             7.0000     -7.0000      -11.586325080347
             8.0000     -7.0000      -10.545862109783
             9.0000     -7.0000      -15.957979167648
            10.0000     -7.0000      -16.853750269862
            11.0000     -7.0000       20.273485668196
            12.0000     -7.0000       55.110330059956
            13.0000     -7.0000       16.135206141806
            14.0000     -7.0000      -17.079797450561
            15.0000     -7.0000       19.708165880929
            16.0000     -7.0000       41.572436514432
            17.0000     -7.0000      -10.993774673441
            18.0000     -7.0000       15.253662671390
            19.0000     -7.0000       10.838357756339
            20.0000     -7.0000      -15.864467438824
            21.0000     -7.0000      -16.733065820264
            22.0000     -7.0000      -46.158625530078
            23.0000     -7.0000      -30.157185252483
            24.0000     -7.0000      -22.067807222163
            25.0000     -7.0000      -31.269852143395
            26.0000     -7.0000        2.162792827681
            27.0000     -7.0000      -40.836517200977
            28.0000     -7.0000      -54.239290581397
            29.0000     -7.0000       32.296139388069
            30.0000     -7.0000      -73.347259686372
            31.0000     -7.0000       -7.437885963658
            32.0000     -7.0000      -10.976902006826
            33.0000     -7.0000       22.527245552372
            34.0000     -7.0000       17.677910141641
            35.0000     -7.0000      -48.960617472729
            36.0000     -7.0000      -30.726892753186
            37.0000     -7.0000       -2.052459377234
            38.0000     -7.0000      -23.570484734333
            39.0000     -7.0000      -16.378328816126
            40.0000     -7.0000      -26.602253114105
            41.0000     -7.0000      -37.359325878067
            42.0000     -7.0000      -45.617129164633
            43.0000     -7.0000      -41.385018997428
            44.0000     -7.0000      -34.153187346121
            45.0000     -7.0000      -26.974330366733
            46.0000     -7.0000      -48.304925882672
            47.0000     -7.0000      -78.815023157675
            48.0000     -7.0000      -84.453263012160
            49.0000     -7.0000        5.602937717934
            50.0000     -7.0000      -24.696285471618
            51.0000     -7.0000       -6.929752757992
            52.0000     -7.0000       -2.602931320698
            53.0000     -7.0000      -26.429226435122
            54.0000     -7.0000      -24.629048763692
            55.0000     -7.0000      -28.892134150777
           -95.0000     -8.0000      -14.225123686046
           -94.0000     -8.0000      -11.069635505639
           -93.0000     -8.0000      -14.421426208195
           -92.0000     -8.0000      -23.892694400112
           -91.0000     -8.0000      -10.244336247726
           -90.0000     -8.0000      -15.868361622821
           -89.0000     -8.0000      -16.151838677342
           -88.0000     -8.0000      -11.143546678867
           -87.0000     -8.0000      -15.673862769207
           -86.0000     -8.0000      -18.240758367308
           -85.0000     -8.0000      -11.542029801837
           -84.0000     -8.0000       -4.702545693285
           -83.0000     -8.0000       -3.969190632421
           -82.0000     -8.0000        4.208696886971
           -81.0000     -8.0000     -103.777242839069
           -80.0000     -8.0000       32.338185069260
           -79.0000     -8.0000       41.519245912527
           -78.0000     -8.0000      127.436850691457
           -77.0000     -8.0000       59.801469851695
           -76.0000     -8.0000      -53.210322620184
           -75.0000     -8.0000      -58.042461418905
           -74.0000     -8.0000       29.964329784131
           -73.0000     -8.0000       31.514756775341
           -72.0000     -8.0000       21.793800009775
           -71.0000     -8.0000       52.277585468020
           -70.0000     -8.0000       32.195205668248
           -69.0000     -8.0000       32.763906999632
           -68.0000     -8.0000       15.323559321862
           -67.0000     -8.0000       19.621253916268
           -66.0000     -8.0000        0.541774945166
           -65.0000     -8.0000       -1.179923017316
           -64.0000     -8.0000       21.832628339701
           -63.0000     -8.0000       24.398920383714
           -62.0000     -8.0000        4.660272647647
           -61.0000     -8.0000        7.556641405798
           -60.0000     -8.0000        0.119118061532
           -59.0000     -8.0000        2.283768771173
           -58.0000     -8.0000        5.084417227076
           -57.0000     -8.0000        7.797114862829
           -56.0000     -8.0000        5.903247814971
           -55.0000     -8.0000      -21.099411109220
           -54.0000     -8.0000      -30.822495357906
           -53.0000     -8.0000      -24.894653910804
           -52.0000     -8.0000       10.315430065350
           -51.0000     -8.0000       10.555209194247
           -50.0000     -8.0000      -32.062384461282
           -49.0000     -8.0000      -62.079885874411
           -48.0000     -8.0000      -16.387793192935
           -47.0000     -8.0000      -38.790523287406
           -46.0000     -8.0000      -32.151798115615
           -45.0000     -8.0000      -30.878918988727
           -44.0000     -8.0000      -32.773282351179
           -43.0000     -8.0000      -25.190670306012
           -42.0000     -8.0000       -8.374376097904
           -41.0000     -8.0000       13.195887708140
           -40.0000     -8.0000       12.571183941785
           -39.0000     -8.0000        8.846857210562
           -38.0000     -8.0000       13.864594381051
           -37.0000     -8.0000       25.709564618931
           -36.0000     -8.0000        7.242708695398
           -35.0000     -8.0000       39.237490543924
           -34.0000     -8.0000      -19.049104019250
           -33.0000     -8.0000      -23.570128795955
           -32.0000     -8.0000      -26.353049238039
           -31.0000     -8.0000      -25.033845752868
           -30.0000     -8.0000      -18.394656591020
           -29.0000     -8.0000       -9.056405875974
           -28.0000     -8.0000      -19.898303571272
           -27.0000     -8.0000      -21.778371858208
           -26.0000     -8.0000      -17.905435213681
           -25.0000     -8.0000      -20.983086390294
           -24.0000     -8.0000      -22.500911168294
           -23.0000     -8.0000      -19.128279806884
           -22.0000     -8.0000      -14.195516545318
           -21.0000     -8.0000      -18.626281121337
           -20.0000     -8.0000       -9.580391889086
           -19.0000     -8.0000        2.559598553025
           -18.0000     -8.0000        1.565080570424
           -17.0000     -8.0000        0.630126208961
           -16.0000     -8.0000       -3.017384240841
           -15.0000     -8.0000       11.148289889886
           -14.0000     -8.0000       25.553754953133
           -13.0000     -8.0000       21.953454224493
           -12.0000     -8.0000       13.225484966584
           -11.0000     -8.0000       16.639754241851
           -10.0000     -8.0000        6.417330357936
            -9.0000     -8.0000       -2.827769105792
            -8.0000     -8.0000        5.955892560649
            -7.0000     -8.0000        5.311470358528
            -6.0000     -8.0000        4.000631978075
            -5.0000     -8.0000       12.082689597609
            -4.0000     -8.0000        9.090436183043
            -3.0000     -8.0000        7.620146307463
            -2.0000     -8.0000       12.965185574905
            -1.0000     -8.0000       22.317461369334
            -0.0000     -8.0000        2.993635649237
             1.0000     -8.0000       20.922734409829
             2.0000     -8.0000      -14.533453766429
             3.0000     -8.0000       -1.237867243700
             4.0000     -8.0000      -13.691325519593
             5.0000     -8.0000       -9.934063682858
             6.0000     -8.0000      -11.240704168554
             7.0000     -8.0000       -8.816514881117
             8.0000     -8.0000       -7.552375953971
             9.0000     -8.0000      -14.463581889525
            10.0000     -8.0000       -6.481108698030
            11.0000     -8.0000       -3.347335429707
            12.0000     -8.0000      -11.293773092980
            13.0000     -8.0000       35.747400896691
            14.0000     -8.0000      -19.137330134518
            15.0000     -8.0000        4.860048695884
            16.0000     -8.0000       31.479304616743
            17.0000     -8.0000       -0.977341919723
            18.0000     -8.0000      -11.867000757346
            19.0000     -8.0000        4.367623255819
            20.0000     -8.0000       -5.793658738602
            21.0000     -8.0000       -9.794824783856
            22.0000     -8.0000       -8.046995719650
            23.0000     -8.0000        4.485373503743
            24.0000     -8.0000       10.782351527009
            25.0000     -8.0000       10.510539371645
            26.0000     -8.0000      -41.123733612991
            27.0000     -8.0000      -50.308763412154
            28.0000     -8.0000        5.157119743672
            29.0000     -8.0000        3.658434190725
            30.0000     -8.0000       12.362401512382
            31.0000     -8.0000      -31.794123020211
            32.0000     -8.0000      -23.545847291138
            33.0000     -8.0000      -39.452184553206
            34.0000     -8.0000      -21.647958260124
            35.0000     -8.0000        6.229193936581
            36.0000     -8.0000       33.614542921274
            37.0000     -8.0000      -32.876056607321
            38.0000     -8.0000      -30.833359737676
            39.0000     -8.0000      -11.234469595515
            40.0000     -8.0000      -15.671730756385
            41.0000     -8.0000      -53.815382924388
            42.0000     -8.0000      -42.633528063533
            43.0000     -8.0000      -43.087005010991
            44.0000     -8.0000      -31.334001424329
            45.0000     -8.0000      -33.400618715784
            46.0000     -8.0000      -71.029848742837
            47.0000     -8.0000       57.253213257523
            48.0000     -8.0000      -68.684986585363
            49.0000     -8.0000      -12.326015614523
            50.0000     -8.0000       -6.479271216586
            51.0000     -8.0000      -31.004869937308
            52.0000     -8.0000      -19.975150479035
            53.0000     -8.0000       -8.067921021807
            54.0000     -8.0000      -19.048340353731
            55.0000     -8.0000       -7.868080117750
           -95.0000     -9.0000      -11.746023796681
           -94.0000     -9.0000      -15.500864932159
           -93.0000     -9.0000      -19.644616879556
           -92.0000     -9.0000      -11.479492912457
           -91.0000     -9.0000      -16.067813660831
           -90.0000     -9.0000      -10.717622841397
           -89.0000     -9.0000      -20.481229029672
           -88.0000     -9.0000      -17.731461940850
           -87.0000     -9.0000       -9.694836529999
           -86.0000     -9.0000      -12.505817648176
           -85.0000     -9.0000      -11.893371140654
           -84.0000     -9.0000       -9.492875918759
           -83.0000     -9.0000        3.723474581124
           -82.0000     -9.0000        7.166461175151
           -81.0000     -9.0000      -98.708254135799
           -80.0000     -9.0000       12.703934562990
           -79.0000     -9.0000       27.656610191381
           -78.0000     -9.0000       62.157370853191
           -77.0000     -9.0000      123.966784963927
           -76.0000     -9.0000      -43.128253951814
           -75.0000     -9.0000      -23.449697554779
           -74.0000     -9.0000      -30.971415717365
           -73.0000     -9.0000       59.058074574939
           -72.0000     -9.0000       14.757318562804
           -71.0000     -9.0000       33.621619671754
           -70.0000     -9.0000       44.085592294672
           -69.0000     -9.0000       43.540281709079
           -68.0000     -9.0000       40.004123935287
           -67.0000     -9.0000       14.729879915838
           -66.0000     -9.0000        3.955971722054
           -65.0000     -9.0000       -7.316690764641
           -64.0000     -9.0000        3.703770987196
           -63.0000     -9.0000       22.686096154701
           -62.0000     -9.0000       21.307993429741
           -61.0000     -9.0000       -3.544883295472
           -60.0000     -9.0000       19.191370168361
           -59.0000     -9.0000        0.507093703445
           -58.0000     -9.0000      -16.241257242640
           -57.0000     -9.0000      -20.227778808067
           -56.0000     -9.0000      -10.173072094610
           -55.0000     -9.0000       -4.776479092187
           -54.0000     -9.0000      -41.700511076482
           -53.0000     -9.0000      -13.731812547900
           -52.0000     -9.0000      -12.878550535178
           -51.0000     -9.0000       -3.709120136034
           -50.0000     -9.0000      -32.672808059911
           -49.0000     -9.0000      -37.857342859706
           -48.0000     -9.0000      -17.193582064289
           -47.0000     -9.0000      -23.703101406684
           -46.0000     -9.0000      -34.861978438619
           -45.0000     -9.0000      -29.986656964407
           -44.0000     -9.0000        0.606412511676
           -43.0000     -9.0000       25.123241213174
           -42.0000     -9.0000        4.464589073878
           -41.0000     -9.0000      -16.013459671596
           -40.0000     -9.0000       -7.446804812793
           -39.0000     -9.0000      -12.647449826391
           -38.0000     -9.0000      -10.635955165592
           -37.0000     -9.0000       16.563919978720
           -36.0000     -9.0000       28.402438870974
           -35.0000     -9.0000       14.031707630508
           -34.0000     -9.0000      -34.233356656266
           -33.0000     -9.0000      -22.226716834347
           -32.0000     -9.0000      -12.186994982383
           -31.0000     -9.0000      -23.799995913136
           -30.0000     -9.0000      -25.016251923807
           -29.0000     -9.0000       -7.541053524727
           -28.0000     -9.0000      -15.011777312978
           -27.0000     -9.0000      -19.242036458696
           -26.0000     -9.0000      -10.816537387026
           -25.0000     -9.0000      -14.917515943612
           -24.0000     -9.0000       -9.695924626084
           -23.0000     -9.0000       -5.022728073136
           -22.0000     -9.0000       -5.635504344429
           -21.0000     -9.0000        3.783893301910
           -20.0000     -9.0000        4.900715829066
           -19.0000     -9.0000       15.615591091822
           -18.0000     -9.0000        9.730687567148
           -17.0000     -9.0000       13.161547679393
           -16.0000     -9.0000       15.790596825484
           -15.0000     -9.0000        9.596205896263
           -14.0000     -9.0000       17.082978355453
           -13.0000     -9.0000       22.448984008785
           -12.0000     -9.0000        6.300257493461
           -11.0000     -9.0000        6.348007971000
           -10.0000     -9.0000        6.031433882687
            -9.0000     -9.0000        6.353863318679
            -8.0000     -9.0000        6.423488217577
            -7.0000     -9.0000       14.278319345957
            -6.0000     -9.0000       -4.236182195815
            -5.0000     -9.0000        6.633313090213
            -4.0000     -9.0000        3.359313695565
            -3.0000     -9.0000        7.603046456558
            -2.0000     -9.0000        1.609766134474
            -1.0000     -9.0000        1.503510034988
            -0.0000     -9.0000      -16.114241570264
             1.0000     -9.0000      -31.595048391769
             2.0000     -9.0000       -7.981138721783
             3.0000     -9.0000      -15.490980262572
             4.0000     -9.0000       -8.349206245835
             5.0000     -9.0000       -8.490868273434
             6.0000     -9.0000       -3.775298702982
             7.0000     -9.0000       -9.894580186404
             8.0000     -9.0000       -8.656017886019
             9.0000     -9.0000       -2.529735355299
            10.0000     -9.0000       -5.910265827374
            11.0000     -9.0000       -7.791739912683
            12.0000     -9.0000       -0.316498847127
            13.0000     -9.0000       44.357640055311
            14.0000     -9.0000       27.958197782885
            15.0000     -9.0000       11.659346311518
            16.0000     -9.0000       58.410584091692
            17.0000     -9.0000        3.874787704896
            18.0000     -9.0000       -9.308672371589
            19.0000     -9.0000       31.742611723489
            20.0000     -9.0000       14.915600848531
            21.0000     -9.0000      -11.246569701979
            22.0000     -9.0000        9.670319842636
            23.0000     -9.0000        7.050495246213
            24.0000     -9.0000        2.041608627633
            25.0000     -9.0000      -16.636862354313
            26.0000     -9.0000      -50.153996292607
            27.0000     -9.0000       15.342937331046
            28.0000     -9.0000       17.715645291687
            29.0000     -9.0000      -44.098107299666
            30.0000     -9.0000      -23.699122193051
            31.0000     -9.0000      -19.179749756846
            32.0000     -9.0000       35.594235935775
            33.0000     -9.0000       49.613406721158
            34.0000     -9.0000       16.830403107567
            35.0000     -9.0000       73.102642975498
            36.0000     -9.0000      -82.792526964709
            37.0000     -9.0000      -11.510431274446
            38.0000     -9.0000      -23.279753855888
            39.0000     -9.0000        0.966915337662
            40.0000     -9.0000      -66.882469325743
            41.0000     -9.0000      -59.519743388279
            42.0000     -9.0000      -33.667342945164
            43.0000     -9.0000      -42.281429026120
            44.0000     -9.0000      -28.248191898124
            45.0000     -9.0000      -14.202556883775
            46.0000     -9.0000      -74.590055854106
            47.0000     -9.0000       17.085964655286
            48.0000     -9.0000      -81.081675580072
            49.0000     -9.0000        0.089855636828
            50.0000     -9.0000      -31.086111202073
            51.0000     -9.0000      -13.968461482377
            52.0000     -9.0000        5.470331055002
            53.0000     -9.0000      -34.373004147818
            54.0000     -9.0000      -12.898756940224
            55.0000     -9.0000       -5.256885899068
           -95.0000    -10.0000       -4.684196003415
           -94.0000    -10.0000      -16.958688206563
           -93.0000    -10.0000       -8.188536737127
           -92.0000    -10.0000      -11.479194778324
           -91.0000    -10.0000      -14.700556562519
           -90.0000    -10.0000      -15.266630420638
           -89.0000    -10.0000       -4.632610197524
           -88.0000    -10.0000      -12.185897305998
           -87.0000    -10.0000       -7.665552829533
           -86.0000    -10.0000      -10.643753319175
           -85.0000    -10.0000      -12.632845435895
           -84.0000    -10.0000       -6.972416525420
           -83.0000    -10.0000       -7.023607387335
           -82.0000    -10.0000       -3.972983058912
           -81.0000    -10.0000      -20.302308263699
           -80.0000    -10.0000     -119.066999227894
           -79.0000    -10.0000        2.418507334710
           -78.0000    -10.0000       74.448315740326
           -77.0000    -10.0000      133.935530709376
           -76.0000    -10.0000      114.974224918816
           -75.0000    -10.0000      -32.488732465122
           -74.0000    -10.0000       18.006447563707
           -73.0000    -10.0000       29.046098326977
           -72.0000    -10.0000       34.516874634118
           -71.0000    -10.0000       53.539513545245
           -70.0000    -10.0000       33.982799650418
           -69.0000    -10.0000       27.414196201728
           -68.0000    -10.0000       36.949504269593
           -67.0000    -10.0000       28.690825721286
           -66.0000    -10.0000       38.702138992721
           -65.0000    -10.0000       30.145779547589
           -64.0000    -10.0000       32.411363018265
           -63.0000    -10.0000       27.550316645865
           -62.0000    -10.0000       15.656014655388
           -61.0000    -10.0000       29.455246091337
           -60.0000    -10.0000        7.687128960356
           -59.0000    -10.0000        1.270243879333
           -58.0000    -10.0000       -3.019582282051
           -57.0000    -10.0000       17.400550036910
           -56.0000    -10.0000       13.874526119866
           -55.0000    -10.0000      -13.928783924702
           -54.0000    -10.0000      -18.507196335033
           -53.0000    -10.0000      -15.725356630277
           -52.0000    -10.0000       -6.797851691035
           -51.0000    -10.0000        7.285859252684
           -50.0000    -10.0000      -31.461337512635
           -49.0000    -10.0000      -23.397204335157
           -48.0000    -10.0000        3.346144789500
           -47.0000    -10.0000      -46.100269283509
           -46.0000    -10.0000      -14.523628268737
           -45.0000    -10.0000       17.088129495621
           -44.0000    -10.0000       25.575149627718
           -43.0000    -10.0000      -45.662915249788
           -42.0000    -10.0000      -31.745155937437
           -41.0000    -10.0000        3.362769717119
           -40.0000    -10.0000        0.941421582014
           -39.0000    -10.0000      -12.877489487479
           -38.0000    -10.0000      -12.709952831161
           -37.0000    -10.0000       -9.458781179984
           -36.0000    -10.0000       -3.253973095628
           -35.0000    -10.0000      -41.634204407477
           -34.0000    -10.0000      -21.755022177560
           -33.0000    -10.0000      -21.577914666399
           -32.0000    -10.0000      -28.199301439484
           -31.0000    -10.0000      -13.236002145975
           -30.0000    -10.0000      -17.641996261970
           -29.0000    -10.0000      -22.688464112937
           -28.0000    -10.0000      -12.355888607925
           -27.0000    -10.0000      -13.028343049988
           -26.0000    -10.0000      -23.049831855415
           -25.0000    -10.0000      -26.360131655793
           -24.0000    -10.0000      -19.619425643114
           -23.0000    -10.0000      -10.919122014060
           -22.0000    -10.0000       -5.292058206159
           -21.0000    -10.0000       -4.948186390723
           -20.0000    -10.0000       11.635165179106
           -19.0000    -10.0000        2.706605082955
           -18.0000    -10.0000        6.815954374764
           -17.0000    -10.0000        5.658367339059
           -16.0000    -10.0000       -4.600634407861
           -15.0000    -10.0000       -2.180812502388
           -14.0000    -10.0000       14.070981466149
           -13.0000    -10.0000       15.284776404161
           -12.0000    -10.0000        5.246251308772
           -11.0000    -10.0000       10.221325945661
           -10.0000    -10.0000        7.000787750635
            -9.0000    -10.0000        5.588000955384
            -8.0000    -10.0000       10.026474546522
            -7.0000    -10.0000       -8.697482749091
            -6.0000    -10.0000       10.630730457515
            -5.0000    -10.0000        1.363256287228
            -4.0000    -10.0000        8.063294736001
            -3.0000    -10.0000       -8.324626914170
            -2.0000    -10.0000        0.654576507183
            -1.0000    -10.0000       -4.815013970408
            -0.0000    -10.0000        5.699692316307
             1.0000    -10.0000       -1.746852517709
             2.0000    -10.0000      -15.169890059247
             3.0000    -10.0000      -10.012767480198
             4.0000    -10.0000       -5.785342854351
             5.0000    -10.0000       -5.746059267529
             6.0000    -10.0000       -3.109793341510
             7.0000    -10.0000       -2.535110843386
             8.0000    -10.0000        2.864415899877
             9.0000    -10.0000        2.991836711984
            10.0000    -10.0000        7.907551698737
            11.0000    -10.0000       16.495593076518
            12.0000    -10.0000       16.066050267854
            13.0000    -10.0000       44.295919008649
            14.0000    -10.0000       13.114620339948
            15.0000    -10.0000       32.139599830269
            16.0000    -10.0000       38.906501157588
            17.0000    -10.0000       -7.000821329331
            18.0000    -10.0000      -21.352387298075
            19.0000    -10.0000       14.535465134134
            20.0000    -10.0000       11.773555469388
            21.0000    -10.0000       -5.353036941704
            22.0000    -10.0000        9.344199916932
            23.0000    -10.0000      -19.417086454713
            24.0000    -10.0000      -19.083138516805
            25.0000    -10.0000      -37.890486763241
            26.0000    -10.0000       17.118669577836
            27.0000    -10.0000      -32.725360150136
            28.0000    -10.0000       22.892547493010
            29.0000    -10.0000       -9.915592920162
            30.0000    -10.0000      -42.570616985762
            31.0000    -10.0000        1.766387724645
            32.0000    -10.0000       -3.450171843950
            33.0000    -10.0000       10.425602803235
            34.0000    -10.0000      -64.750515537194
            35.0000    -10.0000       12.251144235485
            36.0000    -10.0000      -11.208651858965
            37.0000    -10.0000      -23.574673118860
            38.0000    -10.0000       -8.473850526150
            39.0000    -10.0000       10.244218782862
            40.0000    -10.0000      -10.741012430739
            41.0000    -10.0000      -62.922970220431
            42.0000    -10.0000       -2.625507355478
            43.0000    -10.0000      -41.393089091819
            44.0000    -10.0000      -24.892894644285
            45.0000    -10.0000      -36.925160038594
            46.0000    -10.0000       -6.560973915416
            47.0000    -10.0000      -36.626160418492
            48.0000    -10.0000      -19.670924116664
            49.0000    -10.0000      -35.193230788106
            50.0000    -10.0000      -20.527057999422
            51.0000    -10.0000       29.832886204266
            52.0000    -10.0000      -26.623187482433
            53.0000    -10.0000        7.749716064277
            54.0000    -10.0000       -5.844710584885
            55.0000    -10.0000      -12.280154954964
           -95.0000    -11.0000      -12.152633218750
           -94.0000    -11.0000        3.128640760732
           -93.0000    -11.0000      -14.053627589127
           -92.0000    -11.0000      -10.544894942687
           -91.0000    -11.0000      -10.799164021474
           -90.0000    -11.0000      -14.835903908199
           -89.0000    -11.0000       -9.669683660515
           -88.0000    -11.0000       -0.864373724976
           -87.0000    -11.0000      -14.225411829304
           -86.0000    -11.0000       -7.102062513102
           -85.0000    -11.0000       -9.987473024747
           -84.0000    -11.0000      -11.076620983446
           -83.0000    -11.0000       -4.654722256473
           -82.0000    -11.0000        2.450621283553
           -81.0000    -11.0000       16.079597594768
           -80.0000    -11.0000      -74.682954378997
           -79.0000    -11.0000     -108.776122726116
           -78.0000    -11.0000       18.403125253152
           -77.0000    -11.0000       99.541501894671
           -76.0000    -11.0000      130.736106631799
           -75.0000    -11.0000        0.811353440619
           -74.0000    -11.0000       36.353886489098
           -73.0000    -11.0000       21.368923005171
           -72.0000    -11.0000       -7.101438687489
           -71.0000    -11.0000       10.271125735962
           -70.0000    -11.0000       49.650988007843
           -69.0000    -11.0000       40.660002848919
           -68.0000    -11.0000       46.323972477907
           -67.0000    -11.0000       50.646088192711
           -66.0000    -11.0000       48.039229789486
           -65.0000    -11.0000       29.377706747394
           -64.0000    -11.0000       13.633146154785
           -63.0000    -11.0000       24.688386333262
           -62.0000    -11.0000       18.723604352626
           -61.0000    -11.0000       -7.079918821461
           -60.0000    -11.0000      -42.801935507187
           -59.0000    -11.0000      -47.332456748839
           -58.0000    -11.0000      -25.705354068048
           -57.0000    -11.0000      -62.982584365038
           -56.0000    -11.0000      -92.098770636709
           -55.0000    -11.0000      -33.702492223477
           -54.0000    -11.0000      -18.206087468473
           -53.0000    -11.0000      -18.973176431224
           -52.0000    -11.0000        2.093612660347
           -51.0000    -11.0000      -49.007666628056
           -50.0000    -11.0000      -57.688198908364
           -49.0000    -11.0000      -25.736163012165
           -48.0000    -11.0000        2.768067194537
           -47.0000    -11.0000      -21.969605705841
           -46.0000    -11.0000       24.839852737636
           -45.0000    -11.0000      -38.486820736663
           -44.0000    -11.0000      -32.544032276823
           -43.0000    -11.0000      -21.099818061138
           -42.0000    -11.0000      -34.425111321259
           -41.0000    -11.0000        4.632595400720
           -40.0000    -11.0000       -8.437984099846
           -39.0000    -11.0000      -53.472201979788
           -38.0000    -11.0000       -9.299411017621
           -37.0000    -11.0000        5.954445923090
           -36.0000    -11.0000       13.592814520571
           -35.0000    -11.0000      -29.005595337680
           -34.0000    -11.0000      -14.254334055262
           -33.0000    -11.0000      -11.394899060210
           -32.0000    -11.0000      -20.526562344040
           -31.0000    -11.0000      -17.379552760125
           -30.0000    -11.0000      -13.704370228869
           -29.0000    -11.0000       -8.263413654367
           -28.0000    -11.0000      -13.403688899873
           -27.0000    -11.0000      -16.155838212683
           -26.0000    -11.0000      -18.032118443338
           -25.0000    -11.0000      -12.267088726918
           -24.0000    -11.0000      -11.112182468064
           -23.0000    -11.0000      -13.092548550475
           -22.0000    -11.0000      -16.194664457846
           -21.0000    -11.0000       -6.755069287865
           -20.0000    -11.0000       -9.679540180102
           -19.0000    -11.0000        3.259262363197
           -18.0000    -11.0000       -0.167791942012
           -17.0000    -11.0000       -2.752598975607
           -16.0000    -11.0000        3.339559186436
           -15.0000    -11.0000       10.372592692455
           -14.0000    -11.0000        1.526028599934
           -13.0000    -11.0000       21.883865574623
           -12.0000    -11.0000       -6.448712614954
           -11.0000    -11.0000        5.036601825432
           -10.0000    -11.0000      -15.051702489721
            -9.0000    -11.0000       -7.731682407297
            -8.0000    -11.0000       -2.391087421893
            -7.0000    -11.0000        3.364422645796
            -6.0000    -11.0000       -3.030524236616
            -5.0000    -11.0000        2.159436860935
            -4.0000    -11.0000       -1.224419509169
            -3.0000    -11.0000       -1.845936330404
            -2.0000    -11.0000      -15.707556693024
            -1.0000    -11.0000       10.639323775624
            -0.0000    -11.0000      -10.318899529649
             1.0000    -11.0000       -3.174345346801
             2.0000    -11.0000       -7.745355869080
             3.0000    -11.0000        1.539949015461
             4.0000    -11.0000      -10.816833036086
             5.0000    -11.0000       -3.145630897811
             6.0000    -11.0000        0.023016190650
             7.0000    -11.0000        2.393182071609
             8.0000    -11.0000        6.912210807455
             9.0000    -11.0000        9.616760424653
            10.0000    -11.0000       10.306589709238
            11.0000    -11.0000        1.342905579022
            12.0000    -11.0000       25.683923030006
            13.0000    -11.0000       25.200673613095
            14.0000    -11.0000       14.992298080486
            15.0000    -11.0000       51.022533454928
            16.0000    -11.0000       73.739671599577
            17.0000    -11.0000       11.937033512246
            18.0000    -11.0000       -3.174433054527
            19.0000    -11.0000       18.592711347246
            20.0000    -11.0000        7.568882597011
            21.0000    -11.0000        2.202718527389
            22.0000    -11.0000        1.893439726345
            23.0000    -11.0000        2.082665457998
            24.0000    -11.0000        5.187769970740
            25.0000    -11.0000       29.033379289185
            26.0000    -11.0000       25.739137457423
            27.0000    -11.0000        5.915871077644
            28.0000    -11.0000        5.564555825585
            29.0000    -11.0000      -27.811706328621
            30.0000    -11.0000        9.125188624751
            31.0000    -11.0000       -5.125065098292
            32.0000    -11.0000       10.371796252295
            33.0000    -11.0000      -56.904090594927
            34.0000    -11.0000       17.417939815815
            35.0000    -11.0000       -0.681137432501
            36.0000    -11.0000      -17.139188791441
            37.0000    -11.0000      -21.461927548777
            38.0000    -11.0000      -50.397160697173
            39.0000    -11.0000      -26.606951337152
            40.0000    -11.0000       13.415386570415
            41.0000    -11.0000      -30.294407487603
            42.0000    -11.0000       -5.407102075997
            43.0000    -11.0000      -19.814363106965
            44.0000    -11.0000      -34.210470102118
            45.0000    -11.0000      -13.277644391374
            46.0000    -11.0000      -34.552775783559
            47.0000    -11.0000      -18.329545171403
            48.0000    -11.0000      -53.211249772806
            49.0000    -11.0000      -13.704552014013
            50.0000    -11.0000      -15.905491102699
            51.0000    -11.0000      -31.825438566173
            52.0000    -11.0000       -3.899777719873
            53.0000    -11.0000      -18.704867530910
            54.0000    -11.0000      -15.205612405596
            55.0000    -11.0000       -8.757259926171
           -95.0000    -12.0000       -8.492902729277
           -94.0000    -12.0000       -8.193237763046
           -93.0000    -12.0000      -14.726153039290
           -92.0000    -12.0000       -9.914681835911
           -91.0000    -12.0000      -13.423087393372
           -90.0000    -12.0000       -8.123457402616
           -89.0000    -12.0000      -10.953800948673
           -88.0000    -12.0000      -19.460726902523
           -87.0000    -12.0000      -11.990679015323
           -86.0000    -12.0000       -3.785660125770
           -85.0000    -12.0000       -5.842293763481
           -84.0000    -12.0000      -11.686482732842
           -83.0000    -12.0000       -8.221989414306
           -82.0000    -12.0000        1.136608102040
           -81.0000    -12.0000        0.450833386854
           -80.0000    -12.0000        7.419931082087
           -79.0000    -12.0000      -97.870118944789
           -78.0000    -12.0000      -39.408185070127
           -77.0000    -12.0000       82.765772707352
           -76.0000    -12.0000      156.787891467662
           -75.0000    -12.0000      123.609986801615
           -74.0000    -12.0000       63.230509574876
           -73.0000    -12.0000      -16.510236762853
           -72.0000    -12.0000       48.018114624711
           -71.0000    -12.0000      -13.899952277439
           -70.0000    -12.0000       28.679448793871
           -69.0000    -12.0000       36.058983330723
           -68.0000    -12.0000       46.378122906387
           -67.0000    -12.0000       63.002761085730
           -66.0000    -12.0000       67.753377910451
           -65.0000    -12.0000       59.900892255964
           -64.0000    -12.0000       49.115929145566
           -63.0000    -12.0000       49.231050675814
           -62.0000    -12.0000       55.599325476735
           -61.0000    -12.0000       50.485735741953
           -60.0000    -12.0000       45.703123838474
           -59.0000    -12.0000       45.984548540571
           -58.0000    -12.0000       22.556248775836
           -57.0000    -12.0000       42.698890193532
           -56.0000    -12.0000      -15.755471214108
           -55.0000    -12.0000      -24.831283406611
           -54.0000    -12.0000       -5.496211538208
           -53.0000    -12.0000       -7.668481117669
           -52.0000    -12.0000      -17.147880922596
           -51.0000    -12.0000      -20.805688094010
           -50.0000    -12.0000      -65.161714052520
           -49.0000    -12.0000        3.679254933123
           -48.0000    -12.0000      -17.477286721516
           -47.0000    -12.0000      -46.249895343228
           -46.0000    -12.0000      -16.118103775143
           -45.0000    -12.0000      -13.194748777852
           -44.0000    -12.0000      -26.417843179450
           -43.0000    -12.0000      -27.461414735560
           -42.0000    -12.0000        1.019672280338
           -41.0000    -12.0000        3.159888057770
           -40.0000    -12.0000       -8.931144354114
           -39.0000    -12.0000       -9.809334586421
           -38.0000    -12.0000       -2.447441199889
           -37.0000    -12.0000      -26.487808488327
           -36.0000    -12.0000      -24.503325289360
           -35.0000    -12.0000      -30.228233951751
           -34.0000    -12.0000      -13.034164603664
           -33.0000    -12.0000        2.199990343556
           -32.0000    -12.0000       11.471025662407
           -31.0000    -12.0000      -18.252986896980
           -30.0000    -12.0000      -16.771031418659
           -29.0000    -12.0000      -11.582643788622
           -28.0000    -12.0000      -15.045289265840
           -27.0000    -12.0000      -15.912787246754
           -26.0000    -12.0000      -17.248232490514
           -25.0000    -12.0000      -17.081918048716
           -24.0000    -12.0000      -13.142043870465
           -23.0000    -12.0000      -10.367514082917
           -22.0000    -12.0000      -12.516684380919
           -21.0000    -12.0000      -13.298233920249
           -20.0000    -12.0000       -1.845010859127
           -19.0000    -12.0000       -2.094233798839
           -18.0000    -12.0000        1.337058752021
           -17.0000    -12.0000       -4.828369248938
           -16.0000    -12.0000       -3.654403829575
           -15.0000    -12.0000        2.529264259304
           -14.0000    -12.0000        7.664647424522
           -13.0000    -12.0000      -12.182255746267
           -12.0000    -12.0000        4.515396059741
           -11.0000    -12.0000       -9.678811138219
           -10.0000    -12.0000      -10.431023385307
            -9.0000    -12.0000       -5.824304890687
            -8.0000    -12.0000       -1.368322776188
            -7.0000    -12.0000       -5.831300161208
            -6.0000    -12.0000      -15.841523691021
            -5.0000    -12.0000        9.499957500833
            -4.0000    -12.0000        0.822822524628
            -3.0000    -12.0000      -11.763581199783
            -2.0000    -12.0000       -2.993812416559
            -1.0000    -12.0000      -11.150426067111
            -0.0000    -12.0000       -9.240963481249
             1.0000    -12.0000      -13.180097634171
             2.0000    -12.0000        1.096233900165
             3.0000    -12.0000       -5.615302636111
             4.0000    -12.0000        1.802286109650
             5.0000    -12.0000       -6.245377575347
             6.0000    -12.0000        0.060152962716
             7.0000    -12.0000        0.636059242528
             8.0000    -12.0000       12.948344667241
             9.0000    -12.0000        8.277170913932
            10.0000    -12.0000       19.180525757073
            11.0000    -12.0000       19.735819311734
            12.0000    -12.0000        5.779976047309
            13.0000    -12.0000       24.406314595791
            14.0000    -12.0000       37.544349181413
            15.0000    -12.0000       61.607425206625
            16.0000    -12.0000       59.807569741766
            17.0000    -12.0000       71.373204437760
            18.0000    -12.0000       21.512908111406
            19.0000    -12.0000       14.897027078823
            20.0000    -12.0000       15.617146145860
            21.0000    -12.0000       -6.270376740456
            22.0000    -12.0000        6.580272274977
            23.0000    -12.0000        6.045507390542
            24.0000    -12.0000        5.481294737091
            25.0000    -12.0000       -3.870999825729
            26.0000    -12.0000       -4.196508456221
            27.0000    -12.0000        9.682778130665
            28.0000    -12.0000      -19.310220496633
            29.0000    -12.0000      -13.712486867725
            30.0000    -12.0000      -15.684365071067
            31.0000    -12.0000       11.292374222157
            32.0000    -12.0000      -36.749788624654
            33.0000    -12.0000       -0.548650145653
            34.0000    -12.0000      -33.417172926673
            35.0000    -12.0000      -45.078570774126
            36.0000    -12.0000      -56.316936728644
            37.0000    -12.0000      -27.838780261679
            38.0000    -12.0000      -43.663270874054
            39.0000    -12.0000      -13.150762855317
            40.0000    -12.0000        5.447023079549
            41.0000    -12.0000      -42.720946304205
            42.0000    -12.0000      -16.480423177371
            43.0000    -12.0000       -5.783385364110
            44.0000    -12.0000       49.282926482163
            45.0000    -12.0000      -19.828548615142
            46.0000    -12.0000      -37.349063926543
            47.0000    -12.0000      -28.010077434473
            48.0000    -12.0000       22.137004298351
            49.0000    -12.0000        2.431891906773
            50.0000    -12.0000       -7.692156776638
            51.0000    -12.0000      -27.101351236050
            52.0000    -12.0000      -14.420745132737
            53.0000    -12.0000      -22.429972166570
            54.0000    -12.0000      -18.447744601751
            55.0000    -12.0000       -8.772623323772
           -95.0000    -13.0000       -5.632851223541
           -94.0000    -13.0000       -7.573132799309
           -93.0000    -13.0000       -0.942128248494
           -92.0000    -13.0000       -8.614928301099
           -91.0000    -13.0000        1.134591310346
           -90.0000    -13.0000      -19.380154147605
           -89.0000    -13.0000       -4.946631632845
           -88.0000    -13.0000       -0.943533064975
           -87.0000    -13.0000      -11.844316576832
           -86.0000    -13.0000       -5.022531968481
           -85.0000    -13.0000      -17.515265621515
           -84.0000    -13.0000      -14.008797578352
           -83.0000    -13.0000      -13.716038145843
           -82.0000    -13.0000      -11.903151006376
           -81.0000    -13.0000        1.023819585622
           -80.0000    -13.0000        1.221725434442
           -79.0000    -13.0000       -9.810332226479
           -78.0000    -13.0000      -94.131166328978
           -77.0000    -13.0000      -27.801844009829
           -76.0000    -13.0000      123.247690733516
           -75.0000    -13.0000      124.248690061971
           -74.0000    -13.0000      102.537673629678
           -73.0000    -13.0000       99.513877607592
           -72.0000    -13.0000      224.283736179765
           -71.0000    -13.0000      -26.638982117848
           -70.0000    -13.0000      -88.356856615387
           -69.0000    -13.0000      -32.572415336585
           -68.0000    -13.0000       19.250074660917
           -67.0000    -13.0000       44.574009287113
           -66.0000    -13.0000       64.933956250466
           -65.0000    -13.0000       40.952838589886
           -64.0000    -13.0000       51.275730893288
           -63.0000    -13.0000        4.505363291072
           -62.0000    -13.0000       19.346395548641
           -61.0000    -13.0000       34.682774839752
           -60.0000    -13.0000       21.463770281916
           -59.0000    -13.0000       16.653853399581
           -58.0000    -13.0000       22.823316847404
           -57.0000    -13.0000        9.382226753800
           -56.0000    -13.0000      -13.606915362831
           -55.0000    -13.0000        7.799551161880
           -54.0000    -13.0000        0.802622995528
           -53.0000    -13.0000       -6.830218973510
           -52.0000    -13.0000       19.269433448023
           -51.0000    -13.0000       -2.172228899213
           -50.0000    -13.0000      -20.404943737845
           -49.0000    -13.0000       18.192676188331
           -48.0000    -13.0000      -18.305093033253
           -47.0000    -13.0000      -68.906464384211
           -46.0000    -13.0000       11.114556542851
           -45.0000    -13.0000       11.045130977361
           -44.0000    -13.0000        2.317892317626
           -43.0000    -13.0000      -69.513551500970
           -42.0000    -13.0000       13.368346681727
           -41.0000    -13.0000       -2.757288709987
           -40.0000    -13.0000        4.938717467791
           -39.0000    -13.0000      -14.348267196041
           -38.0000    -13.0000        1.155807448115
           -37.0000    -13.0000      -25.777232540273
           -36.0000    -13.0000      -16.523017807338
           -35.0000    -13.0000      -22.048795899107
           -34.0000    -13.0000       -9.647539218812
           -33.0000    -13.0000       -1.307843893329
           -32.0000    -13.0000       -0.980020948012
           -31.0000    -13.0000       -8.070248800664
           -30.0000    -13.0000       -7.124895753861
           -29.0000    -13.0000      -18.953557922835
           -28.0000    -13.0000      -17.129233529609
           -27.0000    -13.0000       -7.420559120408
           -26.0000    -13.0000      -22.105139346815
           -25.0000    -13.0000      -18.873761524928
           -24.0000    -13.0000      -10.495356696984
           -23.0000    -13.0000      -14.333377249799
           -22.0000    -13.0000      -12.801520202703
           -21.0000    -13.0000      -10.330206882169
           -20.0000    -13.0000       -7.287254861858
           -19.0000    -13.0000       -3.960955097450
           -18.0000    -13.0000       -2.421004985287
           -17.0000    -13.0000        8.425911900858
           -16.0000    -13.0000       -1.083637299487
           -15.0000    -13.0000       14.738713079984
           -14.0000    -13.0000        7.754432803222
           -13.0000    -13.0000        1.950889640989
           -12.0000    -13.0000       -2.140918019754
           -11.0000    -13.0000       -4.417597172066
           -10.0000    -13.0000        2.265774663458
            -9.0000    -13.0000       -2.873442466209
            -8.0000    -13.0000        4.496821712107
            -7.0000    -13.0000       -1.454539429253
            -6.0000    -13.0000       38.830207175962
            -5.0000    -13.0000        8.918162055518
            -4.0000    -13.0000        4.964509858772
            -3.0000    -13.0000       14.894218197197
            -2.0000    -13.0000        1.495429261871
            -1.0000    -13.0000        2.602558576854
            -0.0000    -13.0000        4.508389906713
             1.0000    -13.0000       -4.741360446275
             2.0000    -13.0000       -6.541181201485
             3.0000    -13.0000        0.787968826686
             4.0000    -13.0000       -2.548571366511
             5.0000    -13.0000        3.047825601495
             6.0000    -13.0000       -4.648012460783
             7.0000    -13.0000        9.677231896909
             8.0000    -13.0000       -0.236275875621
             9.0000    -13.0000       10.863323484364
            10.0000    -13.0000        4.474106660613
            11.0000    -13.0000        5.330589914135
            12.0000    -13.0000        5.839126863989
            13.0000    -13.0000       64.759924296271
            14.0000    -13.0000        9.025391963213
            15.0000    -13.0000       55.262565377415
            16.0000    -13.0000       48.079295643595
            17.0000    -13.0000       36.512736184528
            18.0000    -13.0000       32.087134684359
            19.0000    -13.0000       14.919930159862
            20.0000    -13.0000       15.394113686448
            21.0000    -13.0000       36.618939754431
            22.0000    -13.0000        2.861553388318
            23.0000    -13.0000      -25.666529214270
            24.0000    -13.0000      -10.569387230692
            25.0000    -13.0000        0.461989762578
            26.0000    -13.0000        6.053310893448
            27.0000    -13.0000      -16.503113096363
            28.0000    -13.0000      -17.044644887271
            29.0000    -13.0000        5.140031557661
            30.0000    -13.0000       30.576809588843
            31.0000    -13.0000       -1.312772454684
            32.0000    -13.0000      -89.547971766300
            33.0000    -13.0000        3.810358763539
            34.0000    -13.0000      -36.517726531109
            35.0000    -13.0000        0.324546323782
            36.0000    -13.0000      -14.950557889854
            37.0000    -13.0000      -30.753537669466
            38.0000    -13.0000      -15.367140502059
            39.0000    -13.0000      -21.012707659004
            40.0000    -13.0000       11.965986702605
            41.0000    -13.0000      -54.191075734024
            42.0000    -13.0000      -49.286583896206
            43.0000    -13.0000      -53.041173478618
            44.0000    -13.0000      -62.833874072717
            45.0000    -13.0000       59.651322845258
            46.0000    -13.0000      -35.818869928213
            47.0000    -13.0000      -55.563765604425
            48.0000    -13.0000       35.255187939046
            49.0000    -13.0000       31.811956442219
            50.0000    -13.0000       29.358552741228
            51.0000    -13.0000      -36.941184811680
            52.0000    -13.0000      -19.823357257746
            53.0000    -13.0000      -15.473087965499
            54.0000    -13.0000      -25.977062261289
            55.0000    -13.0000        2.569539412862
           -95.0000    -14.0000        5.368525579535
           -94.0000    -14.0000       -1.173513719655
           -93.0000    -14.0000      -17.008013892400
           -92.0000    -14.0000        6.591328790174
           -91.0000    -14.0000       -3.814996577613
           -90.0000    -14.0000       -2.103097402103
           -89.0000    -14.0000        3.117299535415
           -88.0000    -14.0000      -11.470368414228
           -87.0000    -14.0000       -3.795564256053
           -86.0000    -14.0000       -9.895856068126
           -85.0000    -14.0000      -20.722261587765
           -84.0000    -14.0000      -17.336421440420
           -83.0000    -14.0000      -13.095092079695
           -82.0000    -14.0000      -13.698878741296
           -81.0000    -14.0000       -7.724375709162
           -80.0000    -14.0000       -3.893926372559
           -79.0000    -14.0000        9.902083367255
           -78.0000    -14.0000      -43.319011028705
           -77.0000    -14.0000      -76.583791452525
           -76.0000    -14.0000       56.024752134593
           -75.0000    -14.0000      179.824565923219
           -74.0000    -14.0000       82.904898302676
           -73.0000    -14.0000      112.725022561687
           -72.0000    -14.0000      101.623761770263
           -71.0000    -14.0000      237.293517611558
           -70.0000    -14.0000      201.820816039739
           -69.0000    -14.0000       75.931075885256
           -68.0000    -14.0000       -9.142366159541
           -67.0000    -14.0000      -32.113892497864
           -66.0000    -14.0000       40.796024034970
           -65.0000    -14.0000       27.794931358433
           -64.0000    -14.0000       40.655543967429
           -63.0000    -14.0000       28.685131728659
           -62.0000    -14.0000       20.792950200593
           -61.0000    -14.0000       21.201356934237
           -60.0000    -14.0000        9.366439525268
           -59.0000    -14.0000       66.580727657784
           -58.0000    -14.0000        5.275278214730
           -57.0000    -14.0000       30.415823884633
           -56.0000    -14.0000       -7.269103507058
           -55.0000    -14.0000      -31.110587744368
           -54.0000    -14.0000      -21.798127164158
           -53.0000    -14.0000      -26.488391939474
           -52.0000    -14.0000      -43.484199957417
           -51.0000    -14.0000      -18.127726350330
           -50.0000    -14.0000        2.650273498486
           -49.0000    -14.0000       -1.829465098198
           -48.0000    -14.0000      -14.733019929301
           -47.0000    -14.0000      -56.617574884618
           -46.0000    -14.0000        8.282892616363
           -45.0000    -14.0000        7.123875639781
           -44.0000    -14.0000       -6.331037315401
           -43.0000    -14.0000       -2.464536362306
           -42.0000    -14.0000      -40.337617945230
           -41.0000    -14.0000      -24.450672560710
           -40.0000    -14.0000       17.000379385699
           -39.0000    -14.0000       10.354508323432
           -38.0000    -14.0000       -8.401496868099
           -37.0000    -14.0000      -17.281560384077
           -36.0000    -14.0000      -22.417287106006
           -35.0000    -14.0000      -16.827573999208
           -34.0000    -14.0000      -11.098355139424
           -33.0000    -14.0000        2.175790750312
           -32.0000    -14.0000      -11.131624813112
           -31.0000    -14.0000       -1.928295894236
           -30.0000    -14.0000       -6.413068787214
           -29.0000    -14.0000       -1.256883438966
           -28.0000    -14.0000        1.618360969788
           -27.0000    -14.0000       -9.540384314521
           -26.0000    -14.0000       -3.677107375471
           -25.0000    -14.0000       -9.484171863833
           -24.0000    -14.0000      -15.046771971439
           -23.0000    -14.0000      -10.477168048710
           -22.0000    -14.0000       -6.808699878740
           -21.0000    -14.0000       -9.233431499699
           -20.0000    -14.0000       -6.657935192125
           -19.0000    -14.0000       -8.747108059396
           -18.0000    -14.0000        0.843357167601
           -17.0000    -14.0000      -10.849904119439
           -16.0000    -14.0000       -0.889020537113
           -15.0000    -14.0000        0.331373862220
           -14.0000    -14.0000        2.108419523614
           -13.0000    -14.0000        5.934028925074
           -12.0000    -14.0000       -1.291604513607
           -11.0000    -14.0000        3.391879857184
           -10.0000    -14.0000       -3.090501276075
            -9.0000    -14.0000        8.410066768150
            -8.0000    -14.0000        6.399782516088
            -7.0000    -14.0000        3.608801624921
            -6.0000    -14.0000        3.309213855817
            -5.0000    -14.0000        2.328002454613
            -4.0000    -14.0000        9.091765953734
            -3.0000    -14.0000       -8.834060987060
            -2.0000    -14.0000        6.247675810787
            -1.0000    -14.0000       -0.899576327461
            -0.0000    -14.0000       -0.112458066413
             1.0000    -14.0000        1.312116877707
             2.0000    -14.0000        3.697077454757
             3.0000    -14.0000       -8.108801635299
             4.0000    -14.0000        5.224364309619
             5.0000    -14.0000       -0.423867641037
             6.0000    -14.0000        0.196571747476
             7.0000    -14.0000        5.346747812347
             8.0000    -14.0000        1.475465343913
             9.0000    -14.0000       -1.671591947888
            10.0000    -14.0000       -2.724797211244
            11.0000    -14.0000        3.382926827337
            12.0000    -14.0000        6.731064097092
            13.0000    -14.0000       21.822525410296
            14.0000    -14.0000       14.138899959489
            15.0000    -14.0000       43.724814323315
            16.0000    -14.0000       22.355286881489
            17.0000    -14.0000       51.235189546597
            18.0000    -14.0000       27.065843654032
            19.0000    -14.0000        9.356483445670
            20.0000    -14.0000       33.180066123562
            21.0000    -14.0000       10.330932734971
            22.0000    -14.0000      -27.150498945435
            23.0000    -14.0000        3.538495105450
            24.0000    -14.0000        7.448803415495
            25.0000    -14.0000       -7.646285757600
            26.0000    -14.0000       -9.451165700024
            27.0000    -14.0000       10.550492542119
            28.0000    -14.0000       -7.273593158223
            29.0000    -14.0000       -6.033445370488
            30.0000    -14.0000      -22.308381479505
            31.0000    -14.0000      -47.157468544609
            32.0000    -14.0000      -17.314895738593
            33.0000    -14.0000      -25.313371021875
            34.0000    -14.0000       41.585968555907
            35.0000    -14.0000      -36.214732444201
            36.0000    -14.0000      -23.739966295751
            37.0000    -14.0000        4.103520715543
            38.0000    -14.0000      -17.690032593780
            39.0000    -14.0000      -20.705552526535
            40.0000    -14.0000       -2.126456430348
            41.0000    -14.0000      -45.863751931302
            42.0000    -14.0000        9.415268360729
            43.0000    -14.0000      -41.774101289503
            44.0000    -14.0000      -36.422592691528
            45.0000    -14.0000      -42.583994081656
            46.0000    -14.0000      -42.125221105557
            47.0000    -14.0000      -40.824519241386
            48.0000    -14.0000       19.811527417341
            49.0000    -14.0000       73.133532480934
            50.0000    -14.0000       47.067601280512
            51.0000    -14.0000      -17.293578284895
            52.0000    -14.0000       -5.471558448864
            53.0000    -14.0000       -8.023006245851
            54.0000    -14.0000       -6.573454592663
            55.0000    -14.0000      -23.931358200502
           -95.0000    -15.0000       -3.535605986175
           -94.0000    -15.0000       -4.908166854826
           -93.0000    -15.0000       -4.741500150553
           -92.0000    -15.0000       -9.843202323404
           -91.0000    -15.0000      -11.307095325421
           -90.0000    -15.0000        1.085368285452
           -89.0000    -15.0000       -5.691579023543
           -88.0000    -15.0000      -13.576819273309
           -87.0000    -15.0000      -10.505277912832
           -86.0000    -15.0000       -8.915155857389
           -85.0000    -15.0000      -12.962375747421
           -84.0000    -15.0000       -7.973519227890
           -83.0000    -15.0000      -10.180294496752
           -82.0000    -15.0000      -11.799347932060
           -81.0000    -15.0000       -5.659065996376
           -80.0000    -15.0000       14.802032795943
           -79.0000    -15.0000        8.710811036550
           -78.0000    -15.0000       25.858209425713
           -77.0000    -15.0000      -58.439064598987
           -76.0000    -15.0000      -71.354546585037
           -75.0000    -15.0000       92.964006007426
           -74.0000    -15.0000      168.198474735050
           -73.0000    -15.0000       87.896989628143
           -72.0000    -15.0000      130.713888898182
           -71.0000    -15.0000       91.932916918532
           -70.0000    -15.0000      119.523224909770
           -69.0000    -15.0000      203.452793669307
           -68.0000    -15.0000      -47.276395710612
           -67.0000    -15.0000      -71.365559724632
           -66.0000    -15.0000      -33.753367729701
           -65.0000    -15.0000       -4.181030532922
           -64.0000    -15.0000       33.654965479540
           -63.0000    -15.0000       38.863953274005
           -62.0000    -15.0000       45.887111086700
           -61.0000    -15.0000       15.122946290713
           -60.0000    -15.0000       18.667855096906
           -59.0000    -15.0000       20.542657102729
           -58.0000    -15.0000        5.650166955708
           -57.0000    -15.0000      -34.182412547267
           -56.0000    -15.0000      -28.110459675339
           -55.0000    -15.0000       -2.722896363408
           -54.0000    -15.0000        5.805258003623
           -53.0000    -15.0000        2.795966537064
           -52.0000    -15.0000        5.548058374428
           -51.0000    -15.0000        7.837122084681
           -50.0000    -15.0000      -13.569154714010
           -49.0000    -15.0000      -36.554427700997
           -48.0000    -15.0000      -36.302904095032
           -47.0000    -15.0000      -45.319371816257
           -46.0000    -15.0000        6.382355107486
           -45.0000    -15.0000        2.564389583580
           -44.0000    -15.0000      -14.363607847409
           -43.0000    -15.0000      -23.414623124496
           -42.0000    -15.0000       -0.849783538392
           -41.0000    -15.0000       15.128422310635
           -40.0000    -15.0000      -19.744899706582
           -39.0000    -15.0000       28.036836021774
           -38.0000    -15.0000      -69.060186903500
           -37.0000    -15.0000      -36.569389114614
           -36.0000    -15.0000      -17.407051653093
           -35.0000    -15.0000      -16.942333732554
           -34.0000    -15.0000      -11.296944697817
           -33.0000    -15.0000        1.133398591651
           -32.0000    -15.0000       -5.266895129298
           -31.0000    -15.0000        3.897787174086
           -30.0000    -15.0000       -3.825161922560
           -29.0000    -15.0000      -11.887370704982
           -28.0000    -15.0000      -22.844890233098
           -27.0000    -15.0000      -11.199311208023
           -26.0000    -15.0000      -16.665509412689
           -25.0000    -15.0000      -18.212206457049
           -24.0000    -15.0000      -16.149257721948
           -23.0000    -15.0000      -12.597806053546
           -22.0000    -15.0000      -17.904628055517
           -21.0000    -15.0000      -10.084223390053
           -20.0000    -15.0000      -17.881454708083
           -19.0000    -15.0000       -7.941762813062
           -18.0000    -15.0000       -9.455886572480
           -17.0000    -15.0000       -2.898138936994
           -16.0000    -15.0000      -10.839030817774
           -15.0000    -15.0000       -4.673044963981
           -14.0000    -15.0000       13.356165312221
           -13.0000    -15.0000        6.182729155469
           -12.0000    -15.0000        1.859886102189
           -11.0000    -15.0000        1.725127479586
           -10.0000    -15.0000        5.685382434038
            -9.0000    -15.0000        2.129656504833
            -8.0000    -15.0000        5.305402576793
            -7.0000    -15.0000        0.129378369948
            -6.0000    -15.0000       -6.320208318555
            -5.0000    -15.0000        7.613641171064
            -4.0000    -15.0000        9.479959620534
            -3.0000    -15.0000       -0.984061732385
            -2.0000    -15.0000        8.759116181085
            -1.0000    -15.0000        1.642215054572
            -0.0000    -15.0000       -1.396911458045
             1.0000    -15.0000        7.421966698116
             2.0000    -15.0000       -1.195974409833
             3.0000    -15.0000        4.395127864601
             4.0000    -15.0000       -1.689010835568
             5.0000    -15.0000       -0.297694181560
             6.0000    -15.0000       -3.467943090984
             7.0000    -15.0000        1.312893863150
             8.0000    -15.0000        4.446081774915
             9.0000    -15.0000       -2.716104507160
            10.0000    -15.0000        1.021166404870
            11.0000    -15.0000       -2.164391272786
            12.0000    -15.0000       28.518836385876
            13.0000    -15.0000       25.871073725277
            14.0000    -15.0000       74.543037602698
            15.0000    -15.0000       26.458810552929
            16.0000    -15.0000       16.517130422462
            17.0000    -15.0000       11.315524043178
            18.0000    -15.0000        7.580772682236
            19.0000    -15.0000      -12.742024948965
            20.0000    -15.0000      -15.722504766251
            21.0000    -15.0000       -9.856847513365
            22.0000    -15.0000        7.491967202371
            23.0000    -15.0000       -8.424226180152
            24.0000    -15.0000       -4.286117129835
            25.0000    -15.0000       11.668759751415
            26.0000    -15.0000        0.157623517318
            27.0000    -15.0000        9.145035672020
            28.0000    -15.0000       12.081571627271
            29.0000    -15.0000      -11.526288274647
            30.0000    -15.0000      -38.914374671605
            31.0000    -15.0000       10.658376634879
            32.0000    -15.0000      -11.456229954137
            33.0000    -15.0000      -35.954749918999
            34.0000    -15.0000        8.809197335757
            35.0000    -15.0000       -8.038598827352
            36.0000    -15.0000      -14.634193495142
            37.0000    -15.0000       -7.507351895217
            38.0000    -15.0000       -8.502189808069
            39.0000    -15.0000      -28.408658474947
            40.0000    -15.0000       -7.965518722798
            41.0000    -15.0000      -49.889649635593
            42.0000    -15.0000       -6.880594447999
            43.0000    -15.0000      -33.787687341349
            44.0000    -15.0000      -49.690210187525
            45.0000    -15.0000      -92.005011947554
            46.0000    -15.0000      -40.475571317792
            47.0000    -15.0000      -13.443257881233
            48.0000    -15.0000      -31.176716279671
            49.0000    -15.0000       62.338586251061
            50.0000    -15.0000       20.826432238736
            51.0000    -15.0000       -3.289302464108
            52.0000    -15.0000      -22.600834820929
            53.0000    -15.0000       -9.264001877659
            54.0000    -15.0000      -20.790332608910
            55.0000    -15.0000       12.460583241288
           -95.0000    -16.0000       -7.546088395504
           -94.0000    -16.0000       -9.165693770902
           -93.0000    -16.0000       -6.971279037245
           -92.0000    -16.0000      -15.313115876990
           -91.0000    -16.0000       -4.551931071123
           -90.0000    -16.0000      -20.159669832597
           -89.0000    -16.0000       -6.822484720218
           -88.0000    -16.0000       -8.999775799048
           -87.0000    -16.0000      -10.120764667433
           -86.0000    -16.0000       -9.726604101871
           -85.0000    -16.0000      -10.659717233448
           -84.0000    -16.0000       -8.327282305098
           -83.0000    -16.0000      -11.694122818992
           -82.0000    -16.0000      -11.076952047450
           -81.0000    -16.0000        3.581955635333
           -80.0000    -16.0000      -12.325861541182
           -79.0000    -16.0000        3.073386387780
           -78.0000    -16.0000       13.225283121308
           -77.0000    -16.0000       40.057505790756
           -76.0000    -16.0000      -69.206921685407
           -75.0000    -16.0000     -120.581526182117
           -74.0000    -16.0000      109.044150568333
           -73.0000    -16.0000      136.062261459626
           -72.0000    -16.0000      105.762647255808
           -71.0000    -16.0000      135.953108741606
           -70.0000    -16.0000       80.056758500695
           -69.0000    -16.0000      132.683532457271
           -68.0000    -16.0000      102.776491955367
           -67.0000    -16.0000       -5.049881104155
           -66.0000    -16.0000      -99.876271797288
           -65.0000    -16.0000      -41.884302477930
           -64.0000    -16.0000        8.970539485231
           -63.0000    -16.0000       38.948854898099
           -62.0000    -16.0000       52.025506654418
           -61.0000    -16.0000       58.587053283784
           -60.0000    -16.0000       26.330019515963
           -59.0000    -16.0000       25.748178514827
           -58.0000    -16.0000        6.702684278771
           -57.0000    -16.0000      -21.683491540225
           -56.0000    -16.0000       21.427859038013
           -55.0000    -16.0000       -0.290205233611
           -54.0000    -16.0000      -24.205012180194
           -53.0000    -16.0000      -19.041309578030
           -52.0000    -16.0000       -3.065336908900
           -51.0000    -16.0000       13.495603851236
           -50.0000    -16.0000        6.784920593728
           -49.0000    -16.0000       -4.882345910191
           -48.0000    -16.0000      -11.774632552153
           -47.0000    -16.0000      -21.033791117911
           -46.0000    -16.0000      -19.569763397952
           -45.0000    -16.0000      -29.263882750511
           -44.0000    -16.0000      -17.306245395757
           -43.0000    -16.0000      -25.413761467340
           -42.0000    -16.0000       -9.894431090815
           -41.0000    -16.0000       22.379328211235
           -40.0000    -16.0000      -13.452837962586
           -39.0000    -16.0000       22.885827852588
           -38.0000    -16.0000       25.774338088168
           -37.0000    -16.0000      -66.903932286429
           -36.0000    -16.0000      -10.894298590263
           -35.0000    -16.0000        1.087948517312
           -34.0000    -16.0000       -4.954130246130
           -33.0000    -16.0000       -3.789113936041
           -32.0000    -16.0000       -8.867042440376
           -31.0000    -16.0000       -7.327747147187
           -30.0000    -16.0000       -2.882864847890
           -29.0000    -16.0000       -8.840112427139
           -28.0000    -16.0000       -4.866635732918
           -27.0000    -16.0000      -19.857564469140
           -26.0000    -16.0000      -18.740318529733
           -25.0000    -16.0000      -12.088770330687
           -24.0000    -16.0000      -14.516965667934
           -23.0000    -16.0000      -11.031050158037
           -22.0000    -16.0000       -9.815150502076
           -21.0000    -16.0000      -13.622838837284
           -20.0000    -16.0000       -2.117472360030
           -19.0000    -16.0000       -8.809973170180
           -18.0000    -16.0000        2.809902651936
           -17.0000    -16.0000        4.983338696027
           -16.0000    -16.0000        7.499045528826
           -15.0000    -16.0000       -1.224053818652
           -14.0000    -16.0000        3.186378958370
           -13.0000    -16.0000        0.795034881926
           -12.0000    -16.0000      -11.063503989780
           -11.0000    -16.0000        6.515849249057
           -10.0000    -16.0000       -3.190574242532
            -9.0000    -16.0000       -1.633972440101
            -8.0000    -16.0000       -0.335622077696
            -7.0000    -16.0000       -1.133825119869
            -6.0000    -16.0000       31.284440179827
            -5.0000    -16.0000       10.472968632570
            -4.0000    -16.0000       -6.206063213864
            -3.0000    -16.0000        2.971447792858
            -2.0000    -16.0000       11.039830105655
            -1.0000    -16.0000        0.611004809441
            -0.0000    -16.0000        6.656517110797
             1.0000    -16.0000       -1.718549312237
             2.0000    -16.0000        8.860765607773
             3.0000    -16.0000       -3.906803606888
             4.0000    -16.0000        0.070689168242
             5.0000    -16.0000        2.468589750425
             6.0000    -16.0000       -4.088873059433
             7.0000    -16.0000       -8.406534664856
             8.0000    -16.0000       -7.942572735654
             9.0000    -16.0000       -9.269065447747
            10.0000    -16.0000      -20.248602859622
            11.0000    -16.0000       19.779936588810
            12.0000    -16.0000       33.400410562028
            13.0000    -16.0000        1.950155657513
            14.0000    -16.0000       52.179409201137
            15.0000    -16.0000        5.508016627456
            16.0000    -16.0000       -8.849342364311
            17.0000    -16.0000       -6.351424946766
            18.0000    -16.0000       -5.895378448750
            19.0000    -16.0000       33.772429152786
            20.0000    -16.0000       23.807460285040
            21.0000    -16.0000      -15.683678495323
            22.0000    -16.0000       -6.253475670727
            23.0000    -16.0000       -9.339432537479
            24.0000    -16.0000       -1.286392804985
            25.0000    -16.0000       30.011691817494
            26.0000    -16.0000      -14.874155150260
            27.0000    -16.0000       -2.739993349659
            28.0000    -16.0000       21.024523919339
            29.0000    -16.0000      -26.974709714652
            30.0000    -16.0000      -34.357171909851
            31.0000    -16.0000      -97.399493355373
            32.0000    -16.0000      -46.919473723566
            33.0000    -16.0000      -40.855134916249
            34.0000    -16.0000      -24.020061722952
            35.0000    -16.0000       10.546811477895
            36.0000    -16.0000       -1.727247634063
            37.0000    -16.0000      -31.673289139919
            38.0000    -16.0000      -51.490299909768
            39.0000    -16.0000      -54.234067871254
            40.0000    -16.0000       10.936320841536
            41.0000    -16.0000      -65.686436767445
            42.0000    -16.0000       -9.118626083057
            43.0000    -16.0000      -72.901426677236
            44.0000    -16.0000       -9.495876262829
            45.0000    -16.0000        1.480380496766
            46.0000    -16.0000      -15.218676944177
            47.0000    -16.0000      -23.874117232554
            48.0000    -16.0000        8.053784860301
            49.0000    -16.0000       46.558394092708
            50.0000    -16.0000        5.036062172073
            51.0000    -16.0000      -11.707541176918
            52.0000    -16.0000       -5.236034914258
            53.0000    -16.0000      -21.988981739766
            54.0000    -16.0000       -7.135401129066
            55.0000    -16.0000        6.250183557680
           -95.0000    -17.0000       -3.008682797016
           -94.0000    -17.0000        0.579470521635
           -93.0000    -17.0000      -13.042032595540
           -92.0000    -17.0000       -1.393322525681
           -91.0000    -17.0000       -5.975081889405
           -90.0000    -17.0000       -7.299350791504
           -89.0000    -17.0000       -6.441057819782
           -88.0000    -17.0000       -3.610215817269
           -87.0000    -17.0000       -9.858079614359
           -86.0000    -17.0000       -7.634337281521
           -85.0000    -17.0000      -10.420904549402
           -84.0000    -17.0000      -13.575671792907
           -83.0000    -17.0000       -8.940980298132
           -82.0000    -17.0000       -0.033611797536
           -81.0000    -17.0000      -10.966221194271
           -80.0000    -17.0000       -2.340286049810
           -79.0000    -17.0000        4.940330296117
           -78.0000    -17.0000       24.845302632468
           -77.0000    -17.0000       12.046321719408
           -76.0000    -17.0000       31.522580206660
           -75.0000    -17.0000      -45.830047375907
           -74.0000    -17.0000     -180.240923090098
           -73.0000    -17.0000     -109.118940037575
           -72.0000    -17.0000       35.626704902464
           -71.0000    -17.0000       97.641897943901
           -70.0000    -17.0000      167.149397700509
           -69.0000    -17.0000       67.155603155507
           -68.0000    -17.0000      136.559252544518
           -67.0000    -17.0000      194.260094745116
           -66.0000    -17.0000      138.267330276523
           -65.0000    -17.0000     -114.037607231820
           -64.0000    -17.0000      -69.735020652347
           -63.0000    -17.0000        8.968678400366
           -62.0000    -17.0000       31.813702216903
           -61.0000    -17.0000       35.139859885739
           -60.0000    -17.0000       40.741315866944
           -59.0000    -17.0000       27.890875139223
           -58.0000    -17.0000        7.643132219891
           -57.0000    -17.0000       31.633215158152
           -56.0000    -17.0000       -0.474255639288
           -55.0000    -17.0000        8.125979983401
           -54.0000    -17.0000       -3.458469100273
           -53.0000    -17.0000        3.461017897121
           -52.0000    -17.0000        3.197606774385
           -51.0000    -17.0000        7.494550461463
           -50.0000    -17.0000        1.435044509095
           -49.0000    -17.0000      -22.956544489775
           -48.0000    -17.0000      -23.847723516613
           -47.0000    -17.0000      -21.213423672225
           -46.0000    -17.0000      -41.689881284840
           -45.0000    -17.0000      -36.234786986096
           -44.0000    -17.0000      -10.275305796381
           -43.0000    -17.0000      -24.808040465324
           -42.0000    -17.0000       -2.957858984100
           -41.0000    -17.0000       12.031589903347
           -40.0000    -17.0000        1.388481436706
           -39.0000    -17.0000      -10.211820816715
           -38.0000    -17.0000      -51.480801563240
           -37.0000    -17.0000       -4.300607380474
           -36.0000    -17.0000       -6.233493425633
           -35.0000    -17.0000      -17.190701297234
           -34.0000    -17.0000       -7.267202078316
           -33.0000    -17.0000       -3.179583185553
           -32.0000    -17.0000      -14.453555595374
           -31.0000    -17.0000       -0.712642517048
           -30.0000    -17.0000       -1.523266633694
           -29.0000    -17.0000       -7.943320994828
           -28.0000    -17.0000       -9.465552560477
           -27.0000    -17.0000      -15.885673364377
           -26.0000    -17.0000      -19.998590463769
           -25.0000    -17.0000      -22.129298195951
           -24.0000    -17.0000      -17.873624120650
           -23.0000    -17.0000      -12.314748171280
           -22.0000    -17.0000        7.411960522439
           -21.0000    -17.0000       -3.533440434996
           -20.0000    -17.0000       -7.451009578494
           -19.0000    -17.0000        6.253733018868
           -18.0000    -17.0000        4.833788772233
           -17.0000    -17.0000        2.550344476751
           -16.0000    -17.0000        5.382533976827
           -15.0000    -17.0000        0.755338452173
           -14.0000    -17.0000       11.521764755695
           -13.0000    -17.0000        0.712102126685
           -12.0000    -17.0000       11.952855432736
           -11.0000    -17.0000        5.703760086800
           -10.0000    -17.0000        0.832771271159
            -9.0000    -17.0000       -1.405952426235
            -8.0000    -17.0000        6.890816642909
            -7.0000    -17.0000        6.573280925536
            -6.0000    -17.0000       -4.725808809559
            -5.0000    -17.0000        0.895433372929
            -4.0000    -17.0000       -1.483067293012
            -3.0000    -17.0000        0.597749369504
            -2.0000    -17.0000        2.294488416914
            -1.0000    -17.0000        7.481611683638
            -0.0000    -17.0000        3.754636545991
             1.0000    -17.0000        9.162038949696
             2.0000    -17.0000       -1.007520677283
             3.0000    -17.0000        6.862371913193
             4.0000    -17.0000        2.383763599336
             5.0000    -17.0000        1.635893883010
             6.0000    -17.0000        2.532928030554
             7.0000    -17.0000       -7.657725042061
             8.0000    -17.0000        2.297909479052
             9.0000    -17.0000       -4.064145223663
            10.0000    -17.0000       -2.278711261594
            11.0000    -17.0000       41.694472707658
            12.0000    -17.0000       -3.862921756404
            13.0000    -17.0000       43.404259073875
            14.0000    -17.0000       17.273170790957
            15.0000    -17.0000       18.616766458356
            16.0000    -17.0000       14.178976700432
            17.0000    -17.0000       19.025674398671
            18.0000    -17.0000       32.351826468759
            19.0000    -17.0000       19.827744660246
            20.0000    -17.0000        7.289398164082
            21.0000    -17.0000      -18.401854921183
            22.0000    -17.0000        8.671181885619
            23.0000    -17.0000        0.688020138581
            24.0000    -17.0000       23.212502375242
            25.0000    -17.0000      -11.648696448602
            26.0000    -17.0000       19.350364510023
            27.0000    -17.0000       64.535487198657
            28.0000    -17.0000      -57.078174936461
            29.0000    -17.0000      -21.524817977082
            30.0000    -17.0000       49.634998220971
            31.0000    -17.0000       47.431181342173
            32.0000    -17.0000        7.586789048621
            33.0000    -17.0000      -30.665538361376
            34.0000    -17.0000        0.969716628232
            35.0000    -17.0000      -28.182960508643
            36.0000    -17.0000      -21.076807725844
            37.0000    -17.0000      -36.618239745054
            38.0000    -17.0000      -19.962788817442
            39.0000    -17.0000        4.297584969737
            40.0000    -17.0000       12.396839137604
            41.0000    -17.0000      -63.851686738913
            42.0000    -17.0000       -5.304728389511
            43.0000    -17.0000       -7.616953764483
            44.0000    -17.0000       12.801838999394
            45.0000    -17.0000       27.754593380907
            46.0000    -17.0000      -24.585265860271
            47.0000    -17.0000       -4.173857784977
            48.0000    -17.0000       50.689669371927
            49.0000    -17.0000       27.399909836667
            50.0000    -17.0000        6.831650401465
            51.0000    -17.0000      -26.899665258214
            52.0000    -17.0000      -11.508673635987
            53.0000    -17.0000       -2.344910471853
            54.0000    -17.0000       -9.637635529333
            55.0000    -17.0000        4.863558526417
           -95.0000    -18.0000        0.753385436196
           -94.0000    -18.0000       -5.209533561260
           -93.0000    -18.0000        0.178859261153
           -92.0000    -18.0000       -8.770947998129
           -91.0000    -18.0000       -2.457139707201
           -90.0000    -18.0000       -0.234648489079
           -89.0000    -18.0000       -2.235226857157
           -88.0000    -18.0000        4.723159910640
           -87.0000    -18.0000       -7.127457373338
           -86.0000    -18.0000       -9.484461650632
           -85.0000    -18.0000        5.122349816389
           -84.0000    -18.0000      -11.178823404459
           -83.0000    -18.0000       -1.351124751884
           -82.0000    -18.0000       -4.763731628123
           -81.0000    -18.0000       -8.528324139198
           -80.0000    -18.0000        7.215501636075
           -79.0000    -18.0000       14.155354278765
           -78.0000    -18.0000        0.264160988637
           -77.0000    -18.0000       25.767737695283
           -76.0000    -18.0000        6.234758409211
           -75.0000    -18.0000       23.722783220075
           -74.0000    -18.0000       22.131181410917
           -73.0000    -18.0000     -106.158178511065
           -72.0000    -18.0000     -100.676972320504
           -71.0000    -18.0000      -26.919937774991
           -70.0000    -18.0000       58.360675782394
           -69.0000    -18.0000      140.265240865351
           -68.0000    -18.0000       92.622683999040
           -67.0000    -18.0000       98.087911450651
           -66.0000    -18.0000      144.554618872087
           -65.0000    -18.0000      127.899275174583
           -64.0000    -18.0000       99.944900512472
           -63.0000    -18.0000      -44.002106594050
           -62.0000    -18.0000        7.325047331437
           -61.0000    -18.0000       14.341929944580
           -60.0000    -18.0000       45.444263688179
           -59.0000    -18.0000       31.146335298770
           -58.0000    -18.0000       26.600972078814
           -57.0000    -18.0000       18.085563433447
           -56.0000    -18.0000       15.534492646686
           -55.0000    -18.0000        3.128453492909
           -54.0000    -18.0000      -20.275384997713
           -53.0000    -18.0000        1.629210355936
           -52.0000    -18.0000        1.580371915803
           -51.0000    -18.0000       -3.376406937417
           -50.0000    -18.0000       -0.075154971576
           -49.0000    -18.0000      -56.980463919061
           -48.0000    -18.0000      -27.509322380918
           -47.0000    -18.0000      -25.713905555286
           -46.0000    -18.0000       -6.658481076654
           -45.0000    -18.0000       -4.866322345821
           -44.0000    -18.0000       -3.472735729029
           -43.0000    -18.0000       -3.537155306681
           -42.0000    -18.0000        5.647281530636
           -41.0000    -18.0000      -27.511061359982
           -40.0000    -18.0000       -8.202669260060
           -39.0000    -18.0000        9.675575263533
           -38.0000    -18.0000       58.913328549647
           -37.0000    -18.0000      -44.057411457254
           -36.0000    -18.0000       35.612914311156
           -35.0000    -18.0000      -16.983028459267
           -34.0000    -18.0000       -1.156734050644
           -33.0000    -18.0000       -4.953110741913
           -32.0000    -18.0000        3.155337318465
           -31.0000    -18.0000       -4.224751613082
           -30.0000    -18.0000       -0.300516157338
           -29.0000    -18.0000       -3.983157932989
           -28.0000    -18.0000      -13.999802051867
           -27.0000    -18.0000      -17.721665234500
           -26.0000    -18.0000      -20.349139120375
           -25.0000    -18.0000      -20.288657261023
           -24.0000    -18.0000      -18.710760479089
           -23.0000    -18.0000      -17.451495505067
           -22.0000    -18.0000       -2.208407691273
           -21.0000    -18.0000       -9.849878349173
           -20.0000    -18.0000      -16.628766860337
           -19.0000    -18.0000       -5.839493136078
           -18.0000    -18.0000       -8.090140620945
           -17.0000    -18.0000        1.914921212642
           -16.0000    -18.0000       -3.964860219520
           -15.0000    -18.0000        1.055938312651
           -14.0000    -18.0000        4.497212959598
           -13.0000    -18.0000        5.566883934566
           -12.0000    -18.0000       -0.327308219433
           -11.0000    -18.0000        3.762587544628
           -10.0000    -18.0000        2.113051227319
            -9.0000    -18.0000       19.251664217277
            -8.0000    -18.0000       12.092696367862
            -7.0000    -18.0000        5.008947386767
            -6.0000    -18.0000       -0.241066342766
            -5.0000    -18.0000       -3.837843014012
            -4.0000    -18.0000        1.142068988731
            -3.0000    -18.0000       -5.666002590334
            -2.0000    -18.0000       10.348402449550
            -1.0000    -18.0000        1.586843508804
            -0.0000    -18.0000       11.101310266659
             1.0000    -18.0000        2.418119796650
             2.0000    -18.0000        6.107710474716
             3.0000    -18.0000        0.638165060947
             4.0000    -18.0000       -1.101226007602
             5.0000    -18.0000       -1.175618429614
             6.0000    -18.0000        7.565976593978
             7.0000    -18.0000       13.738545457861
             8.0000    -18.0000        2.974899942462
             9.0000    -18.0000       -5.703878430635
            10.0000    -18.0000       -8.181481729250
            11.0000    -18.0000       -1.985587453895
            12.0000    -18.0000        8.807977238932
            13.0000    -18.0000       49.594655147774
            14.0000    -18.0000       56.031834364753
            15.0000    -18.0000       27.780168975497
            16.0000    -18.0000        3.909077972813
            17.0000    -18.0000        1.077750068611
            18.0000    -18.0000       -2.762758367814
            19.0000    -18.0000       10.163777323455
            20.0000    -18.0000       16.861884604146
            21.0000    -18.0000      -22.026798421914
            22.0000    -18.0000       23.862875979112
            23.0000    -18.0000        0.855980636008
            24.0000    -18.0000      -21.100155115998
            25.0000    -18.0000       12.068074711603
            26.0000    -18.0000        6.665699211602
            27.0000    -18.0000      -42.806898851368
            28.0000    -18.0000        3.520647060993
            29.0000    -18.0000      -22.988159141453
            30.0000    -18.0000       -1.713578243231
            31.0000    -18.0000       44.947103853765
            32.0000    -18.0000       49.845587506187
            33.0000    -18.0000        1.788677715015
            34.0000    -18.0000       -7.620712985088
            35.0000    -18.0000      -17.577689126603
            36.0000    -18.0000      -32.626802967427
            37.0000    -18.0000        7.626431754116
            38.0000    -18.0000       15.845877992129
            39.0000    -18.0000      -31.643482599947
            40.0000    -18.0000      -16.885013433885
            41.0000    -18.0000      -34.669828166942
            42.0000    -18.0000       -9.264921605355
            43.0000    -18.0000      -26.232104715510
            44.0000    -18.0000        3.129201027504
            45.0000    -18.0000        8.900933066202
            46.0000    -18.0000       24.044790896374
            47.0000    -18.0000       45.791756200971
            48.0000    -18.0000       41.804212687989
            49.0000    -18.0000       37.851449207201
            50.0000    -18.0000      -30.730253577259
            51.0000    -18.0000      -19.159706854150
            52.0000    -18.0000      -18.372855794488
            53.0000    -18.0000       -8.830969102303
            54.0000    -18.0000       -3.856274366985
            55.0000    -18.0000       -6.770670015165
           -95.0000    -19.0000        1.899659346935
           -94.0000    -19.0000       -6.610521245668
           -93.0000    -19.0000        1.358702510197
           -92.0000    -19.0000       -0.516209938859
           -91.0000    -19.0000       -2.582078383189
           -90.0000    -19.0000       -2.478354360182
           -89.0000    -19.0000       -2.125222978846
           -88.0000    -19.0000       -4.298176740916
           -87.0000    -19.0000       -6.758893659769
           -86.0000    -19.0000        0.890931230742
           -85.0000    -19.0000       -3.487065631685
           -84.0000    -19.0000       -4.080907660315
           -83.0000    -19.0000       -5.709973171321
           -82.0000    -19.0000       -3.497107372131
           -81.0000    -19.0000        1.644816987068
           -80.0000    -19.0000        5.198694948782
           -79.0000    -19.0000        1.362970386880
           -78.0000    -19.0000       11.781608982756
           -77.0000    -19.0000        2.122611558056
           -76.0000    -19.0000       18.059118031929
           -75.0000    -19.0000       16.570345275601
           -74.0000    -19.0000       23.514227754949
           -73.0000    -19.0000       47.167295335334
           -72.0000    -19.0000     -117.391209871133
           -71.0000    -19.0000      -73.658673042238
           -70.0000    -19.0000       66.556761119974
           -69.0000    -19.0000      135.877579786031
           -68.0000    -19.0000       55.548634618801
           -67.0000    -19.0000       97.614563141766
           -66.0000    -19.0000      118.883291386856
           -65.0000    -19.0000       97.150466098841
           -64.0000    -19.0000       33.939649291501
           -63.0000    -19.0000      -46.349482607751
           -62.0000    -19.0000       22.824771836463
           -61.0000    -19.0000        8.242576186298
           -60.0000    -19.0000        9.423435061860
           -59.0000    -19.0000       16.953844316487
           -58.0000    -19.0000       18.978417684456
           -57.0000    -19.0000       34.140832795161
           -56.0000    -19.0000       23.744015027156
           -55.0000    -19.0000       12.260933367065
           -54.0000    -19.0000      -26.978701092151
           -53.0000    -19.0000      -28.203284703216
           -52.0000    -19.0000      -14.745674252305
           -51.0000    -19.0000      -35.192698275794
           -50.0000    -19.0000       -0.977967318397
           -49.0000    -19.0000      -36.501059604188
           -48.0000    -19.0000      -21.337250664506
           -47.0000    -19.0000        8.847532414370
           -46.0000    -19.0000       -7.318806593902
           -45.0000    -19.0000      -27.288285669256
           -44.0000    -19.0000      -12.846477246466
           -43.0000    -19.0000      -30.419249895053
           -42.0000    -19.0000      -47.336511800885
           -41.0000    -19.0000      -21.978621321691
           -40.0000    -19.0000        6.846877377581
           -39.0000    -19.0000       20.995888799626
           -38.0000    -19.0000       16.306987724146
           -37.0000    -19.0000      -59.737076415800
           -36.0000    -19.0000      -18.584075540912
           -35.0000    -19.0000       -3.006187726268
           -34.0000    -19.0000       -3.236462438765
           -33.0000    -19.0000       10.985266888400
           -32.0000    -19.0000        7.057015880691
           -31.0000    -19.0000        7.453081888505
           -30.0000    -19.0000       -0.610708878515
           -29.0000    -19.0000       -0.769723019244
           -28.0000    -19.0000       -5.339232114701
           -27.0000    -19.0000      -20.608011814286
           -26.0000    -19.0000      -14.671389127630
           -25.0000    -19.0000      -29.490601973629
           -24.0000    -19.0000      -25.671665927967
           -23.0000    -19.0000      -19.499087532208
           -22.0000    -19.0000      -17.102684242012
           -21.0000    -19.0000      -16.613330613393
           -20.0000    -19.0000       -1.739683018878
           -19.0000    -19.0000       -3.340746474787
           -18.0000    -19.0000       -1.744144190684
           -17.0000    -19.0000        9.565548158271
           -16.0000    -19.0000        7.352902780616
           -15.0000    -19.0000       -0.214974648012
           -14.0000    -19.0000        2.276302298666
           -13.0000    -19.0000        3.296300258559
           -12.0000    -19.0000       18.381056927756
           -11.0000    -19.0000       -0.180652688461
           -10.0000    -19.0000       14.116368644389
            -9.0000    -19.0000        4.014689127804
            -8.0000    -19.0000       -0.874519145910
            -7.0000    -19.0000        0.884442067827
            -6.0000    -19.0000       -1.567089930252
            -5.0000    -19.0000       -3.639339163467
            -4.0000    -19.0000       -0.938347655956
            -3.0000    -19.0000        3.716077811569
            -2.0000    -19.0000        6.101946731892
            -1.0000    -19.0000       16.016727090411
            -0.0000    -19.0000       13.929202321449
             1.0000    -19.0000        5.210943915162
             2.0000    -19.0000       -0.024671959702
             3.0000    -19.0000        7.366275236383
             4.0000    -19.0000       -5.365942763106
             5.0000    -19.0000        4.426445242799
             6.0000    -19.0000        5.086340653344
             7.0000    -19.0000        8.741306832151
             8.0000    -19.0000        3.602935761226
             9.0000    -19.0000      -10.515449073761
            10.0000    -19.0000      -18.473357372371
            11.0000    -19.0000       19.384509491968
            12.0000    -19.0000       36.217627244563
            13.0000    -19.0000       11.009261119053
            14.0000    -19.0000       34.692786920728
            15.0000    -19.0000       21.424278614140
            16.0000    -19.0000        5.400166021370
            17.0000    -19.0000        4.531435836342
            18.0000    -19.0000       14.207522510797
            19.0000    -19.0000       29.269156628795
            20.0000    -19.0000       22.515461978957
            21.0000    -19.0000       -2.205017457214
            22.0000    -19.0000      -12.615296917655
            23.0000    -19.0000        1.743251572846
            24.0000    -19.0000        8.465351170379
            25.0000    -19.0000       11.450444491396
            26.0000    -19.0000       13.525483877745
            27.0000    -19.0000        8.712195601086
            28.0000    -19.0000       -3.617550965987
            29.0000    -19.0000        6.467344232078
            30.0000    -19.0000       19.368942106401
            31.0000    -19.0000       45.926830862507
            32.0000    -19.0000       -7.080070186403
            33.0000    -19.0000      -17.134064099234
            34.0000    -19.0000      -12.591045885800
            35.0000    -19.0000      -31.112099747553
            36.0000    -19.0000       -1.276163949032
            37.0000    -19.0000       21.617175220232
            38.0000    -19.0000      -43.275596254130
            39.0000    -19.0000       -6.180573945832
            40.0000    -19.0000      -52.726767267389
            41.0000    -19.0000      -11.947755065024
            42.0000    -19.0000       -4.511450644055
            43.0000    -19.0000      -12.607521010035
            44.0000    -19.0000       -9.518294280796
            45.0000    -19.0000      -15.603059797002
            46.0000    -19.0000       42.564316288076
            47.0000    -19.0000       64.771988803696
            48.0000    -19.0000       45.414011959884
            49.0000    -19.0000       23.295915490429
            50.0000    -19.0000      -45.184712490068
            51.0000    -19.0000      -15.233220887119
            52.0000    -19.0000      -21.365833374684
            53.0000    -19.0000      -11.577270732876
            54.0000    -19.0000      -12.172606581054
            55.0000    -19.0000       -1.438336591169
           -95.0000    -20.0000       -1.873980479340
           -94.0000    -20.0000       -4.787834145837
           -93.0000    -20.0000        1.877851933530
           -92.0000    -20.0000       -5.801549166614
           -91.0000    -20.0000       -2.090822151628
           -90.0000    -20.0000        0.087012932608
           -89.0000    -20.0000       -8.498401083657
           -88.0000    -20.0000        0.923512967060
           -87.0000    -20.0000       -1.633954559761
           -86.0000    -20.0000       -6.365284316498
           -85.0000    -20.0000       -7.296828628777
           -84.0000    -20.0000      -10.462695732242
           -83.0000    -20.0000       -6.316434745687
           -82.0000    -20.0000        4.561133826812
           -81.0000    -20.0000        1.804314520635
           -80.0000    -20.0000       -1.094806471838
           -79.0000    -20.0000        2.878018914180
           -78.0000    -20.0000       -9.337290193997
           -77.0000    -20.0000        0.463094868047
           -76.0000    -20.0000        3.976616378361
           -75.0000    -20.0000       -3.966126612966
           -74.0000    -20.0000        7.039618593210
           -73.0000    -20.0000       38.778600710126
           -72.0000    -20.0000       -2.507815468564
           -71.0000    -20.0000     -155.800571181593
           -70.0000    -20.0000       87.071429123805
           -69.0000    -20.0000      124.909004574825
           -68.0000    -20.0000       82.540789043409
           -67.0000    -20.0000       80.470546120524
           -66.0000    -20.0000       84.960746024725
           -65.0000    -20.0000      167.654570017940
           -64.0000    -20.0000        1.305335897581
           -63.0000    -20.0000      -18.540928403080
           -62.0000    -20.0000       30.733562398350
           -61.0000    -20.0000       37.344243630503
           -60.0000    -20.0000       18.709485073021
           -59.0000    -20.0000       -2.826715321369
           -58.0000    -20.0000       22.270694279199
           -57.0000    -20.0000       30.985258791254
           -56.0000    -20.0000       10.296204068131
           -55.0000    -20.0000       -6.734409603922
           -54.0000    -20.0000      -14.003322293300
           -53.0000    -20.0000      -40.481168236630
           -52.0000    -20.0000      -33.116389217043
           -51.0000    -20.0000      -37.437702189897
           -50.0000    -20.0000      -19.483078303669
           -49.0000    -20.0000       -3.099100455299
           -48.0000    -20.0000      -27.813973762190
           -47.0000    -20.0000       -1.673769259611
           -46.0000    -20.0000      -27.025212611100
           -45.0000    -20.0000       -5.073852681483
           -44.0000    -20.0000       34.538990119997
           -43.0000    -20.0000      -44.887182368716
           -42.0000    -20.0000       30.099985832057
           -41.0000    -20.0000        3.302768692572
           -40.0000    -20.0000       23.471227097987
           -39.0000    -20.0000      -47.207343146441
           -38.0000    -20.0000       44.871571361142
           -37.0000    -20.0000      -20.821884079003
           -36.0000    -20.0000       22.319399527712
           -35.0000    -20.0000      -28.162426096626
           -34.0000    -20.0000      -20.081665603195
           -33.0000    -20.0000       -5.367079744530
           -32.0000    -20.0000        6.603337229028
           -31.0000    -20.0000      -12.456326472037
           -30.0000    -20.0000       -8.425252893298
           -29.0000    -20.0000        7.111899266341
           -28.0000    -20.0000      -26.650792541123
           -27.0000    -20.0000       -6.985014069447
           -26.0000    -20.0000      -13.731710072478
           -25.0000    -20.0000      -16.894835172830
           -24.0000    -20.0000      -16.960692003732
           -23.0000    -20.0000      -19.023001267796
           -22.0000    -20.0000      -22.126863437798
           -21.0000    -20.0000      -12.607649146890
           -20.0000    -20.0000      -12.511111938273
           -19.0000    -20.0000      -11.517331815843
           -18.0000    -20.0000      -10.319009135742
           -17.0000    -20.0000       -4.309711737711
           -16.0000    -20.0000       -8.024702542740
           -15.0000    -20.0000        0.061995361112
           -14.0000    -20.0000       -8.675471243086
           -13.0000    -20.0000        5.287956898895
           -12.0000    -20.0000       21.174246037639
           -11.0000    -20.0000        5.671262051218
           -10.0000    -20.0000        5.152782665288
            -9.0000    -20.0000       -4.455708841832
            -8.0000    -20.0000        1.214512882813
            -7.0000    -20.0000        7.479845211233
            -6.0000    -20.0000        8.797718903955
            -5.0000    -20.0000        0.915960986226
            -4.0000    -20.0000       13.376897655371
            -3.0000    -20.0000        5.113413724603
            -2.0000    -20.0000        3.168353819977
            -1.0000    -20.0000        6.672075948084
            -0.0000    -20.0000        5.641757184028
             1.0000    -20.0000        3.457649282738
             2.0000    -20.0000        1.619422128030
             3.0000    -20.0000        3.212258022721
             4.0000    -20.0000       -3.366311243866
             5.0000    -20.0000        4.703773933381
             6.0000    -20.0000       16.214550985243
             7.0000    -20.0000        4.488343606799
             8.0000    -20.0000       14.625315795802
             9.0000    -20.0000       34.716879979797
            10.0000    -20.0000       38.792233035433
            11.0000    -20.0000       19.751119700950
            12.0000    -20.0000       35.501045818551
            13.0000    -20.0000       13.232471469993
            14.0000    -20.0000       28.626033700359
            15.0000    -20.0000       21.597459009033
            16.0000    -20.0000       32.898794546904
            17.0000    -20.0000       39.428071495174
            18.0000    -20.0000       25.078287925238
            19.0000    -20.0000       19.571465060592
            20.0000    -20.0000       19.639403831529
            21.0000    -20.0000       11.871505416263
            22.0000    -20.0000        6.768715883957
            23.0000    -20.0000       15.212147644338
            24.0000    -20.0000       -2.868349426940
            25.0000    -20.0000       -3.518327367193
            26.0000    -20.0000      -12.234806036492
            27.0000    -20.0000       -3.919723797618
            28.0000    -20.0000       18.481734420700
            29.0000    -20.0000       39.388066866859
            30.0000    -20.0000       12.597144491495
            31.0000    -20.0000        8.484221195355
            32.0000    -20.0000      -32.391379468407
            33.0000    -20.0000       15.802697907083
            34.0000    -20.0000       -5.943324057396
            35.0000    -20.0000      -15.377035798506
            36.0000    -20.0000       24.012541806081
            37.0000    -20.0000      -67.235270206333
            38.0000    -20.0000      -67.801578565737
            39.0000    -20.0000      -21.747117541726
            40.0000    -20.0000      -31.172687758530
            41.0000    -20.0000      -15.415675182559
            42.0000    -20.0000      -26.557712016769
            43.0000    -20.0000      -11.444701722796
            44.0000    -20.0000        1.637060501709
            45.0000    -20.0000      -36.199728223075
            46.0000    -20.0000       14.787291094568
            47.0000    -20.0000       76.465007922313
            48.0000    -20.0000       41.015040967880
            49.0000    -20.0000       -4.409491522525
            50.0000    -20.0000      -42.545509561663
            51.0000    -20.0000      -14.815492184645
            52.0000    -20.0000       -6.258645150692
            53.0000    -20.0000      -16.734694808486
            54.0000    -20.0000       -1.524245828523
            55.0000    -20.0000      -35.748844931217
           -95.0000    -21.0000        6.718638898085
           -94.0000    -21.0000        6.481327991146
           -93.0000    -21.0000        5.271680428957
           -92.0000    -21.0000       -4.030954641658
           -91.0000    -21.0000        2.773503086872
           -90.0000    -21.0000       -0.876856421770
           -89.0000    -21.0000        3.829656783464
           -88.0000    -21.0000       -0.562870528194
           -87.0000    -21.0000       -5.585853154633
           -86.0000    -21.0000        1.258241196253
           -85.0000    -21.0000        1.764400107195
           -84.0000    -21.0000        0.302238317176
           -83.0000    -21.0000       -4.461882531256
           -82.0000    -21.0000        9.046719089872
           -81.0000    -21.0000       18.853824134879
           -80.0000    -21.0000       -3.036649791618
           -79.0000    -21.0000       -3.203977172283
           -78.0000    -21.0000       11.795210549177
           -77.0000    -21.0000        1.929994988329
           -76.0000    -21.0000       -3.550275474264
           -75.0000    -21.0000        2.790134311897
           -74.0000    -21.0000       21.834702181939
           -73.0000    -21.0000       -6.520267661230
           -72.0000    -21.0000       37.564320414573
           -71.0000    -21.0000     -141.961960511361
           -70.0000    -21.0000       72.927226126592
           -69.0000    -21.0000       58.948670210759
           -68.0000    -21.0000      101.873748868770
           -67.0000    -21.0000       75.707126510565
           -66.0000    -21.0000       64.414734085271
           -65.0000    -21.0000      115.725366309448
           -64.0000    -21.0000      -36.555682132023
           -63.0000    -21.0000      -33.413479128842
           -62.0000    -21.0000       23.727075765432
           -61.0000    -21.0000       23.602253712474
           -60.0000    -21.0000       43.000709729122
           -59.0000    -21.0000       32.844969706509
           -58.0000    -21.0000       17.934129346082
           -57.0000    -21.0000       47.488302805273
           -56.0000    -21.0000        0.367683917558
           -55.0000    -21.0000      -12.368456264522
           -54.0000    -21.0000      -23.428681212334
           -53.0000    -21.0000      -33.098718933315
           -52.0000    -21.0000      -21.921157610600
           -51.0000    -21.0000      -27.895544507426
           -50.0000    -21.0000      -18.888218464013
           -49.0000    -21.0000      -16.589060531533
           -48.0000    -21.0000       -5.904021047141
           -47.0000    -21.0000        1.026456337036
           -46.0000    -21.0000       -0.026482163294
           -45.0000    -21.0000       18.577621230388
           -44.0000    -21.0000       41.626890975045
           -43.0000    -21.0000      -18.200106566054
           -42.0000    -21.0000       12.034584247013
           -41.0000    -21.0000      -10.987544719085
           -40.0000    -21.0000       -1.734069356254
           -39.0000    -21.0000      -56.809776112493
           -38.0000    -21.0000       -2.641327692797
           -37.0000    -21.0000      -34.928100433490
           -36.0000    -21.0000       -7.640747957396
           -35.0000    -21.0000       25.387820890770
           -34.0000    -21.0000       41.742112426772
           -33.0000    -21.0000      -13.551242053451
           -32.0000    -21.0000       21.304396650896
           -31.0000    -21.0000       -9.667497703897
           -30.0000    -21.0000       -7.540948988929
           -29.0000    -21.0000        9.393964367855
           -28.0000    -21.0000      -22.836518281805
           -27.0000    -21.0000      -10.572530948368
           -26.0000    -21.0000      -13.325446832998
           -25.0000    -21.0000      -26.483812022682
           -24.0000    -21.0000       -9.602357809343
           -23.0000    -21.0000      -10.696666103131
           -22.0000    -21.0000      -13.901616456123
           -21.0000    -21.0000      -13.380563568605
           -20.0000    -21.0000      -16.742102097689
           -19.0000    -21.0000      -13.730463776412
           -18.0000    -21.0000       -6.517584123320
           -17.0000    -21.0000      -11.096974789971
           -16.0000    -21.0000       -7.285762450830
           -15.0000    -21.0000       -2.862975062144
           -14.0000    -21.0000       -1.426704271831
           -13.0000    -21.0000        3.571233075982
           -12.0000    -21.0000       10.244495043875
           -11.0000    -21.0000       16.587613232867
           -10.0000    -21.0000       13.311042269928
            -9.0000    -21.0000       15.481888497660
            -8.0000    -21.0000       -1.102236978401
            -7.0000    -21.0000        7.087767969744
            -6.0000    -21.0000       -0.769429195535
            -5.0000    -21.0000       -8.549178843818
            -4.0000    -21.0000       -0.270494180096
            -3.0000    -21.0000        0.467880796431
            -2.0000    -21.0000       -0.082527269787
            -1.0000    -21.0000        7.166379344676
            -0.0000    -21.0000        2.541517522195
             1.0000    -21.0000        5.053021088536
             2.0000    -21.0000        5.353040587359
             3.0000    -21.0000        9.185933646286
             4.0000    -21.0000       13.629106895191
             5.0000    -21.0000       36.358701504970
             6.0000    -21.0000       16.354444343304
             7.0000    -21.0000       22.829435251930
             8.0000    -21.0000       27.422842292259
             9.0000    -21.0000       20.573868542428
            10.0000    -21.0000       -3.687433654579
            11.0000    -21.0000       16.611037853366
            12.0000    -21.0000       12.023892119055
            13.0000    -21.0000       22.195913185113
            14.0000    -21.0000        8.098682879724
            15.0000    -21.0000       25.245231032082
            16.0000    -21.0000       53.161521075183
            17.0000    -21.0000       39.082002620485
            18.0000    -21.0000       52.448140025430
            19.0000    -21.0000       78.057167356000
            20.0000    -21.0000       23.324004838413
            21.0000    -21.0000       17.087501088608
            22.0000    -21.0000       -2.098386682108
            23.0000    -21.0000        9.848097275253
            24.0000    -21.0000       18.656345639332
            25.0000    -21.0000        4.461699732631
            26.0000    -21.0000       21.322321647910
            27.0000    -21.0000       27.047881734474
            28.0000    -21.0000       20.140000996922
            29.0000    -21.0000        5.846933683696
            30.0000    -21.0000      -11.980948041721
            31.0000    -21.0000      -34.625886272110
            32.0000    -21.0000      -15.071795869478
            33.0000    -21.0000       10.227616173861
            34.0000    -21.0000       -7.392226198111
            35.0000    -21.0000      -25.760344480045
            36.0000    -21.0000      -38.299383461752
            37.0000    -21.0000      -26.780117746814
            38.0000    -21.0000        9.154477487691
            39.0000    -21.0000      -11.010135633090
            40.0000    -21.0000      -28.988926724944
            41.0000    -21.0000       -5.791809631350
            42.0000    -21.0000      -15.787055587561
            43.0000    -21.0000       -7.007548067677
            44.0000    -21.0000       -3.338210880621
            45.0000    -21.0000       -0.712152697223
            46.0000    -21.0000       17.317149158245
            47.0000    -21.0000       43.979807984963
            48.0000    -21.0000       14.320713843899
            49.0000    -21.0000       -2.533910949063
            50.0000    -21.0000      -35.961766653235
            51.0000    -21.0000      -23.957848050446
            52.0000    -21.0000        4.219867744602
            53.0000    -21.0000       -9.601277624799
            54.0000    -21.0000      -24.218061437405
            55.0000    -21.0000      132.382099120320
           -95.0000    -22.0000        0.887485029959
           -94.0000    -22.0000        6.197367730807
           -93.0000    -22.0000        4.310676182181
           -92.0000    -22.0000        5.481439470897
           -91.0000    -22.0000        0.143509801528
           -90.0000    -22.0000        9.064028985130
           -89.0000    -22.0000        2.540724010839
           -88.0000    -22.0000        1.107855247586
           -87.0000    -22.0000        1.678266871737
           -86.0000    -22.0000        4.832225609918
           -85.0000    -22.0000        0.065805069384
           -84.0000    -22.0000        3.368849251184
           -83.0000    -22.0000        5.755708648139
           -82.0000    -22.0000       16.941387249008
           -81.0000    -22.0000       -8.728193816674
           -80.0000    -22.0000        1.269796852325
           -79.0000    -22.0000        0.495962670871
           -78.0000    -22.0000      -12.958470020383
           -77.0000    -22.0000        3.925847662586
           -76.0000    -22.0000       -2.879666683900
           -75.0000    -22.0000        8.264544394330
           -74.0000    -22.0000        8.763446734657
           -73.0000    -22.0000       -3.602577065032
           -72.0000    -22.0000       35.659011441319
           -71.0000    -22.0000     -177.767662439591
           -70.0000    -22.0000      129.355665072877
           -69.0000    -22.0000       42.465576474601
           -68.0000    -22.0000      116.115538132289
           -67.0000    -22.0000       98.539000756763
           -66.0000    -22.0000      100.891008660649
           -65.0000    -22.0000      123.048938690712
           -64.0000    -22.0000      -34.546354113028
           -63.0000    -22.0000      -12.199886097657
           -62.0000    -22.0000       36.730102294382
           -61.0000    -22.0000       20.675970456183
           -60.0000    -22.0000       15.097620646139
           -59.0000    -22.0000       18.988346196213
           -58.0000    -22.0000       16.231954075901
           -57.0000    -22.0000       36.780706087691
           -56.0000    -22.0000       13.793057804520
           -55.0000    -22.0000       -1.991588210191
           -54.0000    -22.0000      -41.781237070623
           -53.0000    -22.0000      -23.042511764045
           -52.0000    -22.0000      -18.316697634078
           -51.0000    -22.0000      -30.352462596182
           -50.0000    -22.0000      -20.292173039412
           -49.0000    -22.0000      -25.173800308696
           -48.0000    -22.0000      -26.930710600220
           -47.0000    -22.0000        1.354222511257
           -46.0000    -22.0000       29.510503222260
           -45.0000    -22.0000       25.794047919315
           -44.0000    -22.0000       30.423086953114
           -43.0000    -22.0000       18.379066624894
           -42.0000    -22.0000      -12.921187374221
           -41.0000    -22.0000       24.891468014059
           -40.0000    -22.0000       16.129457837742
           -39.0000    -22.0000      -29.655914741107
           -38.0000    -22.0000      -26.881122267059
           -37.0000    -22.0000       -5.992154273624
           -36.0000    -22.0000      -19.007989597812
           -35.0000    -22.0000      -32.801036794101
           -34.0000    -22.0000      -26.496511068723
           -33.0000    -22.0000      -12.759116695302
           -32.0000    -22.0000      -10.815043859058
           -31.0000    -22.0000       -6.551388627761
           -30.0000    -22.0000       -7.545078131768
           -29.0000    -22.0000      -20.567883900273
           -28.0000    -22.0000      -14.448286397542
           -27.0000    -22.0000      -17.551159668639
           -26.0000    -22.0000      -25.825200343868
           -25.0000    -22.0000      -19.158950906161
           -24.0000    -22.0000      -20.465561363327
           -23.0000    -22.0000      -21.895564404442
           -22.0000    -22.0000      -16.322131291001
           -21.0000    -22.0000      -12.369751213611
           -20.0000    -22.0000      -13.202008928644
           -19.0000    -22.0000       -1.122102827285
           -18.0000    -22.0000      -14.593340686633
           -17.0000    -22.0000       -5.706616295746
           -16.0000    -22.0000       -2.480474155724
           -15.0000    -22.0000        5.100784546528
           -14.0000    -22.0000       -0.986176292593
           -13.0000    -22.0000       14.434164838365
           -12.0000    -22.0000        4.655420330273
           -11.0000    -22.0000       -0.157860193371
           -10.0000    -22.0000        3.702954992291
            -9.0000    -22.0000        3.773488644097
            -8.0000    -22.0000       -1.302700032083
            -7.0000    -22.0000        1.113413095377
            -6.0000    -22.0000       -2.314380301601
            -5.0000    -22.0000       -1.934217029806
            -4.0000    -22.0000        2.892757076215
            -3.0000    -22.0000        5.115092083083
            -2.0000    -22.0000        1.876977193074
            -1.0000    -22.0000        7.253564991646
            -0.0000    -22.0000        0.459533391494
             1.0000    -22.0000        0.749781496302
             2.0000    -22.0000        6.588888676491
             3.0000    -22.0000        9.870707088731
             4.0000    -22.0000       14.717354581889
             5.0000    -22.0000        4.600102173163
             6.0000    -22.0000       35.320760578395
             7.0000    -22.0000       33.558917875414
             8.0000    -22.0000       11.831640208901
             9.0000    -22.0000        0.059042535264
            10.0000    -22.0000        7.851149669535
            11.0000    -22.0000        1.000962372299
            12.0000    -22.0000        3.960238130596
            13.0000    -22.0000       36.481572024404
            14.0000    -22.0000       21.955126415754
            15.0000    -22.0000       42.002200434514
            16.0000    -22.0000       38.855622845136
            17.0000    -22.0000       50.043329724821
            18.0000    -22.0000       29.435835255705
            19.0000    -22.0000       22.368301883366
            20.0000    -22.0000       30.635309905965
            21.0000    -22.0000       -1.834571473393
            22.0000    -22.0000      -15.285454878426
            23.0000    -22.0000       23.592082418458
            24.0000    -22.0000       16.338734554886
            25.0000    -22.0000        9.174873618222
            26.0000    -22.0000        3.153045037699
            27.0000    -22.0000        9.035789383429
            28.0000    -22.0000        1.466444406026
            29.0000    -22.0000      -26.720665587821
            30.0000    -22.0000       -0.570227501633
            31.0000    -22.0000       28.364667387260
            32.0000    -22.0000       21.060921988652
            33.0000    -22.0000      -27.365309959149
            34.0000    -22.0000        2.510602141845
            35.0000    -22.0000        7.850478557141
            36.0000    -22.0000      -11.937505969698
            37.0000    -22.0000       -9.480444348261
            38.0000    -22.0000      -16.094523808364
            39.0000    -22.0000       -0.926063446495
            40.0000    -22.0000       17.345577975248
            41.0000    -22.0000       -5.060421573426
            42.0000    -22.0000       -7.503565772904
            43.0000    -22.0000        4.822296036338
            44.0000    -22.0000       27.630365400585
            45.0000    -22.0000       -4.615849733151
            46.0000    -22.0000       47.475192700055
            47.0000    -22.0000       38.978506379952
            48.0000    -22.0000       27.722504816915
            49.0000    -22.0000      -29.736758269983
            50.0000    -22.0000      -20.094462730669
            51.0000    -22.0000       -7.360134660639
            52.0000    -22.0000       -4.917561531460
            53.0000    -22.0000       -8.723762453241
            54.0000    -22.0000       -3.984491059160
            55.0000    -22.0000        1.132047593073
           -95.0000    -23.0000        2.186991972220
           -94.0000    -23.0000        4.280282311433
           -93.0000    -23.0000       -4.509168238031
           -92.0000    -23.0000        6.005874224820
           -91.0000    -23.0000        1.539797367467
           -90.0000    -23.0000       -6.102112902161
           -89.0000    -23.0000        7.112347554232
           -88.0000    -23.0000        4.031330256361
           -87.0000    -23.0000        1.778239562518
           -86.0000    -23.0000        1.334286827283
           -85.0000    -23.0000       -0.276969293716
           -84.0000    -23.0000       -8.567085653507
           -83.0000    -23.0000        5.296161347427
           -82.0000    -23.0000        8.913625354146
           -81.0000    -23.0000        0.106043378138
           -80.0000    -23.0000        1.007641095075
           -79.0000    -23.0000       -9.625272817161
           -78.0000    -23.0000       -1.137249839244
           -77.0000    -23.0000       -8.885256514519
           -76.0000    -23.0000       11.906136767914
           -75.0000    -23.0000        9.352014417116
           -74.0000    -23.0000       19.111900762660
           -73.0000    -23.0000       28.129226070700
           -72.0000    -23.0000       21.563079692028
           -71.0000    -23.0000     -150.988560731289
           -70.0000    -23.0000      148.453331622368
           -69.0000    -23.0000       35.815576429721
           -68.0000    -23.0000       42.464676548267
           -67.0000    -23.0000      132.545820594994
           -66.0000    -23.0000      106.279576475536
           -65.0000    -23.0000      110.729364857379
           -64.0000    -23.0000      -89.550456478247
           -63.0000    -23.0000        8.564534708701
           -62.0000    -23.0000       14.950296956917
           -61.0000    -23.0000       15.517704045798
           -60.0000    -23.0000        7.762689959086
           -59.0000    -23.0000        4.541192525842
           -58.0000    -23.0000       24.970501949426
           -57.0000    -23.0000       25.549354908588
           -56.0000    -23.0000        2.891911764719
           -55.0000    -23.0000       -4.257125738069
           -54.0000    -23.0000      -39.298411422227
           -53.0000    -23.0000      -18.630837294485
           -52.0000    -23.0000      -19.011390511498
           -51.0000    -23.0000      -38.286074775656
           -50.0000    -23.0000      -38.196214089337
           -49.0000    -23.0000      -18.277580290315
           -48.0000    -23.0000      -30.129210379528
           -47.0000    -23.0000        3.709566526319
           -46.0000    -23.0000       31.465929873371
           -45.0000    -23.0000       10.488332843801
           -44.0000    -23.0000      -11.809637235551
           -43.0000    -23.0000       -2.882275789902
           -42.0000    -23.0000       13.310897877666
           -41.0000    -23.0000       32.388511801428
           -40.0000    -23.0000      -39.568029323443
           -39.0000    -23.0000      -34.312522141526
           -38.0000    -23.0000       -8.801167054726
           -37.0000    -23.0000      -22.538458271781
           -36.0000    -23.0000       -8.595534407875
           -35.0000    -23.0000       -7.574666281620
           -34.0000    -23.0000      -10.755514490257
           -33.0000    -23.0000      -20.909780940340
           -32.0000    -23.0000       -7.172487056102
           -31.0000    -23.0000      -13.339829603463
           -30.0000    -23.0000      -18.867810105271
           -29.0000    -23.0000      -19.344512414128
           -28.0000    -23.0000      -20.856692740451
           -27.0000    -23.0000      -17.981413223883
           -26.0000    -23.0000      -15.041112880135
           -25.0000    -23.0000      -16.208190921392
           -24.0000    -23.0000      -16.400111303376
           -23.0000    -23.0000      -19.091673998118
           -22.0000    -23.0000       -9.996963525080
           -21.0000    -23.0000      -18.957015373218
           -20.0000    -23.0000        1.564083001193
           -19.0000    -23.0000      -15.213415927608
           -18.0000    -23.0000       -1.391490852902
           -17.0000    -23.0000       -2.982462680727
           -16.0000    -23.0000       -8.547607800325
           -15.0000    -23.0000       -9.607788763572
           -14.0000    -23.0000        6.620705010496
           -13.0000    -23.0000       -4.471136532970
           -12.0000    -23.0000       12.701260428336
           -11.0000    -23.0000       10.457967179506
           -10.0000    -23.0000        0.970747789006
            -9.0000    -23.0000       -3.423993479728
            -8.0000    -23.0000       -3.364937455723
            -7.0000    -23.0000        4.483799669012
            -6.0000    -23.0000       -0.462121832928
            -5.0000    -23.0000        6.665145873742
            -4.0000    -23.0000       -4.957857146524
            -3.0000    -23.0000       19.518971671412
            -2.0000    -23.0000       13.246114477217
            -1.0000    -23.0000        6.896852799032
            -0.0000    -23.0000        8.703071126180
             1.0000    -23.0000        8.023282578951
             2.0000    -23.0000       11.204292720633
             3.0000    -23.0000       19.298009440244
             4.0000    -23.0000       12.651094181507
             5.0000    -23.0000       29.636641156084
             6.0000    -23.0000       42.761700301431
             7.0000    -23.0000       18.776824085673
             8.0000    -23.0000       18.424020353053
             9.0000    -23.0000       -2.657027287231
            10.0000    -23.0000       -3.125654770990
            11.0000    -23.0000       -0.643556510266
            12.0000    -23.0000       -1.395488137881
            13.0000    -23.0000       33.589794252361
            14.0000    -23.0000       29.638354876801
            15.0000    -23.0000       19.964606393308
            16.0000    -23.0000       37.979828668824
            17.0000    -23.0000       66.748444085375
            18.0000    -23.0000       45.525327601379
            19.0000    -23.0000        5.642891304361
            20.0000    -23.0000       19.890134122783
            21.0000    -23.0000       10.399748176450
            22.0000    -23.0000       11.180334785307
            23.0000    -23.0000       13.635561307053
            24.0000    -23.0000       -1.674806350343
            25.0000    -23.0000       -0.399625618549
            26.0000    -23.0000       14.339678441604
            27.0000    -23.0000        8.400460768533
            28.0000    -23.0000       -3.785354498742
            29.0000    -23.0000       16.082223316876
            30.0000    -23.0000       37.099928840410
            31.0000    -23.0000        6.892560465821
            32.0000    -23.0000        9.389851163488
            33.0000    -23.0000      -32.179059136203
            34.0000    -23.0000       -2.611930122384
            35.0000    -23.0000       26.148706930673
            36.0000    -23.0000      -10.735057886261
            37.0000    -23.0000       -6.761879178478
            38.0000    -23.0000      -18.647842755135
            39.0000    -23.0000        6.287789146167
            40.0000    -23.0000      -13.261261576278
            41.0000    -23.0000        6.625078442201
            42.0000    -23.0000        3.627130628199
            43.0000    -23.0000      -41.840855963527
            44.0000    -23.0000       36.274678194694
            45.0000    -23.0000       12.824607001152
            46.0000    -23.0000       59.001720506333
            47.0000    -23.0000        9.247342577377
            48.0000    -23.0000        7.266634929181
            49.0000    -23.0000      -27.500813107768
            50.0000    -23.0000       -7.345351346396
            51.0000    -23.0000      -23.572534727388
            52.0000    -23.0000       -5.364804491537
            53.0000    -23.0000        5.480908283028
            54.0000    -23.0000        4.628236676197
            55.0000    -23.0000        0.278275051452
           -95.0000    -24.0000       15.367847162050
           -94.0000    -24.0000        9.216761211186
           -93.0000    -24.0000        9.808003572825
           -92.0000    -24.0000        7.646182115292
           -91.0000    -24.0000        4.836394789142
           -90.0000    -24.0000        9.932323187687
           -89.0000    -24.0000       -1.038095225649
           -88.0000    -24.0000        9.449863814208
           -87.0000    -24.0000       -0.264595272908
           -86.0000    -24.0000        8.583455338928
           -85.0000    -24.0000       11.336034250484
           -84.0000    -24.0000        7.133378039074
           -83.0000    -24.0000        2.149854678361
           -82.0000    -24.0000       -1.974752304793
           -81.0000    -24.0000        3.313476537216
           -80.0000    -24.0000       -1.186569118310
           -79.0000    -24.0000        6.981448401916
           -78.0000    -24.0000       -0.140779678405
           -77.0000    -24.0000       12.274150333194
           -76.0000    -24.0000        5.526507774595
           -75.0000    -24.0000       -7.892541040848
           -74.0000    -24.0000       29.177330257490
           -73.0000    -24.0000        2.415186460654
           -72.0000    -24.0000      -19.044278079871
           -71.0000    -24.0000     -107.626170758460
           -70.0000    -24.0000       89.916454637962
           -69.0000    -24.0000       -0.265040995181
           -68.0000    -24.0000       79.161682692257
           -67.0000    -24.0000      105.663314358748
           -66.0000    -24.0000      132.389793601930
           -65.0000    -24.0000       -3.652706132268
           -64.0000    -24.0000        4.890265810931
           -63.0000    -24.0000       -9.915542151616
           -62.0000    -24.0000       25.763899084575
           -61.0000    -24.0000       26.518207610317
           -60.0000    -24.0000       15.167027757005
           -59.0000    -24.0000       19.910372883228
           -58.0000    -24.0000       14.638349574039
           -57.0000    -24.0000        6.999273761201
           -56.0000    -24.0000      -10.125967900867
           -55.0000    -24.0000      -15.038701706940
           -54.0000    -24.0000      -14.563620989252
           -53.0000    -24.0000      -23.278484387629
           -52.0000    -24.0000      -25.755152161473
           -51.0000    -24.0000       -2.699033874575
           -50.0000    -24.0000       18.833491982302
           -49.0000    -24.0000       10.941224018399
           -48.0000    -24.0000       -7.849384390760
           -47.0000    -24.0000       -8.447093818759
           -46.0000    -24.0000      -27.894498052360
           -45.0000    -24.0000        3.668780165231
           -44.0000    -24.0000       11.409328742371
           -43.0000    -24.0000       -4.634710890230
           -42.0000    -24.0000       -5.477925122035
           -41.0000    -24.0000      -31.462243700441
           -40.0000    -24.0000      -39.964418618976
           -39.0000    -24.0000      -10.861315601158
           -38.0000    -24.0000       -7.606931471900
           -37.0000    -24.0000      -21.848984479799
           -36.0000    -24.0000      -19.219320939444
           -35.0000    -24.0000       -9.535725290417
           -34.0000    -24.0000      -13.951452135136
           -33.0000    -24.0000      -11.778443009323
           -32.0000    -24.0000       -7.352824789035
           -31.0000    -24.0000       -8.270013891111
           -30.0000    -24.0000      -16.618816546825
           -29.0000    -24.0000      -16.754084890117
           -28.0000    -24.0000      -16.299788995078
           -27.0000    -24.0000      -13.317150162679
           -26.0000    -24.0000      -24.204205978486
           -25.0000    -24.0000      -12.728948305774
           -24.0000    -24.0000      -11.936066105704
           -23.0000    -24.0000       -1.454446068053
           -22.0000    -24.0000      -18.469219203550
           -21.0000    -24.0000       -2.324534167213
           -20.0000    -24.0000      -17.491583529768
           -19.0000    -24.0000        0.528419302199
           -18.0000    -24.0000       -3.200872952927
           -17.0000    -24.0000       -1.239791178029
           -16.0000    -24.0000        4.211907099117
           -15.0000    -24.0000        5.708085665824
           -14.0000    -24.0000        9.374896636723
           -13.0000    -24.0000       17.793386039030
           -12.0000    -24.0000        0.139665734763
           -11.0000    -24.0000        5.365162790298
           -10.0000    -24.0000        2.664364602687
            -9.0000    -24.0000        9.247730956350
            -8.0000    -24.0000       -3.159698825193
            -7.0000    -24.0000       -3.176358016776
            -6.0000    -24.0000        2.066364905857
            -5.0000    -24.0000       -3.916034266907
            -4.0000    -24.0000        2.440503155298
            -3.0000    -24.0000       -8.557052506684
            -2.0000    -24.0000      -12.255626694960
            -1.0000    -24.0000       -2.811183063909
            -0.0000    -24.0000       12.141368874142
             1.0000    -24.0000       11.419406570260
             2.0000    -24.0000       11.559198450643
             3.0000    -24.0000       21.221498083910
             4.0000    -24.0000       15.029506917237
             5.0000    -24.0000       37.656355354282
             6.0000    -24.0000       52.591459304433
             7.0000    -24.0000        6.404181360923
             8.0000    -24.0000        6.253452622771
             9.0000    -24.0000       -9.510701825762
            10.0000    -24.0000        7.458739363027
            11.0000    -24.0000        2.394214262778
            12.0000    -24.0000        4.102685466276
            13.0000    -24.0000       25.672342282304
            14.0000    -24.0000       18.142532001035
            15.0000    -24.0000       21.946667315513
            16.0000    -24.0000       50.658461204660
            17.0000    -24.0000       51.277112584186
            18.0000    -24.0000       16.164665845416
            19.0000    -24.0000        5.804545039815
            20.0000    -24.0000       21.133619740831
            21.0000    -24.0000       23.832312703060
            22.0000    -24.0000       18.662275530283
            23.0000    -24.0000       17.688868998178
            24.0000    -24.0000       21.874954435593
            25.0000    -24.0000        6.053257486956
            26.0000    -24.0000       -4.819273004154
            27.0000    -24.0000      -34.730852820282
            28.0000    -24.0000       30.687879607951
            29.0000    -24.0000       40.248098693206
            30.0000    -24.0000        3.481843516713
            31.0000    -24.0000      -62.419578403717
            32.0000    -24.0000       42.787528626809
            33.0000    -24.0000      -21.822234348785
            34.0000    -24.0000        2.542631160942
            35.0000    -24.0000       33.458381540962
            36.0000    -24.0000       -1.209911257086
            37.0000    -24.0000       -3.698950517718
            38.0000    -24.0000        6.902950327290
            39.0000    -24.0000       -3.316007130331
            40.0000    -24.0000       15.907361379833
            41.0000    -24.0000       -7.720639271444
            42.0000    -24.0000        6.515549132911
            43.0000    -24.0000      -46.665120861480
            44.0000    -24.0000       37.777061195855
            45.0000    -24.0000       33.812887905572
            46.0000    -24.0000       52.482910372845
            47.0000    -24.0000       41.346482396632
            48.0000    -24.0000       15.301786765066
            49.0000    -24.0000      -19.458424082624
            50.0000    -24.0000      -23.581962534763
            51.0000    -24.0000       -8.866019027411
            52.0000    -24.0000       -1.916945123337
            53.0000    -24.0000        9.792324629587
            54.0000    -24.0000        5.907988684872
            55.0000    -24.0000       10.232603188320
           -95.0000    -25.0000       10.238129847788
           -94.0000    -25.0000       12.498883869742
           -93.0000    -25.0000        0.396629288443
           -92.0000    -25.0000       16.334903217419
           -91.0000    -25.0000       10.132172968306
           -90.0000    -25.0000        3.553194888600
           -89.0000    -25.0000        8.874255879476
           -88.0000    -25.0000        4.359811469174
           -87.0000    -25.0000        2.197816801799
           -86.0000    -25.0000       -0.967302683152
           -85.0000    -25.0000        8.652859134320
           -84.0000    -25.0000      -10.773322423706
           -83.0000    -25.0000        4.402412079398
           -82.0000    -25.0000       16.706163986324
           -81.0000    -25.0000        2.679903329254
           -80.0000    -25.0000       -4.018510999330
           -79.0000    -25.0000       -1.153244682611
           -78.0000    -25.0000       10.575426765665
           -77.0000    -25.0000       -4.117373891870
           -76.0000    -25.0000        8.458569455234
           -75.0000    -25.0000       15.789475799269
           -74.0000    -25.0000       28.173111999947
           -73.0000    -25.0000       12.654637449388
           -72.0000    -25.0000      -39.882540736209
           -71.0000    -25.0000     -108.970552465761
           -70.0000    -25.0000      160.430870861891
           -69.0000    -25.0000       90.500152135775
           -68.0000    -25.0000       97.336953462211
           -67.0000    -25.0000      103.959552924261
           -66.0000    -25.0000      102.197971510528
           -65.0000    -25.0000      -23.572160036399
           -64.0000    -25.0000        9.517145141943
           -63.0000    -25.0000       14.715827349375
           -62.0000    -25.0000       34.134724780333
           -61.0000    -25.0000       27.137556368362
           -60.0000    -25.0000       22.840970746779
           -59.0000    -25.0000       27.145262253576
           -58.0000    -25.0000       30.396179606927
           -57.0000    -25.0000        9.601685872675
           -56.0000    -25.0000       -0.318061206924
           -55.0000    -25.0000       -1.209691566650
           -54.0000    -25.0000      -13.619771296316
           -53.0000    -25.0000       -6.068664441480
           -52.0000    -25.0000        1.790647791827
           -51.0000    -25.0000       21.074696587618
           -50.0000    -25.0000       47.823160094773
           -49.0000    -25.0000       29.273944385103
           -48.0000    -25.0000      -16.863075394152
           -47.0000    -25.0000       17.556242808201
           -46.0000    -25.0000       11.838161626920
           -45.0000    -25.0000       13.622797789254
           -44.0000    -25.0000      -48.712286796703
           -43.0000    -25.0000      -57.174712243918
           -42.0000    -25.0000      -27.875090008862
           -41.0000    -25.0000      -39.117021092106
           -40.0000    -25.0000      -24.447756837369
           -39.0000    -25.0000      -25.101255089024
           -38.0000    -25.0000       -3.447517526444
           -37.0000    -25.0000      -10.433373004097
           -36.0000    -25.0000       -5.664322456417
           -35.0000    -25.0000      -10.624603446410
           -34.0000    -25.0000      -16.784281726349
           -33.0000    -25.0000      -14.729386096416
           -32.0000    -25.0000      -16.778735275927
           -31.0000    -25.0000      -17.385064226461
           -30.0000    -25.0000      -14.339885900160
           -29.0000    -25.0000      -11.280049902604
           -28.0000    -25.0000       -6.813585273986
           -27.0000    -25.0000      -14.313769634883
           -26.0000    -25.0000      -10.630060659247
           -25.0000    -25.0000       -3.534448685389
           -24.0000    -25.0000       -5.768228544166
           -23.0000    -25.0000        0.249223304800
           -22.0000    -25.0000        6.381841944364
           -21.0000    -25.0000       -8.776125747015
           -20.0000    -25.0000        8.131330477802
           -19.0000    -25.0000       -9.051640220575
           -18.0000    -25.0000        1.391395887629
           -17.0000    -25.0000       -1.404338366631
           -16.0000    -25.0000        8.038990951190
           -15.0000    -25.0000       -0.002632717578
           -14.0000    -25.0000       14.071297643264
           -13.0000    -25.0000       15.055088783300
           -12.0000    -25.0000        6.475357127539
           -11.0000    -25.0000        4.658854521744
           -10.0000    -25.0000        9.455276814904
            -9.0000    -25.0000        5.529076611153
            -8.0000    -25.0000        0.504000078485
            -7.0000    -25.0000        0.466641833633
            -6.0000    -25.0000        2.205169202597
            -5.0000    -25.0000        0.113797592540
            -4.0000    -25.0000        8.835039036163
            -3.0000    -25.0000        9.873165572683
            -2.0000    -25.0000       17.002009973263
            -1.0000    -25.0000       15.088188960514
            -0.0000    -25.0000       11.611613146021
             1.0000    -25.0000        9.258665407298
             2.0000    -25.0000       12.748325407172
             3.0000    -25.0000       14.341279011082
             4.0000    -25.0000        9.930028164054
             5.0000    -25.0000       21.982665987086
             6.0000    -25.0000       59.378003992976
             7.0000    -25.0000       18.256689892721
             8.0000    -25.0000       -1.114436495081
             9.0000    -25.0000       12.435300509126
            10.0000    -25.0000        6.808213323257
            11.0000    -25.0000        1.791052638816
            12.0000    -25.0000       -9.398592771692
            13.0000    -25.0000       27.321097455337
            14.0000    -25.0000       35.909374874328
            15.0000    -25.0000       34.669406586479
            16.0000    -25.0000       59.245180018042
            17.0000    -25.0000       60.420630032163
            18.0000    -25.0000       16.182297704952
            19.0000    -25.0000        9.784924041566
            20.0000    -25.0000       17.878964161927
            21.0000    -25.0000       21.519827523444
            22.0000    -25.0000       11.739721537311
            23.0000    -25.0000        3.850411373490
            24.0000    -25.0000       19.666232449341
            25.0000    -25.0000       33.057609539492
            26.0000    -25.0000       15.254774949462
            27.0000    -25.0000       -1.242232303673
            28.0000    -25.0000       24.675703108252
            29.0000    -25.0000      -32.106308552943
            30.0000    -25.0000       66.299119492227
            31.0000    -25.0000      -32.526626959500
            32.0000    -25.0000       22.497736218891
            33.0000    -25.0000       -2.761867746706
            34.0000    -25.0000        9.866257723899
            35.0000    -25.0000       21.890137504311
            36.0000    -25.0000       -3.394134897615
            37.0000    -25.0000        4.122550060662
            38.0000    -25.0000       -5.554547404336
            39.0000    -25.0000        4.282910169583
            40.0000    -25.0000      -14.785652321015
            41.0000    -25.0000       -0.940460147764
            42.0000    -25.0000       -2.114460004136
            43.0000    -25.0000      -33.173321947362
            44.0000    -25.0000        2.755164839244
            45.0000    -25.0000       29.531157048845
            46.0000    -25.0000       37.006263837089
            47.0000    -25.0000       26.979178877264
            48.0000    -25.0000      -18.794021146630
            49.0000    -25.0000       -5.609668433378
            50.0000    -25.0000       -2.463957753335
            51.0000    -25.0000        3.636380799747
            52.0000    -25.0000       10.361380347376
            53.0000    -25.0000        1.581826547849
            54.0000    -25.0000        3.679734815463
            55.0000    -25.0000       11.270585514958
           -95.0000    -26.0000        2.291347449334
           -94.0000    -26.0000       -0.831792042050
           -93.0000    -26.0000        4.700770214952
           -92.0000    -26.0000       -5.797746262259
           -91.0000    -26.0000        1.749571996875
           -90.0000    -26.0000        3.680493300583
           -89.0000    -26.0000       -4.082837418809
           -88.0000    -26.0000        5.075731238673
           -87.0000    -26.0000        3.712068271456
           -86.0000    -26.0000        2.517194781287
           -85.0000    -26.0000        4.512031334027
           -84.0000    -26.0000       11.967745167421
           -83.0000    -26.0000       -0.433785485152
           -82.0000    -26.0000       -2.914061607910
           -81.0000    -26.0000      -12.016453670412
           -80.0000    -26.0000       25.392480862362
           -79.0000    -26.0000      -11.558313286797
           -78.0000    -26.0000        1.389279586823
           -77.0000    -26.0000       11.421490937818
           -76.0000    -26.0000       14.579825748238
           -75.0000    -26.0000       -0.324021313923
           -74.0000    -26.0000       14.319275904403
           -73.0000    -26.0000       29.782210464970
           -72.0000    -26.0000      -59.863037897216
           -71.0000    -26.0000      -57.119815827520
           -70.0000    -26.0000       87.007197246212
           -69.0000    -26.0000      118.553684148455
           -68.0000    -26.0000       89.971790151403
           -67.0000    -26.0000      154.740171567836
           -66.0000    -26.0000       71.005553694851
           -65.0000    -26.0000       12.632822512908
           -64.0000    -26.0000       19.441548443775
           -63.0000    -26.0000       24.846433389335
           -62.0000    -26.0000       35.810141256885
           -61.0000    -26.0000       31.021263580095
           -60.0000    -26.0000       22.068848266504
           -59.0000    -26.0000       22.686980146892
           -58.0000    -26.0000       28.289531431262
           -57.0000    -26.0000       27.796626434316
           -56.0000    -26.0000        5.934347052858
           -55.0000    -26.0000       -9.769173276584
           -54.0000    -26.0000      -16.702469028823
           -53.0000    -26.0000      -20.968391949622
           -52.0000    -26.0000       16.284101591768
           -51.0000    -26.0000       15.184321929350
           -50.0000    -26.0000       24.535039142644
           -49.0000    -26.0000       20.503348471381
           -48.0000    -26.0000        2.666431582890
           -47.0000    -26.0000        0.736627457234
           -46.0000    -26.0000      -13.893028664977
           -45.0000    -26.0000      -56.385756564925
           -44.0000    -26.0000      -49.852226375643
           -43.0000    -26.0000      -22.013786110087
           -42.0000    -26.0000      -13.424804525368
           -41.0000    -26.0000      -17.819717427429
           -40.0000    -26.0000      -21.499654959206
           -39.0000    -26.0000      -35.704448214165
           -38.0000    -26.0000      -30.964013971565
           -37.0000    -26.0000      -21.008823634901
           -36.0000    -26.0000      -14.645642682743
           -35.0000    -26.0000       -4.864021874887
           -34.0000    -26.0000       -7.428477530942
           -33.0000    -26.0000       -0.602642719977
           -32.0000    -26.0000       -9.405649545418
           -31.0000    -26.0000      -15.406982950999
           -30.0000    -26.0000      -12.918136396392
           -29.0000    -26.0000      -16.418034573908
           -28.0000    -26.0000      -11.062278175039
           -27.0000    -26.0000       -2.384848081497
           -26.0000    -26.0000      -11.419086163470
           -25.0000    -26.0000       -6.324567831912
           -24.0000    -26.0000        4.383706910630
           -23.0000    -26.0000       -2.649923125909
           -22.0000    -26.0000        0.476876322385
           -21.0000    -26.0000       -1.386609706177
           -20.0000    -26.0000        3.767676737418
           -19.0000    -26.0000        3.469809307731
           -18.0000    -26.0000        1.674998837985
           -17.0000    -26.0000        7.862222295024
           -16.0000    -26.0000        0.447614103156
           -15.0000    -26.0000       10.475637558894
           -14.0000    -26.0000        9.527356123347
           -13.0000    -26.0000        9.365244115285
           -12.0000    -26.0000        8.406215614428
           -11.0000    -26.0000        7.593146080248
           -10.0000    -26.0000        0.621255304398
            -9.0000    -26.0000       -0.616973830219
            -8.0000    -26.0000        7.187748282056
            -7.0000    -26.0000        7.167524746363
            -6.0000    -26.0000       12.256032378182
            -5.0000    -26.0000       11.344727297297
            -4.0000    -26.0000       10.697287331916
            -3.0000    -26.0000       12.816514148773
            -2.0000    -26.0000       16.466401647897
            -1.0000    -26.0000        3.616076692506
            -0.0000    -26.0000       14.582943193422
             1.0000    -26.0000        8.556090960291
             2.0000    -26.0000       14.444280527081
             3.0000    -26.0000       10.002881857707
             4.0000    -26.0000       26.012019935624
             5.0000    -26.0000       35.858683374512
             6.0000    -26.0000       75.446589599392
             7.0000    -26.0000      -13.613229565442
             8.0000    -26.0000       26.500416949688
             9.0000    -26.0000        1.587949176310
            10.0000    -26.0000       19.083108595410
            11.0000    -26.0000       -8.025282970108
            12.0000    -26.0000       13.982875837349
            13.0000    -26.0000       12.858243578719
            14.0000    -26.0000       36.532288159216
            15.0000    -26.0000       30.956430743177
            16.0000    -26.0000       55.796136821358
            17.0000    -26.0000       63.811115263614
            18.0000    -26.0000        3.050970452585
            19.0000    -26.0000       -0.366655346100
            20.0000    -26.0000       26.465489412892
            21.0000    -26.0000       21.163824172500
            22.0000    -26.0000        6.673830254862
            23.0000    -26.0000       33.079365667401
            24.0000    -26.0000       -2.924353384086
            25.0000    -26.0000       20.021886253914
            26.0000    -26.0000       31.851332710359
            27.0000    -26.0000       29.815869721602
            28.0000    -26.0000       37.083136566261
            29.0000    -26.0000       69.285098405157
            30.0000    -26.0000       87.782732016151
            31.0000    -26.0000      -21.796690986843
            32.0000    -26.0000       37.997327594509
            33.0000    -26.0000       -2.640195083257
            34.0000    -26.0000       -6.022390733701
            35.0000    -26.0000       16.695160262426
            36.0000    -26.0000      -10.288448800952
            37.0000    -26.0000       26.970993563681
            38.0000    -26.0000      -17.107962998146
            39.0000    -26.0000       -7.378442301026
            40.0000    -26.0000      -18.246715120819
            41.0000    -26.0000       -8.254633557187
            42.0000    -26.0000       -5.464515487649
            43.0000    -26.0000       -6.659685381567
            44.0000    -26.0000       -9.751499130689
            45.0000    -26.0000       15.764774537702
            46.0000    -26.0000       33.957700014027
            47.0000    -26.0000       -4.628979435874
            48.0000    -26.0000      -18.865890089124
            49.0000    -26.0000       -9.511975822746
            50.0000    -26.0000       -8.393393437054
            51.0000    -26.0000       -7.967124728075
            52.0000    -26.0000       -6.350480141607
            53.0000    -26.0000       -2.386371091145
            54.0000    -26.0000      -12.876855123620
            55.0000    -26.0000       -2.994404371357
           -95.0000    -27.0000        8.690938319038
           -94.0000    -27.0000        3.493852815323
           -93.0000    -27.0000        9.643356114430
           -92.0000    -27.0000        6.301629875469
           -91.0000    -27.0000        0.832825614366
           -90.0000    -27.0000        9.322854985531
           -89.0000    -27.0000       -2.296195980321
           -88.0000    -27.0000        5.752330417356
           -87.0000    -27.0000       11.379035540061
           -86.0000    -27.0000       -4.927465125336
           -85.0000    -27.0000        9.225990151368
           -84.0000    -27.0000       -1.006659333308
           -83.0000    -27.0000       10.269186048354
           -82.0000    -27.0000       18.630742112930
           -81.0000    -27.0000        8.433859371100
           -80.0000    -27.0000        7.096381009787
           -79.0000    -27.0000        8.547660091997
           -78.0000    -27.0000       11.709697610889
           -77.0000    -27.0000        5.812673607410
           -76.0000    -27.0000       10.777140112628
           -75.0000    -27.0000       18.081873340630
           -74.0000    -27.0000       27.672789229014
           -73.0000    -27.0000       50.726712233731
           -72.0000    -27.0000     -107.536599796109
           -71.0000    -27.0000      -16.678538718018
           -70.0000    -27.0000       87.422190065198
           -69.0000    -27.0000      150.160908868217
           -68.0000    -27.0000      123.526802276386
           -67.0000    -27.0000      102.455656970339
           -66.0000    -27.0000       92.479447283286
           -65.0000    -27.0000      -21.270819667591
           -64.0000    -27.0000       -1.598127956053
           -63.0000    -27.0000        7.675797658757
           -62.0000    -27.0000       29.585193550823
           -61.0000    -27.0000       17.530243563401
           -60.0000    -27.0000       20.708879154524
           -59.0000    -27.0000       22.770827816875
           -58.0000    -27.0000       28.816383091313
           -57.0000    -27.0000       32.067732090135
           -56.0000    -27.0000       14.784460212546
           -55.0000    -27.0000      -13.296745159352
           -54.0000    -27.0000      -17.914163442006
           -53.0000    -27.0000      -18.048952860691
           -52.0000    -27.0000       24.606797461101
           -51.0000    -27.0000       20.280857431396
           -50.0000    -27.0000       10.137221032977
           -49.0000    -27.0000      -21.980044998951
           -48.0000    -27.0000       18.805826582945
           -47.0000    -27.0000        0.125523646626
           -46.0000    -27.0000      -37.556420879543
           -45.0000    -27.0000      -21.447485710680
           -44.0000    -27.0000      -30.745420824262
           -43.0000    -27.0000      -18.033373895567
           -42.0000    -27.0000      -13.433110847862
           -41.0000    -27.0000      -25.892793047160
           -40.0000    -27.0000      -40.610370753818
           -39.0000    -27.0000        1.190051257878
           -38.0000    -27.0000      -14.552844057451
           -37.0000    -27.0000      -10.832546333301
           -36.0000    -27.0000      -15.646829395755
           -35.0000    -27.0000        2.119944776785
           -34.0000    -27.0000       -3.953059693061
           -33.0000    -27.0000       -8.933701391671
           -32.0000    -27.0000        0.418552904430
           -31.0000    -27.0000       -2.238772784999
           -30.0000    -27.0000       -2.869056342654
           -29.0000    -27.0000      -13.814763077614
           -28.0000    -27.0000       -3.990326076860
           -27.0000    -27.0000      -10.546289398461
           -26.0000    -27.0000        4.733243529101
           -25.0000    -27.0000        9.404253601620
           -24.0000    -27.0000       -4.717263318108
           -23.0000    -27.0000        0.555631453271
           -22.0000    -27.0000       -6.573635205438
           -21.0000    -27.0000       -0.219982644051
           -20.0000    -27.0000        0.932321692843
           -19.0000    -27.0000        2.931712245023
           -18.0000    -27.0000        3.410557516520
           -17.0000    -27.0000       -1.991828524688
           -16.0000    -27.0000        9.361671160212
           -15.0000    -27.0000        0.695404933444
           -14.0000    -27.0000       11.628531272752
           -13.0000    -27.0000       13.609057175811
           -12.0000    -27.0000       -4.321739027787
           -11.0000    -27.0000        4.866552242924
           -10.0000    -27.0000        8.832106735252
            -9.0000    -27.0000        8.467764231203
            -8.0000    -27.0000        9.275933350453
            -7.0000    -27.0000        4.261198211795
            -6.0000    -27.0000        6.545680177110
            -5.0000    -27.0000        4.583576207494
            -4.0000    -27.0000       10.389438119143
            -3.0000    -27.0000       15.949036816381
            -2.0000    -27.0000        0.793106385118
            -1.0000    -27.0000       14.645306653043
            -0.0000    -27.0000        4.588434196929
             1.0000    -27.0000       13.790408135329
             2.0000    -27.0000        3.715072417448
             3.0000    -27.0000       25.892576628359
             4.0000    -27.0000       35.471419726855
             5.0000    -27.0000       19.060427791291
             6.0000    -27.0000        2.879436762805
             7.0000    -27.0000        5.918831058488
             8.0000    -27.0000       26.802273391282
             9.0000    -27.0000       14.923704779838
            10.0000    -27.0000        9.677255639702
            11.0000    -27.0000        9.562310220519
            12.0000    -27.0000        7.249279047399
            13.0000    -27.0000       19.372638731056
            14.0000    -27.0000       38.024481653783
            15.0000    -27.0000       22.537324134155
            16.0000    -27.0000       41.764760396792
            17.0000    -27.0000       61.212638374455
            18.0000    -27.0000        0.089028911553
            19.0000    -27.0000       61.312790269129
            20.0000    -27.0000       24.793204724687
            21.0000    -27.0000       21.390398706587
            22.0000    -27.0000        6.598210772187
            23.0000    -27.0000       15.441423920208
            24.0000    -27.0000       22.648149315628
            25.0000    -27.0000       39.072534614456
            26.0000    -27.0000       36.192006111594
            27.0000    -27.0000       33.104629197649
            28.0000    -27.0000       32.434520572744
            29.0000    -27.0000       53.794988220276
            30.0000    -27.0000       72.940322075396
            31.0000    -27.0000       18.022921303574
            32.0000    -27.0000       50.940030566794
            33.0000    -27.0000       12.536417596936
            34.0000    -27.0000        9.023835909352
            35.0000    -27.0000       10.259945886229
            36.0000    -27.0000        9.685143862812
            37.0000    -27.0000       19.278049378981
            38.0000    -27.0000      -37.803670837412
            39.0000    -27.0000      -25.752417889068
            40.0000    -27.0000      -16.155021534435
            41.0000    -27.0000        1.106117103957
            42.0000    -27.0000       -1.982963283955
            43.0000    -27.0000       -3.639775393396
            44.0000    -27.0000      -40.287518408952
            45.0000    -27.0000       12.466406280293
            46.0000    -27.0000       16.337667759936
            47.0000    -27.0000       11.381972076953
            48.0000    -27.0000        7.848755562272
            49.0000    -27.0000       -8.754384699807
            50.0000    -27.0000      -17.294474714616
            51.0000    -27.0000      -17.305122368427
            52.0000    -27.0000      -22.636171578927
            53.0000    -27.0000      -18.409272673880
            54.0000    -27.0000       -7.013548082749
            55.0000    -27.0000       -1.326644385956
           -95.0000    -28.0000        8.191659069732
           -94.0000    -28.0000        1.709856106316
           -93.0000    -28.0000        3.791111315367
           -92.0000    -28.0000       15.689571076035
           -91.0000    -28.0000        2.671425061461
           -90.0000    -28.0000        3.851885564221
           -89.0000    -28.0000        8.027626210388
           -88.0000    -28.0000        9.380792131520
           -87.0000    -28.0000        0.670030206608
           -86.0000    -28.0000        9.894904083894
           -85.0000    -28.0000       -5.609290666026
           -84.0000    -28.0000        6.128387248018
           -83.0000    -28.0000      -11.569165309189
           -82.0000    -28.0000        2.982387666754
           -81.0000    -28.0000        2.412187241215
           -80.0000    -28.0000       -5.472198846276
           -79.0000    -28.0000        3.898077881806
           -78.0000    -28.0000        3.311690515283
           -77.0000    -28.0000        2.519887594983
           -76.0000    -28.0000        1.043854460516
           -75.0000    -28.0000        9.613894810195
           -74.0000    -28.0000      -10.477090981874
           -73.0000    -28.0000       29.105187485466
           -72.0000    -28.0000     -130.469739236491
           -71.0000    -28.0000       31.356758086296
           -70.0000    -28.0000       69.648223618727
           -69.0000    -28.0000      169.876727936846
           -68.0000    -28.0000       61.496412330615
           -67.0000    -28.0000      -75.047273403084
           -66.0000    -28.0000       42.133546230035
           -65.0000    -28.0000       10.524670624793
           -64.0000    -28.0000        0.019580169783
           -63.0000    -28.0000       15.179143665077
           -62.0000    -28.0000       22.074987612755
           -61.0000    -28.0000       14.658886582745
           -60.0000    -28.0000       22.140748932454
           -59.0000    -28.0000       21.067241033988
           -58.0000    -28.0000       12.045976521962
           -57.0000    -28.0000       20.601296824851
           -56.0000    -28.0000      -11.239277349830
           -55.0000    -28.0000      -10.587788929179
           -54.0000    -28.0000        8.168929276814
           -53.0000    -28.0000       21.735634892720
           -52.0000    -28.0000       25.125343790996
           -51.0000    -28.0000       13.280538851115
           -50.0000    -28.0000       50.602098419462
           -49.0000    -28.0000       -5.000812177548
           -48.0000    -28.0000       24.229026295541
           -47.0000    -28.0000       11.476188533965
           -46.0000    -28.0000      -28.048336241137
           -45.0000    -28.0000        0.857476033947
           -44.0000    -28.0000      -50.271051618707
           -43.0000    -28.0000      -25.330256219402
           -42.0000    -28.0000      -36.916514375748
           -41.0000    -28.0000      -29.149446916549
           -40.0000    -28.0000      -36.820827705571
           -39.0000    -28.0000      -26.501795320058
           -38.0000    -28.0000      -32.308792483542
           -37.0000    -28.0000       -6.751221950196
           -36.0000    -28.0000       -3.552688690687
           -35.0000    -28.0000       -0.721857057826
           -34.0000    -28.0000       -1.298042882583
           -33.0000    -28.0000       -0.809554104543
           -32.0000    -28.0000        4.799834939080
           -31.0000    -28.0000        1.451652570878
           -30.0000    -28.0000       -0.272908382531
           -29.0000    -28.0000       -1.531723397488
           -28.0000    -28.0000        1.393000912622
           -27.0000    -28.0000        0.842760992049
           -26.0000    -28.0000       -7.339821079154
           -25.0000    -28.0000       -8.917979948531
           -24.0000    -28.0000        9.933495286130
           -23.0000    -28.0000       -5.783513788257
           -22.0000    -28.0000        7.121419546662
           -21.0000    -28.0000        4.288462928308
           -20.0000    -28.0000       -4.764962510241
           -19.0000    -28.0000        6.902987666318
           -18.0000    -28.0000        0.703855075630
           -17.0000    -28.0000        3.685141162283
           -16.0000    -28.0000        9.057737130320
           -15.0000    -28.0000       -2.807952707266
           -14.0000    -28.0000       11.803275414680
           -13.0000    -28.0000       12.805528543235
           -12.0000    -28.0000       15.523663210672
           -11.0000    -28.0000        4.439516420639
           -10.0000    -28.0000       11.724298909937
            -9.0000    -28.0000        0.315094752875
            -8.0000    -28.0000        4.950175214077
            -7.0000    -28.0000        4.892803597640
            -6.0000    -28.0000        3.652341938746
            -5.0000    -28.0000       12.584483992063
            -4.0000    -28.0000       -4.825476433678
            -3.0000    -28.0000       -2.457929395258
            -2.0000    -28.0000       13.687646803228
            -1.0000    -28.0000        3.179979157361
            -0.0000    -28.0000       13.293118601521
             1.0000    -28.0000       18.390272682421
             2.0000    -28.0000       12.046888909806
             3.0000    -28.0000       28.847130886361
             4.0000    -28.0000       18.614114170527
             5.0000    -28.0000       -1.998006251318
             6.0000    -28.0000       30.186394943704
             7.0000    -28.0000       10.821392527649
             8.0000    -28.0000        9.948159855925
             9.0000    -28.0000       11.237348837550
            10.0000    -28.0000        7.126460494088
            11.0000    -28.0000        5.588834768252
            12.0000    -28.0000       10.008204236800
            13.0000    -28.0000        4.660099482850
            14.0000    -28.0000       27.848641591717
            15.0000    -28.0000       34.164767481693
            16.0000    -28.0000       30.761265034536
            17.0000    -28.0000       21.581252584500
            18.0000    -28.0000       27.325014806999
            19.0000    -28.0000       35.380353081734
            20.0000    -28.0000       -7.085469140130
            21.0000    -28.0000       31.306282951695
            22.0000    -28.0000       29.454848822722
            23.0000    -28.0000       77.476422743600
            24.0000    -28.0000       39.958480807663
            25.0000    -28.0000       20.317722075168
            26.0000    -28.0000       31.395582871625
            27.0000    -28.0000       29.276808457125
            28.0000    -28.0000       56.931040313471
            29.0000    -28.0000       64.032077573559
            30.0000    -28.0000       25.590833930020
            31.0000    -28.0000       26.080133101271
            32.0000    -28.0000       54.237522923541
            33.0000    -28.0000        0.717192407357
            34.0000    -28.0000        6.149952893368
            35.0000    -28.0000        7.524495775431
            36.0000    -28.0000       13.833356520733
            37.0000    -28.0000       -3.701195553037
            38.0000    -28.0000      -10.492310745770
            39.0000    -28.0000      -25.514575216761
            40.0000    -28.0000       -9.068768946200
            41.0000    -28.0000       -2.685707909175
            42.0000    -28.0000       11.423008086182
            43.0000    -28.0000      -13.519443431541
            44.0000    -28.0000      -30.628117572858
            45.0000    -28.0000       18.549650815085
            46.0000    -28.0000       10.704048996581
            47.0000    -28.0000       15.046183030818
            48.0000    -28.0000       23.740923163001
            49.0000    -28.0000       26.292938949388
            50.0000    -28.0000      -11.536279899170
            51.0000    -28.0000       -2.815699372589
            52.0000    -28.0000       -5.846421369268
            53.0000    -28.0000       -6.907343447704
            54.0000    -28.0000        6.835229733634
            55.0000    -28.0000        8.963342721017
           -95.0000    -29.0000        0.710209884319
           -94.0000    -29.0000       -1.149603383148
           -93.0000    -29.0000        6.065931996065
           -92.0000    -29.0000        2.133317530228
           -91.0000    -29.0000        2.395028879642
           -90.0000    -29.0000        9.718964781475
           -89.0000    -29.0000        3.021308897078
           -88.0000    -29.0000        5.559939608475
           -87.0000    -29.0000        0.510714265270
           -86.0000    -29.0000        1.695272324864
           -85.0000    -29.0000        1.591571207816
           -84.0000    -29.0000       -7.377421542667
           -83.0000    -29.0000        4.236042333071
           -82.0000    -29.0000       -7.373558792662
           -81.0000    -29.0000       -3.568160195473
           -80.0000    -29.0000        2.026009436587
           -79.0000    -29.0000        4.493377586541
           -78.0000    -29.0000       13.210291792494
           -77.0000    -29.0000       15.833533122333
           -76.0000    -29.0000        5.619944216991
           -75.0000    -29.0000       20.383834984900
           -74.0000    -29.0000       25.851429965259
           -73.0000    -29.0000       -5.134737543122
           -72.0000    -29.0000     -111.920300660991
           -71.0000    -29.0000      120.517470042918
           -70.0000    -29.0000      143.235673527601
           -69.0000    -29.0000       57.235643655950
           -68.0000    -29.0000       57.062983056311
           -67.0000    -29.0000       26.331570013913
           -66.0000    -29.0000       12.153598921043
           -65.0000    -29.0000       26.358380217797
           -64.0000    -29.0000        9.192997546916
           -63.0000    -29.0000       21.864326380632
           -62.0000    -29.0000       22.704559687412
           -61.0000    -29.0000       10.709214696248
           -60.0000    -29.0000        4.067768944817
           -59.0000    -29.0000       17.608686950835
           -58.0000    -29.0000       15.282231207779
           -57.0000    -29.0000       16.637656177709
           -56.0000    -29.0000      -10.450998110226
           -55.0000    -29.0000        9.790027080045
           -54.0000    -29.0000        9.572744496667
           -53.0000    -29.0000       15.402764616745
           -52.0000    -29.0000       10.248967673814
           -51.0000    -29.0000       27.305368386788
           -50.0000    -29.0000        8.842122967749
           -49.0000    -29.0000      -19.122615458303
           -48.0000    -29.0000       34.157545769385
           -47.0000    -29.0000      -18.499291401719
           -46.0000    -29.0000      -23.621176210021
           -45.0000    -29.0000      -28.564796082760
           -44.0000    -29.0000      -15.128484861965
           -43.0000    -29.0000      -19.884502400228
           -42.0000    -29.0000       -5.528171315592
           -41.0000    -29.0000      -16.060270420837
           -40.0000    -29.0000       -8.159780902783
           -39.0000    -29.0000        7.273663602966
           -38.0000    -29.0000      -33.575769836211
           -37.0000    -29.0000      -24.477710174792
           -36.0000    -29.0000      -10.604536816030
           -35.0000    -29.0000      -25.522146223310
           -34.0000    -29.0000        1.470912231594
           -33.0000    -29.0000       19.328177839615
           -32.0000    -29.0000       -2.668455307592
           -31.0000    -29.0000       33.504815346643
           -30.0000    -29.0000        2.443624297910
           -29.0000    -29.0000        4.629122941223
           -28.0000    -29.0000       -7.786269656810
           -27.0000    -29.0000        2.202087802543
           -26.0000    -29.0000      -15.983860631652
           -25.0000    -29.0000        5.695455080372
           -24.0000    -29.0000      -10.434959039976
           -23.0000    -29.0000       12.332833317502
           -22.0000    -29.0000        1.383187839169
           -21.0000    -29.0000        8.508251640199
           -20.0000    -29.0000        2.398749039650
           -19.0000    -29.0000        3.890060633746
           -18.0000    -29.0000        6.381132240669
           -17.0000    -29.0000        5.559518414075
           -16.0000    -29.0000        1.835743466436
           -15.0000    -29.0000       17.866393932256
           -14.0000    -29.0000        3.462823733411
           -13.0000    -29.0000       10.885748409743
           -12.0000    -29.0000       12.114793285412
           -11.0000    -29.0000        4.045152996474
           -10.0000    -29.0000        1.622250067935
            -9.0000    -29.0000        5.142826434467
            -8.0000    -29.0000       -1.173625262854
            -7.0000    -29.0000        8.150811548265
            -6.0000    -29.0000       -5.016803102230
            -5.0000    -29.0000        7.724423632400
            -4.0000    -29.0000        8.988243469637
            -3.0000    -29.0000        7.223326136023
            -2.0000    -29.0000        6.491659158446
            -1.0000    -29.0000       22.336127889753
            -0.0000    -29.0000       11.300385669436
             1.0000    -29.0000        9.606356687806
             2.0000    -29.0000       43.604039083891
             3.0000    -29.0000       24.123004931018
             4.0000    -29.0000       -2.586599476964
             5.0000    -29.0000       13.551688634587
             6.0000    -29.0000        9.331906587067
             7.0000    -29.0000       16.622050471120
             8.0000    -29.0000        4.897255655144
             9.0000    -29.0000       20.053108084075
            10.0000    -29.0000       12.375016941442
            11.0000    -29.0000       17.091459542455
            12.0000    -29.0000        8.050674032180
            13.0000    -29.0000       16.992422082782
            14.0000    -29.0000       30.873297697886
            15.0000    -29.0000       35.922657525286
            16.0000    -29.0000       17.899426603619
            17.0000    -29.0000       37.817333396083
            18.0000    -29.0000       27.766005025332
            19.0000    -29.0000       19.656066424403
            20.0000    -29.0000        4.186014331301
            21.0000    -29.0000       -0.348899081771
            22.0000    -29.0000       31.680226187551
            23.0000    -29.0000       21.853101893021
            24.0000    -29.0000        3.036509782467
            25.0000    -29.0000       11.348715519044
            26.0000    -29.0000       13.784532441762
            27.0000    -29.0000        5.289306386064
            28.0000    -29.0000       65.090826827165
            29.0000    -29.0000      122.440615457703
            30.0000    -29.0000       13.864363866684
            31.0000    -29.0000       16.429349314880
            32.0000    -29.0000       40.338236265693
            33.0000    -29.0000      -35.492847448486
            34.0000    -29.0000       -2.140737027948
            35.0000    -29.0000        4.026906598864
            36.0000    -29.0000       32.116882682005
            37.0000    -29.0000      -22.707209408953
            38.0000    -29.0000      -21.655574158811
            39.0000    -29.0000        0.638438435922
            40.0000    -29.0000      -14.844087344143
            41.0000    -29.0000        2.367882002429
            42.0000    -29.0000       -5.175648385353
            43.0000    -29.0000      -17.543236390552
            44.0000    -29.0000        6.638053967904
            45.0000    -29.0000        6.222685376758
            46.0000    -29.0000       13.399770721482
            47.0000    -29.0000       12.972056541995
            48.0000    -29.0000       26.421120509898
            49.0000    -29.0000       23.300277246332
            50.0000    -29.0000       -6.902252758397
            51.0000    -29.0000        0.728543521338
            52.0000    -29.0000        6.262801521979
            53.0000    -29.0000       15.097321509552
            54.0000    -29.0000       10.532148762169
            55.0000    -29.0000        8.105118870536
           -95.0000    -30.0000       -5.194237265826
           -94.0000    -30.0000       -1.306263591174
           -93.0000    -30.0000       -5.743136001965
           -92.0000    -30.0000       10.838307604884
           -91.0000    -30.0000        8.373018451038
           -90.0000    -30.0000        6.514387668479
           -89.0000    -30.0000        2.578038844569
           -88.0000    -30.0000      -14.640018331459
           -87.0000    -30.0000        4.612185717752
           -86.0000    -30.0000        0.444251002604
           -85.0000    -30.0000       -8.365443496394
           -84.0000    -30.0000        5.025006749664
           -83.0000    -30.0000       -9.051933020371
           -82.0000    -30.0000       -3.259399829924
           -81.0000    -30.0000        0.635915411204
           -80.0000    -30.0000       -2.265508363985
           -79.0000    -30.0000        2.827643430331
           -78.0000    -30.0000        1.988658207357
           -77.0000    -30.0000       -8.219348892606
           -76.0000    -30.0000       12.748508426019
           -75.0000    -30.0000       16.676725314655
           -74.0000    -30.0000       15.328881259476
           -73.0000    -30.0000      -42.721029093427
           -72.0000    -30.0000     -106.772930567012
           -71.0000    -30.0000      116.047176825610
           -70.0000    -30.0000      171.582119470968
           -69.0000    -30.0000       28.301949927406
           -68.0000    -30.0000       12.504669360318
           -67.0000    -30.0000        0.837534977061
           -66.0000    -30.0000      -25.541483452184
           -65.0000    -30.0000       -4.896087719564
           -64.0000    -30.0000       56.257967130691
           -63.0000    -30.0000        2.411774723135
           -62.0000    -30.0000       39.449985299495
           -61.0000    -30.0000        3.609471317665
           -60.0000    -30.0000        8.740097576997
           -59.0000    -30.0000       24.355883052934
           -58.0000    -30.0000        0.370532177711
           -57.0000    -30.0000        6.301019413220
           -56.0000    -30.0000       11.551422140075
           -55.0000    -30.0000      -10.671038674200
           -54.0000    -30.0000        8.035904487895
           -53.0000    -30.0000       -1.184284188019
           -52.0000    -30.0000      -12.205926871428
           -51.0000    -30.0000      -16.420030980097
           -50.0000    -30.0000      -12.256706010678
           -49.0000    -30.0000       32.548803907235
           -48.0000    -30.0000       30.812669194322
           -47.0000    -30.0000      -14.920083548239
           -46.0000    -30.0000      -25.820227890166
           -45.0000    -30.0000      -19.325215196617
           -44.0000    -30.0000      -18.108850475475
           -43.0000    -30.0000       -9.020368933625
           -42.0000    -30.0000      -21.665032934218
           -41.0000    -30.0000      -31.007616930699
           -40.0000    -30.0000      -27.492101573404
           -39.0000    -30.0000      -19.106672090602
           -38.0000    -30.0000        1.990426792803
           -37.0000    -30.0000       -4.976575951633
           -36.0000    -30.0000       30.284491386577
           -35.0000    -30.0000       16.264801453532
           -34.0000    -30.0000       13.446761838580
           -33.0000    -30.0000       -7.073751545108
           -32.0000    -30.0000       -1.851662568447
           -31.0000    -30.0000        1.259385807997
           -30.0000    -30.0000       12.221631569457
           -29.0000    -30.0000       17.288746100700
           -28.0000    -30.0000       -0.829076955381
           -27.0000    -30.0000       10.485566241637
           -26.0000    -30.0000        1.315029821821
           -25.0000    -30.0000       -0.230405033878
           -24.0000    -30.0000        8.852837059772
           -23.0000    -30.0000        0.124410619403
           -22.0000    -30.0000       -0.136467494032
           -21.0000    -30.0000       -0.687235666929
           -20.0000    -30.0000        3.797936861785
           -19.0000    -30.0000        1.726682465034
           -18.0000    -30.0000        0.919496764331
           -17.0000    -30.0000       12.004941240820
           -16.0000    -30.0000        5.520531664449
           -15.0000    -30.0000       12.639509471494
           -14.0000    -30.0000       18.129871402678
           -13.0000    -30.0000       11.370391189492
           -12.0000    -30.0000        0.652928738897
           -11.0000    -30.0000       -0.682274839750
           -10.0000    -30.0000        1.652410638916
            -9.0000    -30.0000        0.352648912608
            -8.0000    -30.0000        4.135569927276
            -7.0000    -30.0000       -1.902866982563
            -6.0000    -30.0000       -3.781996413687
            -5.0000    -30.0000        4.227692327376
            -4.0000    -30.0000        8.999233427218
            -3.0000    -30.0000       14.826957700086
            -2.0000    -30.0000       13.905778173060
            -1.0000    -30.0000        1.507392448421
            -0.0000    -30.0000        8.888286640255
             1.0000    -30.0000       41.829215015132
             2.0000    -30.0000       -0.423666028518
             3.0000    -30.0000       48.979749751220
             4.0000    -30.0000       -7.390803672030
             5.0000    -30.0000       17.629177710328
             6.0000    -30.0000        1.357454034546
             7.0000    -30.0000        1.033248098794
             8.0000    -30.0000       24.941032514430
             9.0000    -30.0000       20.719999832561
            10.0000    -30.0000       14.590235010923
            11.0000    -30.0000        6.522723873027
            12.0000    -30.0000       11.119628664660
            13.0000    -30.0000       14.182859442049
            14.0000    -30.0000       17.986451198380
            15.0000    -30.0000       59.810125562561
            16.0000    -30.0000       12.114283209364
            17.0000    -30.0000       13.579776266352
            18.0000    -30.0000       44.264238998628
            19.0000    -30.0000       68.044926085815
            20.0000    -30.0000       35.755093981148
            21.0000    -30.0000       22.553950307891
            22.0000    -30.0000       20.803464284409
            23.0000    -30.0000       21.866233464151
            24.0000    -30.0000       28.916835842925
            25.0000    -30.0000       29.665188208764
            26.0000    -30.0000       58.882852374030
            27.0000    -30.0000        3.888769943618
            28.0000    -30.0000       87.383210757316
            29.0000    -30.0000       75.933361384143
            30.0000    -30.0000       34.603609058438
            31.0000    -30.0000       58.354449571404
            32.0000    -30.0000       16.995471348338
            33.0000    -30.0000       -9.762495215043
            34.0000    -30.0000       23.013925905432
            35.0000    -30.0000       21.445597709197
            36.0000    -30.0000       43.504990559840
            37.0000    -30.0000      -12.026302660086
            38.0000    -30.0000       -5.199738670864
            39.0000    -30.0000      -18.100830287179
            40.0000    -30.0000        2.983930859182
            41.0000    -30.0000       -1.738270341173
            42.0000    -30.0000        6.673765303492
            43.0000    -30.0000       -7.544485440481
            44.0000    -30.0000       24.784480660658
            45.0000    -30.0000       32.065619287409
            46.0000    -30.0000       35.356876491176
            47.0000    -30.0000        6.113517796753
            48.0000    -30.0000       12.127187692446
            49.0000    -30.0000       -2.932009194783
            50.0000    -30.0000        9.149904863475
            51.0000    -30.0000       -4.255749013004
            52.0000    -30.0000        1.716514379327
            53.0000    -30.0000       18.046830374607
            54.0000    -30.0000       24.754814244353
            55.0000    -30.0000       17.914167419078
           -95.0000    -31.0000        3.238736453792
           -94.0000    -31.0000        0.376377682460
           -93.0000    -31.0000        2.992183864851
           -92.0000    -31.0000       -0.530260572434
           -91.0000    -31.0000        6.238461408156
           -90.0000    -31.0000      -10.325627539343
           -89.0000    -31.0000        4.373994192403
           -88.0000    -31.0000        0.757610048701
           -87.0000    -31.0000       -4.458840402087
           -86.0000    -31.0000      -11.686743858595
           -85.0000    -31.0000       -3.533598970708
           -84.0000    -31.0000       -0.706060439894
           -83.0000    -31.0000        6.930433777058
           -82.0000    -31.0000       -0.864393415193
           -81.0000    -31.0000        5.126537580046
           -80.0000    -31.0000        0.083265186545
           -79.0000    -31.0000       -6.005033500368
           -78.0000    -31.0000       -0.101213701565
           -77.0000    -31.0000       -3.694731067940
           -76.0000    -31.0000        0.149128729950
           -75.0000    -31.0000        8.033288211796
           -74.0000    -31.0000       32.906313839591
           -73.0000    -31.0000      -44.171375000436
           -72.0000    -31.0000      -58.848117429382
           -71.0000    -31.0000      132.755977391153
           -70.0000    -31.0000      132.198544200521
           -69.0000    -31.0000       13.822830375273
           -68.0000    -31.0000        4.554266163600
           -67.0000    -31.0000       52.742544442629
           -66.0000    -31.0000       19.301212153450
           -65.0000    -31.0000       51.426850925586
           -64.0000    -31.0000       41.962721835562
           -63.0000    -31.0000        1.340993575503
           -62.0000    -31.0000       -5.892665314706
           -61.0000    -31.0000        6.138617095849
           -60.0000    -31.0000        4.786530769773
           -59.0000    -31.0000        8.557211918056
           -58.0000    -31.0000       14.681118049479
           -57.0000    -31.0000        8.833900995870
           -56.0000    -31.0000       22.609101703261
           -55.0000    -31.0000       27.676167775633
           -54.0000    -31.0000       43.100486609414
           -53.0000    -31.0000       38.384182771727
           -52.0000    -31.0000       16.082137231119
           -51.0000    -31.0000       15.013439751235
           -50.0000    -31.0000       22.419136205430
           -49.0000    -31.0000      -11.632130080360
           -48.0000    -31.0000      -34.920057885282
           -47.0000    -31.0000      -44.910294537126
           -46.0000    -31.0000      -22.658321772175
           -45.0000    -31.0000      -39.663867307290
           -44.0000    -31.0000      -22.060933355091
           -43.0000    -31.0000      -18.360311268072
           -42.0000    -31.0000       -9.207711321989
           -41.0000    -31.0000      -25.300629032052
           -40.0000    -31.0000      -19.632510215499
           -39.0000    -31.0000       -7.695771416204
           -38.0000    -31.0000       -1.482249753767
           -37.0000    -31.0000       -7.754915223978
           -36.0000    -31.0000       29.721262244438
           -35.0000    -31.0000       38.951803134043
           -34.0000    -31.0000       36.372083245059
           -33.0000    -31.0000       32.364858866981
           -32.0000    -31.0000        4.760307951983
           -31.0000    -31.0000        1.385423860414
           -30.0000    -31.0000        7.509066014826
           -29.0000    -31.0000       17.865582342059
           -28.0000    -31.0000       -7.615922444218
           -27.0000    -31.0000        1.544652259956
           -26.0000    -31.0000       -6.157918774666
           -25.0000    -31.0000       11.995227941123
           -24.0000    -31.0000        4.367874923883
           -23.0000    -31.0000        2.154420106186
           -22.0000    -31.0000        6.117076024699
           -21.0000    -31.0000       12.151129614814
           -20.0000    -31.0000        5.002880484524
           -19.0000    -31.0000        6.685305036604
           -18.0000    -31.0000       10.391235680584
           -17.0000    -31.0000        4.850778324220
           -16.0000    -31.0000        5.208223624960
           -15.0000    -31.0000        1.810449946857
           -14.0000    -31.0000       14.287264261650
           -13.0000    -31.0000       14.409179947268
           -12.0000    -31.0000        3.589475071633
           -11.0000    -31.0000       15.346697353012
           -10.0000    -31.0000        4.831691820720
            -9.0000    -31.0000       -3.448184544539
            -8.0000    -31.0000        1.928351009537
            -7.0000    -31.0000       -0.311653588314
            -6.0000    -31.0000        4.091002148417
            -5.0000    -31.0000        0.073097093894
            -4.0000    -31.0000       -1.603920307278
            -3.0000    -31.0000       -0.796075943579
            -2.0000    -31.0000       -6.483372055732
            -1.0000    -31.0000       24.140197407558
            -0.0000    -31.0000        7.477457778173
             1.0000    -31.0000       -0.189401635763
             2.0000    -31.0000        3.849695407590
             3.0000    -31.0000       42.819408344006
             4.0000    -31.0000       -8.584914171104
             5.0000    -31.0000       17.228507031831
             6.0000    -31.0000        3.703170061199
             7.0000    -31.0000       16.689114849792
             8.0000    -31.0000        6.702981995051
             9.0000    -31.0000       11.645243233554
            10.0000    -31.0000       13.613311781389
            11.0000    -31.0000        3.556573324141
            12.0000    -31.0000       15.176328411183
            13.0000    -31.0000       16.607635546733
            14.0000    -31.0000       22.017031110356
            15.0000    -31.0000       -2.408615530153
            16.0000    -31.0000       27.761275165940
            17.0000    -31.0000        6.910922672876
            18.0000    -31.0000       20.961734868989
            19.0000    -31.0000        5.366213458071
            20.0000    -31.0000       46.594617142212
            21.0000    -31.0000       32.207583474312
            22.0000    -31.0000       46.698556872234
            23.0000    -31.0000       35.798976587522
            24.0000    -31.0000       55.820393319579
            25.0000    -31.0000       37.252975266781
            26.0000    -31.0000       63.209889971188
            27.0000    -31.0000       73.541953161715
            28.0000    -31.0000       92.486336487275
            29.0000    -31.0000       31.520666626104
            30.0000    -31.0000       60.142988584188
            31.0000    -31.0000       -7.335420463524
            32.0000    -31.0000      -24.778727831891
            33.0000    -31.0000        4.365178871918
            34.0000    -31.0000       15.171514396216
            35.0000    -31.0000       12.532568211406
            36.0000    -31.0000       34.831686235821
            37.0000    -31.0000      -19.012049462998
            38.0000    -31.0000      -18.308217038110
            39.0000    -31.0000        0.014811309389
            40.0000    -31.0000      -12.019792215881
            41.0000    -31.0000       -3.413565677053
            42.0000    -31.0000      -15.377134464235
            43.0000    -31.0000       25.137884951033
            44.0000    -31.0000       43.426970331124
            45.0000    -31.0000       33.331464025158
            46.0000    -31.0000       23.010492638469
            47.0000    -31.0000       36.554130882530
            48.0000    -31.0000       -4.120696386562
            49.0000    -31.0000       -0.526997759499
            50.0000    -31.0000        7.613966345477
            51.0000    -31.0000        4.692767525910
            52.0000    -31.0000        4.879511899812
            53.0000    -31.0000        2.002661629040
            54.0000    -31.0000       24.757818813027
            55.0000    -31.0000       21.617153466573
           -95.0000    -32.0000      -13.452410042988
           -94.0000    -32.0000       -6.946532769343
           -93.0000    -32.0000       -1.292240140765
           -92.0000    -32.0000        5.253434647875
           -91.0000    -32.0000       -2.919212547653
           -90.0000    -32.0000       -5.267915196850
           -89.0000    -32.0000       -1.785450275497
           -88.0000    -32.0000       -6.815620269610
           -87.0000    -32.0000       -8.598151568351
           -86.0000    -32.0000       -0.435313532050
           -85.0000    -32.0000      -18.601795254743
           -84.0000    -32.0000        0.091160154766
           -83.0000    -32.0000       -6.474147670976
           -82.0000    -32.0000        1.627651282386
           -81.0000    -32.0000        5.203548828494
           -80.0000    -32.0000        7.915115186691
           -79.0000    -32.0000       16.060835632290
           -78.0000    -32.0000        9.012506390545
           -77.0000    -32.0000       25.566312799773
           -76.0000    -32.0000       11.132876032165
           -75.0000    -32.0000       23.518206929818
           -74.0000    -32.0000       28.647931078289
           -73.0000    -32.0000      -50.732741427388
           -72.0000    -32.0000      -89.170349043593
           -71.0000    -32.0000      120.383159226064
           -70.0000    -32.0000      131.557153701202
           -69.0000    -32.0000        5.655173588248
           -68.0000    -32.0000      -38.359907777913
           -67.0000    -32.0000       -2.759507831045
           -66.0000    -32.0000       -4.008720337581
           -65.0000    -32.0000       58.305814051553
           -64.0000    -32.0000       39.353425522857
           -63.0000    -32.0000       18.946124597036
           -62.0000    -32.0000       11.870488830157
           -61.0000    -32.0000        2.336964922080
           -60.0000    -32.0000        6.705837253917
           -59.0000    -32.0000        8.401930648335
           -58.0000    -32.0000       20.494884909582
           -57.0000    -32.0000       22.102507890713
           -56.0000    -32.0000       27.590135709924
           -55.0000    -32.0000       28.893678403048
           -54.0000    -32.0000       19.883411278254
           -53.0000    -32.0000       16.673591067565
           -52.0000    -32.0000        7.660968559461
           -51.0000    -32.0000       -3.200964996935
           -50.0000    -32.0000       26.678316811263
           -49.0000    -32.0000      -35.373408422936
           -48.0000    -32.0000      -20.146648845841
           -47.0000    -32.0000        1.385682060921
           -46.0000    -32.0000       -3.470278626894
           -45.0000    -32.0000       -3.801257729681
           -44.0000    -32.0000      -22.095544522175
           -43.0000    -32.0000       -9.516570861627
           -42.0000    -32.0000       -9.172585798449
           -41.0000    -32.0000      -20.736696297838
           -40.0000    -32.0000        0.059959850233
           -39.0000    -32.0000      -23.463022407478
           -38.0000    -32.0000      -15.597932124307
           -37.0000    -32.0000      -12.034899957574
           -36.0000    -32.0000        2.225968084431
           -35.0000    -32.0000        2.317391307583
           -34.0000    -32.0000      -12.848144221409
           -33.0000    -32.0000       -3.387556282207
           -32.0000    -32.0000        4.466246411112
           -31.0000    -32.0000        5.987295064926
           -30.0000    -32.0000        6.819535938268
           -29.0000    -32.0000       17.652599550766
           -28.0000    -32.0000       -2.016628265364
           -27.0000    -32.0000       12.772952401816
           -26.0000    -32.0000        6.162974029585
           -25.0000    -32.0000        3.839580444439
           -24.0000    -32.0000        6.099671847652
           -23.0000    -32.0000       13.543388163398
           -22.0000    -32.0000       14.100313328718
           -21.0000    -32.0000        5.303320820224
           -20.0000    -32.0000       10.884655506087
           -19.0000    -32.0000       15.861061655880
           -18.0000    -32.0000        9.556410318299
           -17.0000    -32.0000       -1.163000944752
           -16.0000    -32.0000       17.677986069694
           -15.0000    -32.0000        7.830735250474
           -14.0000    -32.0000       13.298016421153
           -13.0000    -32.0000       13.317844160548
           -12.0000    -32.0000        8.082898788927
           -11.0000    -32.0000        7.468041320968
           -10.0000    -32.0000       -4.655567658090
            -9.0000    -32.0000        8.415558716371
            -8.0000    -32.0000        2.912382091478
            -7.0000    -32.0000       -9.633905639817
            -6.0000    -32.0000        9.054461217322
            -5.0000    -32.0000      -13.732147896062
            -4.0000    -32.0000       28.116478124736
            -3.0000    -32.0000       -2.494977066227
            -2.0000    -32.0000        8.474187938691
            -1.0000    -32.0000        9.029451297970
            -0.0000    -32.0000       15.537358849382
             1.0000    -32.0000       -5.257291952595
             2.0000    -32.0000       42.797089428108
             3.0000    -32.0000       -8.245899661416
             4.0000    -32.0000       31.300195701420
             5.0000    -32.0000        0.552780663031
             6.0000    -32.0000       16.393156572012
             7.0000    -32.0000        3.321753633450
             8.0000    -32.0000       16.122442488124
             9.0000    -32.0000       12.640255347314
            10.0000    -32.0000        7.942456658525
            11.0000    -32.0000       16.216376138441
            12.0000    -32.0000        9.480664812402
            13.0000    -32.0000        2.999503843886
            14.0000    -32.0000       22.566192059859
            15.0000    -32.0000       11.354243844057
            16.0000    -32.0000       47.258825313690
            17.0000    -32.0000        9.701018075321
            18.0000    -32.0000       34.655385854843
            19.0000    -32.0000       28.100206433847
            20.0000    -32.0000       32.836768941648
            21.0000    -32.0000       86.983588237167
            22.0000    -32.0000       60.309061629736
            23.0000    -32.0000       59.674059625629
            24.0000    -32.0000       51.927960137511
            25.0000    -32.0000       57.223740482147
            26.0000    -32.0000       51.553412960987
            27.0000    -32.0000       51.971907885143
            28.0000    -32.0000        2.476801159693
            29.0000    -32.0000       43.140015582239
            30.0000    -32.0000        2.165506893425
            31.0000    -32.0000      -10.635081452652
            32.0000    -32.0000      -16.041602216073
            33.0000    -32.0000       -9.990368970185
            34.0000    -32.0000        8.815759091380
            35.0000    -32.0000       34.003364501509
            36.0000    -32.0000       31.506116049380
            37.0000    -32.0000       -7.284820385485
            38.0000    -32.0000      -16.623533512990
            39.0000    -32.0000       -6.360062479385
            40.0000    -32.0000       -3.473278896114
            41.0000    -32.0000       10.544024502619
            42.0000    -32.0000        6.234808502201
            43.0000    -32.0000       31.535789440768
            44.0000    -32.0000       48.083846505462
            45.0000    -32.0000       38.760698777712
            46.0000    -32.0000       34.293492341071
            47.0000    -32.0000        8.731897406994
            48.0000    -32.0000       33.805758530333
            49.0000    -32.0000       18.150884798105
            50.0000    -32.0000        6.112158199143
            51.0000    -32.0000       18.476799650632
            52.0000    -32.0000        6.253573343158
            53.0000    -32.0000        4.908217391608
            54.0000    -32.0000       14.577636711606
            55.0000    -32.0000       18.144468591125
           -95.0000    -33.0000      -13.339112668915
           -94.0000    -33.0000       -5.509800706343
           -93.0000    -33.0000      -10.394835095217
           -92.0000    -33.0000       -9.934865556173
           -91.0000    -33.0000        5.989935040518
           -90.0000    -33.0000       -8.303643458859
           -89.0000    -33.0000       -5.444640308842
           -88.0000    -33.0000       -6.573744320353
           -87.0000    -33.0000      -10.188488410191
           -86.0000    -33.0000       -2.902439623078
           -85.0000    -33.0000       -2.966941228656
           -84.0000    -33.0000       -4.229341339246
           -83.0000    -33.0000       -6.424704662790
           -82.0000    -33.0000       -7.189168049385
           -81.0000    -33.0000       -4.209819233238
           -80.0000    -33.0000      -21.844066090261
           -79.0000    -33.0000      -18.208508240715
           -78.0000    -33.0000      -12.217009329223
           -77.0000    -33.0000       -0.613076250281
           -76.0000    -33.0000      -11.337629593437
           -75.0000    -33.0000        1.319817314713
           -74.0000    -33.0000       50.917188139313
           -73.0000    -33.0000      -94.514286594784
           -72.0000    -33.0000      -50.211546732379
           -71.0000    -33.0000       62.710394401514
           -70.0000    -33.0000      186.696229609054
           -69.0000    -33.0000       -6.306104667358
           -68.0000    -33.0000      -47.336809778126
           -67.0000    -33.0000       20.433109751102
           -66.0000    -33.0000       77.758738885932
           -65.0000    -33.0000       51.677930624068
           -64.0000    -33.0000       42.823568825483
           -63.0000    -33.0000        7.497642586634
           -62.0000    -33.0000       17.726193308976
           -61.0000    -33.0000       -1.454877280755
           -60.0000    -33.0000        1.905022745167
           -59.0000    -33.0000       20.565535258360
           -58.0000    -33.0000       27.750801861069
           -57.0000    -33.0000       33.203486997676
           -56.0000    -33.0000       22.715893454267
           -55.0000    -33.0000       28.244487665405
           -54.0000    -33.0000       29.699541852607
           -53.0000    -33.0000       27.203300583326
           -52.0000    -33.0000       -9.195078773648
           -51.0000    -33.0000       53.844463367145
           -50.0000    -33.0000       36.819174949952
           -49.0000    -33.0000      -18.666274891139
           -48.0000    -33.0000      -15.699752475792
           -47.0000    -33.0000      -14.960285904089
           -46.0000    -33.0000       -9.456438588664
           -45.0000    -33.0000      -15.807345627071
           -44.0000    -33.0000      -17.245767220445
           -43.0000    -33.0000      -23.792977069355
           -42.0000    -33.0000      -18.283893596631
           -41.0000    -33.0000      -17.415011536635
           -40.0000    -33.0000      -25.508462037165
           -39.0000    -33.0000      -18.669050676867
           -38.0000    -33.0000      -23.768840575783
           -37.0000    -33.0000      -19.904910070847
           -36.0000    -33.0000      -10.505405599588
           -35.0000    -33.0000       -7.034301742858
           -34.0000    -33.0000        0.197668140529
           -33.0000    -33.0000        6.563350819107
           -32.0000    -33.0000       -2.370488392236
           -31.0000    -33.0000      -13.202237243714
           -30.0000    -33.0000       11.122522039618
           -29.0000    -33.0000        5.357894974185
           -28.0000    -33.0000        5.998919231497
           -27.0000    -33.0000        0.835274391973
           -26.0000    -33.0000       -1.014687384936
           -25.0000    -33.0000        8.682164586154
           -24.0000    -33.0000       13.980323665389
           -23.0000    -33.0000       10.634226316555
           -22.0000    -33.0000       19.163011771535
           -21.0000    -33.0000        6.489147938817
           -20.0000    -33.0000       16.403128216103
           -19.0000    -33.0000        7.380005523986
           -18.0000    -33.0000       16.139254857000
           -17.0000    -33.0000       20.297528963458
           -16.0000    -33.0000        9.720982216309
           -15.0000    -33.0000       15.714839412075
           -14.0000    -33.0000       20.223339465840
           -13.0000    -33.0000        1.487774793608
           -12.0000    -33.0000        1.701272412883
           -11.0000    -33.0000       -2.447432362193
           -10.0000    -33.0000        8.500242091256
            -9.0000    -33.0000      -11.628326268453
            -8.0000    -33.0000        5.666280662057
            -7.0000    -33.0000       -4.200773894355
            -6.0000    -33.0000        1.394539427151
            -5.0000    -33.0000       11.217973870816
            -4.0000    -33.0000        2.203165215504
            -3.0000    -33.0000       22.996373011107
            -2.0000    -33.0000       17.808309720787
            -1.0000    -33.0000        0.378109781686
            -0.0000    -33.0000       24.772233071448
             1.0000    -33.0000      -15.946346660338
             2.0000    -33.0000       54.093721485364
             3.0000    -33.0000       -8.857517363658
             4.0000    -33.0000       19.126756625765
             5.0000    -33.0000       -3.897548984911
             6.0000    -33.0000        3.261533042755
             7.0000    -33.0000        4.481560725754
             8.0000    -33.0000        3.182741640033
             9.0000    -33.0000       12.622143309525
            10.0000    -33.0000        2.098476974309
            11.0000    -33.0000        2.172837373658
            12.0000    -33.0000       13.294204087528
            13.0000    -33.0000       17.202177415074
            14.0000    -33.0000        7.213105899241
            15.0000    -33.0000        2.749199223746
            16.0000    -33.0000        4.477576390780
            17.0000    -33.0000       43.521566043476
            18.0000    -33.0000        2.552440716034
            19.0000    -33.0000       32.187102736760
            20.0000    -33.0000       36.141619979452
            21.0000    -33.0000       37.582798494466
            22.0000    -33.0000       -2.455598950773
            23.0000    -33.0000       13.385337425144
            24.0000    -33.0000      -27.127158343992
            25.0000    -33.0000      -30.466599262514
            26.0000    -33.0000       -4.804182739791
            27.0000    -33.0000       11.335298719726
            28.0000    -33.0000       20.611806258184
            29.0000    -33.0000       31.616082658028
            30.0000    -33.0000      -26.985092889346
            31.0000    -33.0000      -10.476596088666
            32.0000    -33.0000        5.294038839376
            33.0000    -33.0000       -6.262209079029
            34.0000    -33.0000       37.859617472592
            35.0000    -33.0000       57.745956206070
            36.0000    -33.0000       42.207179415013
            37.0000    -33.0000      -15.232183522816
            38.0000    -33.0000      -11.912106311714
            39.0000    -33.0000       -4.936892175275
            40.0000    -33.0000        6.999052122333
            41.0000    -33.0000       14.209908943282
            42.0000    -33.0000       -0.780701594305
            43.0000    -33.0000       23.985086039718
            44.0000    -33.0000       91.785622156899
            45.0000    -33.0000       58.441114824181
            46.0000    -33.0000       23.617456683908
            47.0000    -33.0000       27.890110308496
            48.0000    -33.0000        1.568080360024
            49.0000    -33.0000       15.055688239255
            50.0000    -33.0000       19.595859980737
            51.0000    -33.0000       14.515193087671
            52.0000    -33.0000       13.491283336799
            53.0000    -33.0000       12.710292224734
            54.0000    -33.0000       25.312169099803
            55.0000    -33.0000       25.390330548505
           -95.0000    -34.0000       -3.421633982566
           -94.0000    -34.0000       -7.329527822138
           -93.0000    -34.0000       -3.348109548767
           -92.0000    -34.0000      -11.933899758579
           -91.0000    -34.0000       -3.357831738424
           -90.0000    -34.0000      -13.633751561042
           -89.0000    -34.0000        2.704835909744
           -88.0000    -34.0000      -11.473244867635
           -87.0000    -34.0000        0.729278166798
           -86.0000    -34.0000      -18.303184467026
           -85.0000    -34.0000        5.636386461589
           -84.0000    -34.0000      -12.294358202082
           -83.0000    -34.0000        3.218230736352
           -82.0000    -34.0000       -1.333521331333
           -81.0000    -34.0000       13.346559445606
           -80.0000    -34.0000        8.909584357009
           -79.0000    -34.0000       37.611263164032
           -78.0000    -34.0000       -3.646835847871
           -77.0000    -34.0000       -2.395637093196
           -76.0000    -34.0000       12.908556251786
           -75.0000    -34.0000       23.006660300240
           -74.0000    -34.0000       31.680742228503
           -73.0000    -34.0000     -131.544315051690
           -72.0000    -34.0000       49.829718759771
           -71.0000    -34.0000       18.468414196609
           -70.0000    -34.0000      154.808528805393
           -69.0000    -34.0000       10.480281604513
           -68.0000    -34.0000       13.454984948242
           -67.0000    -34.0000        1.890517128812
           -66.0000    -34.0000       32.702695117119
           -65.0000    -34.0000        7.843411140877
           -64.0000    -34.0000       30.368631749911
           -63.0000    -34.0000       11.254789734740
           -62.0000    -34.0000        5.475828578526
           -61.0000    -34.0000        6.485792926508
           -60.0000    -34.0000       13.304907780872
           -59.0000    -34.0000       15.219668872134
           -58.0000    -34.0000       10.669729303519
           -57.0000    -34.0000       30.794881537028
           -56.0000    -34.0000       27.699755056055
           -55.0000    -34.0000       38.777842003548
           -54.0000    -34.0000       43.747381404807
           -53.0000    -34.0000      -10.963348008916
           -52.0000    -34.0000       33.080649115874
           -51.0000    -34.0000       23.107115587316
           -50.0000    -34.0000       -9.118566680041
           -49.0000    -34.0000      -17.258055520283
           -48.0000    -34.0000      -11.718428944481
           -47.0000    -34.0000      -17.476034435259
           -46.0000    -34.0000      -16.386797103579
           -45.0000    -34.0000       -8.657718453959
           -44.0000    -34.0000      -15.920955342080
           -43.0000    -34.0000      -13.202706906637
           -42.0000    -34.0000       -9.787425792334
           -41.0000    -34.0000      -16.164273279368
           -40.0000    -34.0000      -14.394421106099
           -39.0000    -34.0000      -26.177454830425
           -38.0000    -34.0000      -10.700129238616
           -37.0000    -34.0000      -12.006885915080
           -36.0000    -34.0000      -15.667576469589
           -35.0000    -34.0000       -2.676359211106
           -34.0000    -34.0000      -15.038807357869
           -33.0000    -34.0000        5.336518948276
           -32.0000    -34.0000        8.944226252481
           -31.0000    -34.0000      -10.016658536291
           -30.0000    -34.0000       -4.368874125138
           -29.0000    -34.0000        1.775222559694
           -28.0000    -34.0000       -0.722964176939
           -27.0000    -34.0000        9.944963222586
           -26.0000    -34.0000       10.943148861506
           -25.0000    -34.0000        1.039399898406
           -24.0000    -34.0000        5.240115838929
           -23.0000    -34.0000        2.712897180170
           -22.0000    -34.0000        1.986807400938
           -21.0000    -34.0000       12.496092335099
           -20.0000    -34.0000       11.107666508949
           -19.0000    -34.0000       11.984902872463
           -18.0000    -34.0000       22.034053567328
           -17.0000    -34.0000       12.484182314001
           -16.0000    -34.0000       20.213998079946
           -15.0000    -34.0000       20.618581871559
           -14.0000    -34.0000        4.666823140625
           -13.0000    -34.0000       18.514847708019
           -12.0000    -34.0000       -3.015769471176
           -11.0000    -34.0000        4.026341479785
           -10.0000    -34.0000       -5.639213796708
            -9.0000    -34.0000        5.133126903040
            -8.0000    -34.0000      -10.233054146810
            -7.0000    -34.0000        5.055024730707
            -6.0000    -34.0000       -9.304329508640
            -5.0000    -34.0000       -0.986636774096
            -4.0000    -34.0000       17.412581839873
            -3.0000    -34.0000      -14.585490233076
            -2.0000    -34.0000        1.016000157652
            -1.0000    -34.0000       11.044807196179
            -0.0000    -34.0000       -5.063142568235
             1.0000    -34.0000        7.022227588342
             2.0000    -34.0000       -5.406811482664
             3.0000    -34.0000       -1.079099880768
             4.0000    -34.0000        3.245232776060
             5.0000    -34.0000       -0.102566991181
             6.0000    -34.0000        3.267932507325
             7.0000    -34.0000        1.371443706527
             8.0000    -34.0000        8.677416355132
             9.0000    -34.0000        1.616228223496
            10.0000    -34.0000        9.134731007758
            11.0000    -34.0000        8.778070185551
            12.0000    -34.0000        2.362093198239
            13.0000    -34.0000        8.978564921816
            14.0000    -34.0000       11.361990645598
            15.0000    -34.0000      -10.830397047365
            16.0000    -34.0000      -14.706943805237
            17.0000    -34.0000        9.916185862059
            18.0000    -34.0000       30.698659051180
            19.0000    -34.0000       26.482317207044
            20.0000    -34.0000       36.142348350778
            21.0000    -34.0000       31.739856764826
            22.0000    -34.0000       25.056152779058
            23.0000    -34.0000        8.792994553500
            24.0000    -34.0000       41.119464403657
            25.0000    -34.0000       -9.676472961414
            26.0000    -34.0000       10.634537252773
            27.0000    -34.0000       32.000296388177
            28.0000    -34.0000       10.231106399212
            29.0000    -34.0000      -14.807409852084
            30.0000    -34.0000       -9.280518862255
            31.0000    -34.0000       -0.875074834010
            32.0000    -34.0000       10.788949447258
            33.0000    -34.0000       46.442465866721
            34.0000    -34.0000       45.492345190531
            35.0000    -34.0000       51.980579127534
            36.0000    -34.0000       19.121265306274
            37.0000    -34.0000       -7.394472749168
            38.0000    -34.0000        4.566309982330
            39.0000    -34.0000       11.451042515782
            40.0000    -34.0000       -2.260681773207
            41.0000    -34.0000        3.314935126701
            42.0000    -34.0000       -4.478265670534
            43.0000    -34.0000       15.241325155341
            44.0000    -34.0000       43.182569372035
            45.0000    -34.0000       69.725914867573
            46.0000    -34.0000       49.950977818177
            47.0000    -34.0000       13.792741647708
            48.0000    -34.0000       20.133832236850
            49.0000    -34.0000       18.685185315663
            50.0000    -34.0000       24.186721142598
            51.0000    -34.0000       22.561636081220
            52.0000    -34.0000       12.276623786197
            53.0000    -34.0000       31.920164314303
            54.0000    -34.0000       36.116213809688
            55.0000    -34.0000       54.817049305420
           -95.0000    -35.0000        2.519751825254
           -94.0000    -35.0000        3.822386891478
           -93.0000    -35.0000        1.635768052142
           -92.0000    -35.0000        3.877226029640
           -91.0000    -35.0000       -6.732314992996
           -90.0000    -35.0000        0.033830219789
           -89.0000    -35.0000      -16.007269191839
           -88.0000    -35.0000       -7.318288159576
           -87.0000    -35.0000       -8.673807328469
           -86.0000    -35.0000        3.187804702290
           -85.0000    -35.0000      -10.666382895365
           -84.0000    -35.0000       -1.120547207614
           -83.0000    -35.0000       -0.117440925665
           -82.0000    -35.0000       -1.539477584742
           -81.0000    -35.0000       -6.175380711381
           -80.0000    -35.0000        5.650323064340
           -79.0000    -35.0000        1.217080841655
           -78.0000    -35.0000       15.264211805120
           -77.0000    -35.0000       23.213152772387
           -76.0000    -35.0000       15.769732771195
           -75.0000    -35.0000       30.037696360365
           -74.0000    -35.0000      -69.763060782960
           -73.0000    -35.0000      -55.483583668136
           -72.0000    -35.0000       46.743430301645
           -71.0000    -35.0000       25.928551493290
           -70.0000    -35.0000      128.860129951343
           -69.0000    -35.0000       19.413630532695
           -68.0000    -35.0000       15.760766831284
           -67.0000    -35.0000       -0.453115525828
           -66.0000    -35.0000        8.772619433027
           -65.0000    -35.0000       12.803641067947
           -64.0000    -35.0000        9.224880970422
           -63.0000    -35.0000        1.063652454022
           -62.0000    -35.0000       16.315260476121
           -61.0000    -35.0000        8.139188613888
           -60.0000    -35.0000       23.786092254278
           -59.0000    -35.0000       10.739020402608
           -58.0000    -35.0000       17.690480777396
           -57.0000    -35.0000       13.637705605069
           -56.0000    -35.0000       17.918329614992
           -55.0000    -35.0000       14.708999612565
           -54.0000    -35.0000        5.386985218830
           -53.0000    -35.0000       23.179377455047
           -52.0000    -35.0000       38.792080403329
           -51.0000    -35.0000       -4.780842996773
           -50.0000    -35.0000      -19.244375590031
           -49.0000    -35.0000      -28.050118464050
           -48.0000    -35.0000      -42.672410869725
           -47.0000    -35.0000      -32.726035874936
           -46.0000    -35.0000      -14.821902378168
           -45.0000    -35.0000      -20.164450530847
           -44.0000    -35.0000      -14.779559150692
           -43.0000    -35.0000      -18.278752602469
           -42.0000    -35.0000      -22.663783656934
           -41.0000    -35.0000      -20.585309742832
           -40.0000    -35.0000       -9.590197854461
           -39.0000    -35.0000      -22.806118018275
           -38.0000    -35.0000      -13.524782960970
           -37.0000    -35.0000      -14.014246724117
           -36.0000    -35.0000      -10.906124812749
           -35.0000    -35.0000      -21.947990739843
           -34.0000    -35.0000       -3.152893148042
           -33.0000    -35.0000      -20.593407207974
           -32.0000    -35.0000       -5.288201272127
           -31.0000    -35.0000       30.375341138228
           -30.0000    -35.0000       27.804087233318
           -29.0000    -35.0000       -0.321687503427
           -28.0000    -35.0000       -4.192707312282
           -27.0000    -35.0000       10.787703387013
           -26.0000    -35.0000        8.459448677192
           -25.0000    -35.0000       13.640728002304
           -24.0000    -35.0000       17.006643491467
           -23.0000    -35.0000       20.766026653096
           -22.0000    -35.0000       25.915035757481
           -21.0000    -35.0000       19.774277161218
           -20.0000    -35.0000       14.966956533471
           -19.0000    -35.0000       17.798619540199
           -18.0000    -35.0000       13.948447519252
           -17.0000    -35.0000        8.099103102145
           -16.0000    -35.0000       12.827433190165
           -15.0000    -35.0000       20.040806329006
           -14.0000    -35.0000       12.816441060321
           -13.0000    -35.0000        4.357143191177
           -12.0000    -35.0000        3.938604227334
           -11.0000    -35.0000       10.665215694109
           -10.0000    -35.0000      -12.160720765947
            -9.0000    -35.0000        4.135414500407
            -8.0000    -35.0000       -4.044810585754
            -7.0000    -35.0000        0.176752127021
            -6.0000    -35.0000       -0.631571898087
            -5.0000    -35.0000       17.122121670906
            -4.0000    -35.0000       -5.989692051193
            -3.0000    -35.0000       -4.137353034440
            -2.0000    -35.0000       -3.541786984063
            -1.0000    -35.0000        0.785782184629
            -0.0000    -35.0000       -2.179004356815
             1.0000    -35.0000       -4.625126762308
             2.0000    -35.0000        2.439991971079
             3.0000    -35.0000       10.081046860667
             4.0000    -35.0000        9.091059540034
             5.0000    -35.0000       -1.089666465291
             6.0000    -35.0000       -1.890183907403
             7.0000    -35.0000       -2.265981042423
             8.0000    -35.0000      -14.312552078602
             9.0000    -35.0000       12.116880955615
            10.0000    -35.0000       -1.277692304659
            11.0000    -35.0000       14.294600007205
            12.0000    -35.0000       12.482958604460
            13.0000    -35.0000       11.250455410016
            14.0000    -35.0000        4.624245473147
            15.0000    -35.0000       -6.238473179442
            16.0000    -35.0000       -0.430705693275
            17.0000    -35.0000        7.289432017305
            18.0000    -35.0000       28.181285418597
            19.0000    -35.0000       28.538427939873
            20.0000    -35.0000       28.093457138294
            21.0000    -35.0000        6.529627208428
            22.0000    -35.0000       11.569031698334
            23.0000    -35.0000       15.491038320462
            24.0000    -35.0000       11.443594341635
            25.0000    -35.0000      -26.757990959439
            26.0000    -35.0000        3.528620055994
            27.0000    -35.0000       -3.948327910596
            28.0000    -35.0000      -15.788652789935
            29.0000    -35.0000       -2.546746382887
            30.0000    -35.0000      -10.581298366641
            31.0000    -35.0000        6.086379987115
            32.0000    -35.0000       15.402393345707
            33.0000    -35.0000       31.340678146107
            34.0000    -35.0000       39.399763005393
            35.0000    -35.0000       23.446084885079
            36.0000    -35.0000       13.996730394633
            37.0000    -35.0000      -12.988355803127
            38.0000    -35.0000       13.251969879969
            39.0000    -35.0000       -3.492668559707
            40.0000    -35.0000        2.479368630263
            41.0000    -35.0000        6.809664451735
            42.0000    -35.0000       -7.661071264766
            43.0000    -35.0000       30.012505394544
            44.0000    -35.0000       52.650294220064
            45.0000    -35.0000       40.127393032146
            46.0000    -35.0000       27.680006614271
            47.0000    -35.0000       39.590857286262
            48.0000    -35.0000       14.428707776931
            49.0000    -35.0000       34.016807663067
            50.0000    -35.0000       20.961024543845
            51.0000    -35.0000       31.505290158627
            52.0000    -35.0000       28.543598293485
            53.0000    -35.0000       38.723016892163
            54.0000    -35.0000       45.174190431285
            55.0000    -35.0000       46.606203520548
           -95.0000    -36.0000      -14.733958155098
           -94.0000    -36.0000       -1.494000276257
           -93.0000    -36.0000       -7.938213118081
           -92.0000    -36.0000       -5.129320874314
           -91.0000    -36.0000        3.627129199998
           -90.0000    -36.0000      -16.878054414337
           -89.0000    -36.0000       -4.704873760107
           -88.0000    -36.0000      -11.492993695356
           -87.0000    -36.0000      -10.839010779219
           -86.0000    -36.0000      -23.526230271015
           -85.0000    -36.0000      -13.567855283682
           -84.0000    -36.0000        1.859278212106
           -83.0000    -36.0000       -3.788451227376
           -82.0000    -36.0000       11.942065114922
           -81.0000    -36.0000        5.463569562677
           -80.0000    -36.0000        1.505668501164
           -79.0000    -36.0000        1.197433842692
           -78.0000    -36.0000        1.860684705522
           -77.0000    -36.0000       14.594531024697
           -76.0000    -36.0000       17.593356205757
           -75.0000    -36.0000       -0.844548422433
           -74.0000    -36.0000      -94.141691683324
           -73.0000    -36.0000       78.251267624602
           -72.0000    -36.0000       17.273353617485
           -71.0000    -36.0000       65.638452784412
           -70.0000    -36.0000       84.291188553462
           -69.0000    -36.0000       57.185740870791
           -68.0000    -36.0000       40.055525548622
           -67.0000    -36.0000       -5.916873535387
           -66.0000    -36.0000       13.695534411248
           -65.0000    -36.0000       13.282055033527
           -64.0000    -36.0000        3.880841182881
           -63.0000    -36.0000       20.949942608703
           -62.0000    -36.0000       25.383187572670
           -61.0000    -36.0000       16.082158666302
           -60.0000    -36.0000       20.237605896517
           -59.0000    -36.0000       29.232919770960
           -58.0000    -36.0000       41.484921213482
           -57.0000    -36.0000       30.120700061336
           -56.0000    -36.0000       16.279417936350
           -55.0000    -36.0000       19.401958572238
           -54.0000    -36.0000        6.925551612976
           -53.0000    -36.0000       14.162740137864
           -52.0000    -36.0000       -5.141999349446
           -51.0000    -36.0000       -9.680397840994
           -50.0000    -36.0000      -31.906206268141
           -49.0000    -36.0000      -14.755130849622
           -48.0000    -36.0000      -21.616579948597
           -47.0000    -36.0000      -22.208178856166
           -46.0000    -36.0000      -23.632993146238
           -45.0000    -36.0000      -14.774608386110
           -44.0000    -36.0000      -12.659772003612
           -43.0000    -36.0000      -23.091974226081
           -42.0000    -36.0000      -12.621155357482
           -41.0000    -36.0000      -24.641391025701
           -40.0000    -36.0000       -3.931710027434
           -39.0000    -36.0000      -17.996099631559
           -38.0000    -36.0000      -25.320723271743
           -37.0000    -36.0000      -22.370350513877
           -36.0000    -36.0000      -19.615276844720
           -35.0000    -36.0000      -16.089091097330
           -34.0000    -36.0000      -12.741528845438
           -33.0000    -36.0000        1.071482764362
           -32.0000    -36.0000       -0.016182940537
           -31.0000    -36.0000      -21.805409761218
           -30.0000    -36.0000        2.236844185371
           -29.0000    -36.0000        8.068119079953
           -28.0000    -36.0000       20.231163313188
           -27.0000    -36.0000        4.147152993375
           -26.0000    -36.0000       19.479712286851
           -25.0000    -36.0000       21.403748394246
           -24.0000    -36.0000       17.243214855442
           -23.0000    -36.0000       23.391144058111
           -22.0000    -36.0000       16.835943777629
           -21.0000    -36.0000       26.708673635995
           -20.0000    -36.0000       18.685358529792
           -19.0000    -36.0000       17.227541330302
           -18.0000    -36.0000       36.764083605126
           -17.0000    -36.0000       12.929727038542
           -16.0000    -36.0000       11.528613575304
           -15.0000    -36.0000        5.949796115545
           -14.0000    -36.0000        9.300250222155
           -13.0000    -36.0000       12.724273156463
           -12.0000    -36.0000       -0.085044360254
           -11.0000    -36.0000        7.201017735239
           -10.0000    -36.0000        9.706595977600
            -9.0000    -36.0000        2.390694795648
            -8.0000    -36.0000        1.927148931955
            -7.0000    -36.0000       -4.667341710787
            -6.0000    -36.0000       -5.914097232234
            -5.0000    -36.0000       -0.595707532617
            -4.0000    -36.0000       10.427819838980
            -3.0000    -36.0000       -2.664693420931
            -2.0000    -36.0000       -2.773615689384
            -1.0000    -36.0000       -3.169573956101
            -0.0000    -36.0000       -8.351429776510
             1.0000    -36.0000        3.400554536901
             2.0000    -36.0000        7.547127546308
             3.0000    -36.0000      -13.209869501540
             4.0000    -36.0000        1.222159662202
             5.0000    -36.0000       -8.028087122101
             6.0000    -36.0000        6.365793701467
             7.0000    -36.0000        6.515307982273
             8.0000    -36.0000       15.861541114444
             9.0000    -36.0000        5.701383779156
            10.0000    -36.0000       11.361579865013
            11.0000    -36.0000       12.839356198544
            12.0000    -36.0000       12.873615666419
            13.0000    -36.0000        8.809336234875
            14.0000    -36.0000       -0.157443990170
            15.0000    -36.0000       10.416531923129
            16.0000    -36.0000        8.585386463797
            17.0000    -36.0000       12.331151739090
            18.0000    -36.0000        8.047765025454
            19.0000    -36.0000        7.855807595275
            20.0000    -36.0000       37.050871565762
            21.0000    -36.0000       52.667705376312
            22.0000    -36.0000       35.573626126234
            23.0000    -36.0000      -20.440240275346
            24.0000    -36.0000      -15.334857001708
            25.0000    -36.0000      -10.453629240275
            26.0000    -36.0000        4.584902107515
            27.0000    -36.0000       -4.794203455279
            28.0000    -36.0000        7.846363514153
            29.0000    -36.0000        6.851383907673
            30.0000    -36.0000        3.250250612442
            31.0000    -36.0000        0.886658762146
            32.0000    -36.0000       15.348574953355
            33.0000    -36.0000       24.222124395610
            34.0000    -36.0000       17.565651279790
            35.0000    -36.0000       22.423305512993
            36.0000    -36.0000       -8.550351104226
            37.0000    -36.0000       -2.965845246333
            38.0000    -36.0000        1.245229677314
            39.0000    -36.0000        4.401905185320
            40.0000    -36.0000       17.544191102851
            41.0000    -36.0000        8.903925468228
            42.0000    -36.0000       11.945817852544
            43.0000    -36.0000       13.562084606008
            44.0000    -36.0000       35.873564557649
            45.0000    -36.0000       25.573495231126
            46.0000    -36.0000       46.482295589560
            47.0000    -36.0000       20.252168679705
            48.0000    -36.0000       27.182969189386
            49.0000    -36.0000       34.102478795489
            50.0000    -36.0000       28.303187784712
            51.0000    -36.0000       49.824806358204
            52.0000    -36.0000       38.864921283207
            53.0000    -36.0000       44.273690242880
            54.0000    -36.0000       41.553468421940
            55.0000    -36.0000       32.245689907535
           -95.0000    -37.0000        4.117204527834
           -94.0000    -37.0000        4.174826591102
           -93.0000    -37.0000        2.353825008041
           -92.0000    -37.0000      -22.792978423433
           -91.0000    -37.0000       -8.050596545508
           -90.0000    -37.0000       -8.825306377128
           -89.0000    -37.0000      -12.203632354728
           -88.0000    -37.0000      -12.206995965645
           -87.0000    -37.0000      -15.590410396507
           -86.0000    -37.0000        4.853927324644
           -85.0000    -37.0000       -8.506439955627
           -84.0000    -37.0000       -5.228542049371
           -83.0000    -37.0000       -2.549628021382
           -82.0000    -37.0000        1.402442675158
           -81.0000    -37.0000        6.683097632467
           -80.0000    -37.0000        1.534657942361
           -79.0000    -37.0000       -2.676267814938
           -78.0000    -37.0000       -5.511463243996
           -77.0000    -37.0000       -0.822820884616
           -76.0000    -37.0000       12.909241860705
           -75.0000    -37.0000      -44.235763542724
           -74.0000    -37.0000      -27.605048007388
           -73.0000    -37.0000       87.084571051205
           -72.0000    -37.0000       -4.161426690074
           -71.0000    -37.0000       89.609592424023
           -70.0000    -37.0000       55.764384304907
           -69.0000    -37.0000       39.032518249942
           -68.0000    -37.0000       -3.241954460451
           -67.0000    -37.0000        5.166832228303
           -66.0000    -37.0000       -2.150686190939
           -65.0000    -37.0000       15.716114764465
           -64.0000    -37.0000       17.473323876403
           -63.0000    -37.0000       20.254705012344
           -62.0000    -37.0000        3.315036183048
           -61.0000    -37.0000       22.612971218445
           -60.0000    -37.0000       36.606597081271
           -59.0000    -37.0000       19.463797973209
           -58.0000    -37.0000       10.511673279143
           -57.0000    -37.0000       21.632164038710
           -56.0000    -37.0000       10.863673011525
           -55.0000    -37.0000       16.733546880048
           -54.0000    -37.0000       39.527090460322
           -53.0000    -37.0000      -14.331263879315
           -52.0000    -37.0000      -11.422297467358
           -51.0000    -37.0000      -24.627283627176
           -50.0000    -37.0000      -13.720576278516
           -49.0000    -37.0000      -24.635184119215
           -48.0000    -37.0000       -7.427503571458
           -47.0000    -37.0000      -12.990999397407
           -46.0000    -37.0000       -2.189339066793
           -45.0000    -37.0000      -13.670890055605
           -44.0000    -37.0000      -15.341567638659
           -43.0000    -37.0000       -7.218057956662
           -42.0000    -37.0000      -15.476022606773
           -41.0000    -37.0000      -20.972691844843
           -40.0000    -37.0000      -13.486540475672
           -39.0000    -37.0000      -27.689397978597
           -38.0000    -37.0000      -10.511418624736
           -37.0000    -37.0000      -15.229061631983
           -36.0000    -37.0000      -16.247081998466
           -35.0000    -37.0000        0.659511191695
           -34.0000    -37.0000       -8.416233885729
           -33.0000    -37.0000       -4.020599319416
           -32.0000    -37.0000       -3.282497764564
           -31.0000    -37.0000        0.333694306432
           -30.0000    -37.0000       11.902666428940
           -29.0000    -37.0000       -9.612527749050
           -28.0000    -37.0000       11.732105416352
           -27.0000    -37.0000       14.055088513787
           -26.0000    -37.0000        8.659524915780
           -25.0000    -37.0000       12.538325413632
           -24.0000    -37.0000        9.361990748679
           -23.0000    -37.0000       18.578628834657
           -22.0000    -37.0000        1.831394825849
           -21.0000    -37.0000       10.788354693682
           -20.0000    -37.0000       15.037905357965
           -19.0000    -37.0000       18.069038466821
           -18.0000    -37.0000       11.735483923039
           -17.0000    -37.0000       23.157360408992
           -16.0000    -37.0000       17.656898883244
           -15.0000    -37.0000       17.982374233677
           -14.0000    -37.0000        8.363551026005
           -13.0000    -37.0000       16.032159403052
           -12.0000    -37.0000       17.414779836605
           -11.0000    -37.0000        3.666662492932
           -10.0000    -37.0000        6.420367360828
            -9.0000    -37.0000       12.103999206983
            -8.0000    -37.0000       11.603403948477
            -7.0000    -37.0000        2.413871356325
            -6.0000    -37.0000       11.917997127771
            -5.0000    -37.0000        6.239751516000
            -4.0000    -37.0000       -0.743123514294
            -3.0000    -37.0000        2.741964211073
            -2.0000    -37.0000      -10.170279740815
            -1.0000    -37.0000      -11.822428146925
            -0.0000    -37.0000       -6.592580635202
             1.0000    -37.0000       -5.247096698818
             2.0000    -37.0000       -8.229258250749
             3.0000    -37.0000      -11.274526850464
             4.0000    -37.0000       -5.698299408399
             5.0000    -37.0000        6.002424635010
             6.0000    -37.0000        7.748573171780
             7.0000    -37.0000       18.398928514727
             8.0000    -37.0000       22.193854461772
             9.0000    -37.0000       15.796235874821
            10.0000    -37.0000       -1.756124788642
            11.0000    -37.0000       15.645867753669
            12.0000    -37.0000       -1.760796151356
            13.0000    -37.0000       16.342027459369
            14.0000    -37.0000       11.519403358058
            15.0000    -37.0000        2.422014806497
            16.0000    -37.0000        0.754148658681
            17.0000    -37.0000        0.938222860546
            18.0000    -37.0000        5.485110631562
            19.0000    -37.0000       -7.268015731793
            20.0000    -37.0000       20.715285346678
            21.0000    -37.0000        5.302894829050
            22.0000    -37.0000        7.565423017827
            23.0000    -37.0000        8.963718637929
            24.0000    -37.0000       -5.063650693283
            25.0000    -37.0000        9.122614381794
            26.0000    -37.0000       26.626942586949
            27.0000    -37.0000       16.484595017983
            28.0000    -37.0000        7.671330552210
            29.0000    -37.0000       13.392124466775
            30.0000    -37.0000       -3.618069278357
            31.0000    -37.0000       12.058124696980
            32.0000    -37.0000       18.267391107983
            33.0000    -37.0000        7.593365190239
            34.0000    -37.0000       26.839282400941
            35.0000    -37.0000       10.993402891879
            36.0000    -37.0000       -3.338828985613
            37.0000    -37.0000       -5.859531149238
            38.0000    -37.0000       11.725113487119
            39.0000    -37.0000       13.433942200423
            40.0000    -37.0000       16.028508162133
            41.0000    -37.0000       -3.138129704716
            42.0000    -37.0000        3.433793088312
            43.0000    -37.0000       25.958576327138
            44.0000    -37.0000       39.052887845567
            45.0000    -37.0000       47.037971178729
            46.0000    -37.0000        9.142495722946
            47.0000    -37.0000       33.955218468500
            48.0000    -37.0000       27.567148260783
            49.0000    -37.0000       63.781893096371
            50.0000    -37.0000       52.963471665281
            51.0000    -37.0000       53.077792097862
            52.0000    -37.0000       51.059004314368
            53.0000    -37.0000       38.777096829830
            54.0000    -37.0000       37.793136999962
            55.0000    -37.0000       19.509916759357
           -95.0000    -38.0000        6.497082117412
           -94.0000    -38.0000       -0.318119161842
           -93.0000    -38.0000        2.260357031399
           -92.0000    -38.0000        8.672463190326
           -91.0000    -38.0000       -5.759610615816
           -90.0000    -38.0000       -5.481745875938
           -89.0000    -38.0000       -4.935766839963
           -88.0000    -38.0000        0.841731725093
           -87.0000    -38.0000       -4.059737276241
           -86.0000    -38.0000       -8.920022032012
           -85.0000    -38.0000        3.356206578834
           -84.0000    -38.0000      -12.201504029847
           -83.0000    -38.0000        2.979938422935
           -82.0000    -38.0000      -15.770994179733
           -81.0000    -38.0000       -0.462737863126
           -80.0000    -38.0000       -5.938593447245
           -79.0000    -38.0000        2.153494517211
           -78.0000    -38.0000        8.315778501551
           -77.0000    -38.0000        3.318815718688
           -76.0000    -38.0000       26.037897050354
           -75.0000    -38.0000      -60.411840391535
           -74.0000    -38.0000       17.379267036014
           -73.0000    -38.0000       56.407500952031
           -72.0000    -38.0000       18.298308873642
           -71.0000    -38.0000       82.759355521349
           -70.0000    -38.0000       27.484883738996
           -69.0000    -38.0000       28.503961214898
           -68.0000    -38.0000       -6.576386012104
           -67.0000    -38.0000       24.094154048976
           -66.0000    -38.0000        0.890587308650
           -65.0000    -38.0000        6.176512948798
           -64.0000    -38.0000        5.636329129613
           -63.0000    -38.0000       20.661401795642
           -62.0000    -38.0000       14.677050355607
           -61.0000    -38.0000        1.031902602358
           -60.0000    -38.0000       -2.791547550775
           -59.0000    -38.0000       32.233508526896
           -58.0000    -38.0000       33.249916939100
           -57.0000    -38.0000       22.261529508398
           -56.0000    -38.0000       19.462469750966
           -55.0000    -38.0000        8.176423670782
           -54.0000    -38.0000      -30.659398908842
           -53.0000    -38.0000      -17.903459954452
           -52.0000    -38.0000      -10.896084781007
           -51.0000    -38.0000      -17.130779610992
           -50.0000    -38.0000      -25.161777929157
           -49.0000    -38.0000      -15.375494501259
           -48.0000    -38.0000      -14.520103615876
           -47.0000    -38.0000       -4.733691623452
           -46.0000    -38.0000      -10.837327022930
           -45.0000    -38.0000       -4.544085112879
           -44.0000    -38.0000      -12.619626729349
           -43.0000    -38.0000      -17.667316604688
           -42.0000    -38.0000      -14.345633536857
           -41.0000    -38.0000      -15.355709807373
           -40.0000    -38.0000      -13.459854597006
           -39.0000    -38.0000      -17.642948255782
           -38.0000    -38.0000      -19.802536250269
           -37.0000    -38.0000      -14.043995370721
           -36.0000    -38.0000      -12.647186079943
           -35.0000    -38.0000      -21.107577573561
           -34.0000    -38.0000      -10.980060323410
           -33.0000    -38.0000       -8.243888155096
           -32.0000    -38.0000       -5.083844415565
           -31.0000    -38.0000       -0.640553313430
           -30.0000    -38.0000        1.061600950040
           -29.0000    -38.0000       12.763918257479
           -28.0000    -38.0000       11.011331752169
           -27.0000    -38.0000       10.336652612520
           -26.0000    -38.0000       10.863781842253
           -25.0000    -38.0000       14.146363613281
           -24.0000    -38.0000       13.793482876373
           -23.0000    -38.0000       15.023410487438
           -22.0000    -38.0000       23.545429842290
           -21.0000    -38.0000       24.492006164871
           -20.0000    -38.0000       20.582143796769
           -19.0000    -38.0000       13.070416442404
           -18.0000    -38.0000       35.404302541906
           -17.0000    -38.0000       23.873312452690
           -16.0000    -38.0000       28.971346602503
           -15.0000    -38.0000       12.411209761787
           -14.0000    -38.0000       26.822536943729
           -13.0000    -38.0000       14.089718910383
           -12.0000    -38.0000       14.303454898520
           -11.0000    -38.0000       13.151389401550
           -10.0000    -38.0000       12.957645863538
            -9.0000    -38.0000       13.995056528296
            -8.0000    -38.0000        4.837297525411
            -7.0000    -38.0000       29.358090649701
            -6.0000    -38.0000        6.339575424205
            -5.0000    -38.0000        9.636004139979
            -4.0000    -38.0000      -13.502998523942
            -3.0000    -38.0000       -5.915755911122
            -2.0000    -38.0000      -12.245630773774
            -1.0000    -38.0000      -16.923722025210
            -0.0000    -38.0000       -9.877883402251
             1.0000    -38.0000      -17.009671815655
             2.0000    -38.0000       -9.879659168413
             3.0000    -38.0000       -0.821527206488
             4.0000    -38.0000        4.818432399391
             5.0000    -38.0000        8.205248308429
             6.0000    -38.0000        7.815932647510
             7.0000    -38.0000        1.894340767422
             8.0000    -38.0000       -2.617359452846
             9.0000    -38.0000       -1.139604545775
            10.0000    -38.0000        6.925903688968
            11.0000    -38.0000       -1.620664401707
            12.0000    -38.0000        8.787332392194
            13.0000    -38.0000        0.766540102147
            14.0000    -38.0000       -0.396037602384
            15.0000    -38.0000       15.936468652110
            16.0000    -38.0000       -5.224617106988
            17.0000    -38.0000       20.386851922421
            18.0000    -38.0000        6.641203966017
            19.0000    -38.0000       -9.656406818724
            20.0000    -38.0000       -2.325044137555
            21.0000    -38.0000       11.746108992464
            22.0000    -38.0000        6.919277641861
            23.0000    -38.0000       -8.424637169789
            24.0000    -38.0000       -5.428794337455
            25.0000    -38.0000       29.004845567022
            26.0000    -38.0000       14.811336638496
            27.0000    -38.0000       22.633244437373
            28.0000    -38.0000       13.528544042271
            29.0000    -38.0000       16.201158818122
            30.0000    -38.0000       25.634783924831
            31.0000    -38.0000       17.237851350589
            32.0000    -38.0000       22.178107672710
            33.0000    -38.0000       19.903659051966
            34.0000    -38.0000       40.629850077778
            35.0000    -38.0000       15.392878167021
            36.0000    -38.0000       -0.226393027418
            37.0000    -38.0000        1.473838015392
            38.0000    -38.0000       10.496364350083
            39.0000    -38.0000       12.762948230587
            40.0000    -38.0000       17.612382522616
            41.0000    -38.0000       27.280865254823
            42.0000    -38.0000       25.295393141387
            43.0000    -38.0000       31.220076669493
            44.0000    -38.0000       41.266743479752
            45.0000    -38.0000       34.916389395993
            46.0000    -38.0000       34.190688045569
            47.0000    -38.0000       62.187749381993
            48.0000    -38.0000       53.416582869408
            49.0000    -38.0000       60.123377954927
            50.0000    -38.0000       46.528387022982
            51.0000    -38.0000       67.665946538732
            52.0000    -38.0000       32.444103158083
            53.0000    -38.0000       28.454123606703
            54.0000    -38.0000       26.644205770646
            55.0000    -38.0000       25.773264557750
           -95.0000    -39.0000       -3.823126759753
           -94.0000    -39.0000        2.320598934413
           -93.0000    -39.0000        8.182652699712
           -92.0000    -39.0000        0.426783985452
           -91.0000    -39.0000        7.672546507041
           -90.0000    -39.0000        5.180771389280
           -89.0000    -39.0000       -2.142946077456
           -88.0000    -39.0000        2.868406425072
           -87.0000    -39.0000       -2.120836529791
           -86.0000    -39.0000        1.303166837397
           -85.0000    -39.0000      -12.769066931501
           -84.0000    -39.0000       -1.766858628544
           -83.0000    -39.0000       -0.438028990817
           -82.0000    -39.0000       -1.447860735207
           -81.0000    -39.0000        3.077398448503
           -80.0000    -39.0000        0.961177493736
           -79.0000    -39.0000        9.265058687918
           -78.0000    -39.0000       11.251926585482
           -77.0000    -39.0000       16.702374245271
           -76.0000    -39.0000        4.728781900128
           -75.0000    -39.0000      -34.954212196918
           -74.0000    -39.0000      -18.401231305900
           -73.0000    -39.0000        5.381159502893
           -72.0000    -39.0000       28.233875124144
           -71.0000    -39.0000       89.082186001197
           -70.0000    -39.0000       37.743340367931
           -69.0000    -39.0000        0.035040927120
           -68.0000    -39.0000       -0.156910034703
           -67.0000    -39.0000       -3.656522224539
           -66.0000    -39.0000       -7.395339808132
           -65.0000    -39.0000       -6.381513919190
           -64.0000    -39.0000       -8.582886482470
           -63.0000    -39.0000       -1.656123289931
           -62.0000    -39.0000        4.338825299800
           -61.0000    -39.0000        6.153237028971
           -60.0000    -39.0000      -15.436626322467
           -59.0000    -39.0000       -5.828068692537
           -58.0000    -39.0000       15.690992636927
           -57.0000    -39.0000       26.376648802921
           -56.0000    -39.0000       10.924713720175
           -55.0000    -39.0000       31.270877984690
           -54.0000    -39.0000      -17.515951161531
           -53.0000    -39.0000      -19.909536743600
           -52.0000    -39.0000      -20.687416501635
           -51.0000    -39.0000      -24.069343301038
           -50.0000    -39.0000      -13.015268871926
           -49.0000    -39.0000      -20.101755247104
           -48.0000    -39.0000      -14.868012847844
           -47.0000    -39.0000      -20.096258981311
           -46.0000    -39.0000      -24.119106450324
           -45.0000    -39.0000      -10.425005162356
           -44.0000    -39.0000      -27.687417393810
           -43.0000    -39.0000      -15.570295804128
           -42.0000    -39.0000      -27.486269819248
           -41.0000    -39.0000      -20.371781242297
           -40.0000    -39.0000      -10.567406996464
           -39.0000    -39.0000      -22.365135865911
           -38.0000    -39.0000      -24.574427595634
           -37.0000    -39.0000      -15.363186296152
           -36.0000    -39.0000      -28.246376946386
           -35.0000    -39.0000      -10.127228775846
           -34.0000    -39.0000      -16.350454767014
           -33.0000    -39.0000       -1.201612282944
           -32.0000    -39.0000       -3.211123661709
           -31.0000    -39.0000       -8.730653175432
           -30.0000    -39.0000       13.553419856881
           -29.0000    -39.0000        4.086806787587
           -28.0000    -39.0000        3.461971217780
           -27.0000    -39.0000        4.214123486641
           -26.0000    -39.0000       14.063771430438
           -25.0000    -39.0000       19.981078741116
           -24.0000    -39.0000       19.493442305149
           -23.0000    -39.0000       14.536769307331
           -22.0000    -39.0000       22.771922046935
           -21.0000    -39.0000       16.477084948151
           -20.0000    -39.0000       19.459159838659
           -19.0000    -39.0000       21.851304784434
           -18.0000    -39.0000       22.842315598894
           -17.0000    -39.0000       18.343160930989
           -16.0000    -39.0000       38.658952569027
           -15.0000    -39.0000       12.479077650180
           -14.0000    -39.0000       23.395078193906
           -13.0000    -39.0000       14.898695615270
           -12.0000    -39.0000       21.365187735201
           -11.0000    -39.0000       14.816944195394
           -10.0000    -39.0000       16.856904542794
            -9.0000    -39.0000       20.317669837195
            -8.0000    -39.0000       24.162479208038
            -7.0000    -39.0000        0.580549522193
            -6.0000    -39.0000        7.055404420753
            -5.0000    -39.0000       -1.138387212887
            -4.0000    -39.0000       10.858804892760
            -3.0000    -39.0000       -6.962195639341
            -2.0000    -39.0000       -4.879837604413
            -1.0000    -39.0000       -3.900602309570
            -0.0000    -39.0000       -4.836428711644
             1.0000    -39.0000       -6.063997406512
             2.0000    -39.0000       10.481983332172
             3.0000    -39.0000        0.963044075443
             4.0000    -39.0000       10.636998886106
             5.0000    -39.0000       -0.427072888507
             6.0000    -39.0000       -6.335856472288
             7.0000    -39.0000       -2.120992583622
             8.0000    -39.0000        2.387729187421
             9.0000    -39.0000        3.436744718377
            10.0000    -39.0000        2.443535140352
            11.0000    -39.0000       10.884713249164
            12.0000    -39.0000        7.442681216237
            13.0000    -39.0000       20.668886149826
            14.0000    -39.0000       47.894716922498
            15.0000    -39.0000        1.741932937982
            16.0000    -39.0000       18.827003710588
            17.0000    -39.0000       -7.726460175227
            18.0000    -39.0000       -4.368446482592
            19.0000    -39.0000       17.232627150282
            20.0000    -39.0000       13.233348963750
            21.0000    -39.0000        1.364124803199
            22.0000    -39.0000       10.047629483431
            23.0000    -39.0000       -0.257586926243
            24.0000    -39.0000       -0.431417838843
            25.0000    -39.0000       25.110771583154
            26.0000    -39.0000       44.226622265863
            27.0000    -39.0000       36.283746261854
            28.0000    -39.0000        9.698970599291
            29.0000    -39.0000       28.056253111180
            30.0000    -39.0000        7.919165762559
            31.0000    -39.0000        9.533690994615
            32.0000    -39.0000        9.425219456883
            33.0000    -39.0000       21.431722593155
            34.0000    -39.0000       -1.162594512848
            35.0000    -39.0000        7.584290876628
            36.0000    -39.0000       19.861835892840
            37.0000    -39.0000       13.432029796774
            38.0000    -39.0000        7.190862909571
            39.0000    -39.0000       -1.207910493518
            40.0000    -39.0000       40.924748127400
            41.0000    -39.0000       35.678711441585
            42.0000    -39.0000       27.965181738242
            43.0000    -39.0000       36.535041555099
            44.0000    -39.0000       29.093943381614
            45.0000    -39.0000       40.175939331062
            46.0000    -39.0000       31.006028228575
            47.0000    -39.0000       62.482614869453
            48.0000    -39.0000       50.176560405984
            49.0000    -39.0000       48.276123334746
            50.0000    -39.0000       30.249585049597
            51.0000    -39.0000       46.526248257806
            52.0000    -39.0000       23.111519363396
            53.0000    -39.0000       28.524080813065
            54.0000    -39.0000       24.108283271182
            55.0000    -39.0000       21.771778983553
           -95.0000    -40.0000       12.439903226722
           -94.0000    -40.0000       -2.377838892389
           -93.0000    -40.0000        3.561439197717
           -92.0000    -40.0000        5.823444442477
           -91.0000    -40.0000        1.432217570587
           -90.0000    -40.0000       -1.178773012172
           -89.0000    -40.0000       -4.553194755494
           -88.0000    -40.0000      -11.036318273643
           -87.0000    -40.0000       -4.547107313863
           -86.0000    -40.0000      -15.017821672009
           -85.0000    -40.0000       -8.378015852730
           -84.0000    -40.0000      -11.313555280541
           -83.0000    -40.0000       -4.851828802829
           -82.0000    -40.0000       -3.888184858058
           -81.0000    -40.0000       -2.726926567839
           -80.0000    -40.0000        1.271515353694
           -79.0000    -40.0000      -13.598016976023
           -78.0000    -40.0000        6.836607973957
           -77.0000    -40.0000        5.603388352864
           -76.0000    -40.0000       11.710845428808
           -75.0000    -40.0000      -54.186209946111
           -74.0000    -40.0000      -11.126487345070
           -73.0000    -40.0000       16.437736527078
           -72.0000    -40.0000       38.806031540568
           -71.0000    -40.0000       53.384926241777
           -70.0000    -40.0000       24.626601903890
           -69.0000    -40.0000       47.626187437744
           -68.0000    -40.0000       29.609870072133
           -67.0000    -40.0000        0.923679944535
           -66.0000    -40.0000       21.057433337844
           -65.0000    -40.0000        0.384920880305
           -64.0000    -40.0000       17.029225888091
           -63.0000    -40.0000       -8.421529119769
           -62.0000    -40.0000        6.985126448536
           -61.0000    -40.0000       12.329229907646
           -60.0000    -40.0000       18.702012207398
           -59.0000    -40.0000       28.861631079413
           -58.0000    -40.0000       29.679909291951
           -57.0000    -40.0000       42.050663244967
           -56.0000    -40.0000       40.963871518156
           -55.0000    -40.0000        0.124732106308
           -54.0000    -40.0000      -23.281545045934
           -53.0000    -40.0000      -21.930463958730
           -52.0000    -40.0000      -10.869033991661
           -51.0000    -40.0000      -10.492819381921
           -50.0000    -40.0000      -10.405489317627
           -49.0000    -40.0000      -11.566840330401
           -48.0000    -40.0000      -21.868391212622
           -47.0000    -40.0000      -17.557146003108
           -46.0000    -40.0000      -21.346491148311
           -45.0000    -40.0000      -24.337309349556
           -44.0000    -40.0000      -19.742094638369
           -43.0000    -40.0000      -15.736956868532
           -42.0000    -40.0000      -24.208690650204
           -41.0000    -40.0000      -21.874793110379
           -40.0000    -40.0000      -27.518916018477
           -39.0000    -40.0000       -8.170468856124
           -38.0000    -40.0000       -9.362470644591
           -37.0000    -40.0000      -19.034985369333
           -36.0000    -40.0000        0.451035708821
           -35.0000    -40.0000      -12.287727846596
           -34.0000    -40.0000       -5.996253083951
           -33.0000    -40.0000      -26.387146359800
           -32.0000    -40.0000       -5.438888102694
           -31.0000    -40.0000       -0.238293693115
           -30.0000    -40.0000       -0.891465597597
           -29.0000    -40.0000        0.382255201359
           -28.0000    -40.0000        7.458782018334
           -27.0000    -40.0000        8.803059052114
           -26.0000    -40.0000       12.441823248499
           -25.0000    -40.0000        9.277437834987
           -24.0000    -40.0000        4.527641346352
           -23.0000    -40.0000       13.401968828220
           -22.0000    -40.0000       10.136425994784
           -21.0000    -40.0000       19.978779539452
           -20.0000    -40.0000       19.687945132083
           -19.0000    -40.0000       29.000601624394
           -18.0000    -40.0000       21.568431279970
           -17.0000    -40.0000       23.306753180670
           -16.0000    -40.0000       20.635145758572
           -15.0000    -40.0000       27.957715221570
           -14.0000    -40.0000       25.860544562824
           -13.0000    -40.0000       13.957839661425
           -12.0000    -40.0000       23.532911952061
           -11.0000    -40.0000       19.698031825274
           -10.0000    -40.0000       28.559848247507
            -9.0000    -40.0000        9.642048645178
            -8.0000    -40.0000       17.387396068864
            -7.0000    -40.0000        8.942911916831
            -6.0000    -40.0000       47.778978845424
            -5.0000    -40.0000       -4.421097438023
            -4.0000    -40.0000        3.125712630690
            -3.0000    -40.0000       -6.124099656197
            -2.0000    -40.0000       -5.427264827322
            -1.0000    -40.0000       -3.843247703763
            -0.0000    -40.0000        0.008663086908
             1.0000    -40.0000        4.820986111009
             2.0000    -40.0000       -2.355886179774
             3.0000    -40.0000        1.034733962216
             4.0000    -40.0000       -2.721510262851
             5.0000    -40.0000       -6.004959558648
             6.0000    -40.0000       -4.082459352932
             7.0000    -40.0000       -6.266535729027
             8.0000    -40.0000        4.699180161969
             9.0000    -40.0000        3.089012882922
            10.0000    -40.0000       11.870235754560
            11.0000    -40.0000        7.684333016438
            12.0000    -40.0000       23.325721347082
            13.0000    -40.0000        7.259237845861
            14.0000    -40.0000      -18.006229428852
            15.0000    -40.0000       14.082306885909
            16.0000    -40.0000       12.510747957359
            17.0000    -40.0000       17.344823900200
            18.0000    -40.0000       25.203948195773
            19.0000    -40.0000       10.023925291965
            20.0000    -40.0000       14.047689134378
            21.0000    -40.0000        9.104441983791
            22.0000    -40.0000        2.136669866924
            23.0000    -40.0000        0.730432287335
            24.0000    -40.0000       13.552542882995
            25.0000    -40.0000       46.553788520171
            26.0000    -40.0000       47.254983266813
            27.0000    -40.0000       30.898017125556
            28.0000    -40.0000       38.793901475328
            29.0000    -40.0000       12.209286869381
            30.0000    -40.0000        7.347621641274
            31.0000    -40.0000       17.248249194937
            32.0000    -40.0000       46.270914456157
            33.0000    -40.0000       30.261163001153
            34.0000    -40.0000       19.345700456789
            35.0000    -40.0000        6.174535932394
            36.0000    -40.0000        2.772775636317
            37.0000    -40.0000        4.557980545472
            38.0000    -40.0000       14.458910646013
            39.0000    -40.0000       27.825590396179
            40.0000    -40.0000       30.579356976517
            41.0000    -40.0000       34.105443056911
            42.0000    -40.0000       50.212373009163
            43.0000    -40.0000       50.674273142844
            44.0000    -40.0000       52.496754134247
            45.0000    -40.0000       52.680131902213
            46.0000    -40.0000       46.603219822363
            47.0000    -40.0000       37.006693349306
            48.0000    -40.0000       26.840870017951
            49.0000    -40.0000       33.112262181577
            50.0000    -40.0000       32.999011182781
            51.0000    -40.0000       35.859311780689
            52.0000    -40.0000       18.339190082226
            53.0000    -40.0000       35.157372718616
            54.0000    -40.0000       21.996067195096
            55.0000    -40.0000       11.057812307366
           -95.0000    -41.0000        0.261874118820
           -94.0000    -41.0000        0.435787618946
           -93.0000    -41.0000        5.970852586338
           -92.0000    -41.0000       -1.841386352791
           -91.0000    -41.0000        0.344806094062
           -90.0000    -41.0000        0.163693070750
           -89.0000    -41.0000       -0.691915239506
           -88.0000    -41.0000        9.993152589327
           -87.0000    -41.0000      -15.011516454145
           -86.0000    -41.0000       -3.024237511326
           -85.0000    -41.0000      -10.637737842801
           -84.0000    -41.0000       -3.080476311979
           -83.0000    -41.0000       -2.094161505338
           -82.0000    -41.0000        7.409224578141
           -81.0000    -41.0000        0.343837246322
           -80.0000    -41.0000       13.174881752588
           -79.0000    -41.0000       10.230491990164
           -78.0000    -41.0000       19.921604985949
           -77.0000    -41.0000       13.891623847619
           -76.0000    -41.0000        9.954669425237
           -75.0000    -41.0000      -26.240754690220
           -74.0000    -41.0000       34.201675164499
           -73.0000    -41.0000       42.443445374741
           -72.0000    -41.0000       55.777804644553
           -71.0000    -41.0000       56.904105897557
           -70.0000    -41.0000       37.309959810029
           -69.0000    -41.0000       33.745719513184
           -68.0000    -41.0000       25.355071258342
           -67.0000    -41.0000       37.873640959120
           -66.0000    -41.0000        0.174141825828
           -65.0000    -41.0000        9.891943569856
           -64.0000    -41.0000        1.924298493566
           -63.0000    -41.0000        0.381460527728
           -62.0000    -41.0000        8.364483735868
           -61.0000    -41.0000       18.282802923772
           -60.0000    -41.0000       22.095966287871
           -59.0000    -41.0000        5.194737033989
           -58.0000    -41.0000       26.668940395317
           -57.0000    -41.0000       27.089264350862
           -56.0000    -41.0000       -8.488321924819
           -55.0000    -41.0000      -28.792156247097
           -54.0000    -41.0000      -12.440298148387
           -53.0000    -41.0000      -19.830956693632
           -52.0000    -41.0000      -12.995280691868
           -51.0000    -41.0000      -15.224104819159
           -50.0000    -41.0000      -12.939506294548
           -49.0000    -41.0000      -15.945850952634
           -48.0000    -41.0000       -0.930462976618
           -47.0000    -41.0000      -10.347043562881
           -46.0000    -41.0000      -11.484671727977
           -45.0000    -41.0000      -11.607195601410
           -44.0000    -41.0000      -19.353568468042
           -43.0000    -41.0000      -27.552791953701
           -42.0000    -41.0000      -20.839571019666
           -41.0000    -41.0000      -31.923412305830
           -40.0000    -41.0000       -7.893357001205
           -39.0000    -41.0000      -28.636908886760
           -38.0000    -41.0000       -4.211879799972
           -37.0000    -41.0000      -21.824340369000
           -36.0000    -41.0000       -7.618913811754
           -35.0000    -41.0000      -28.144742278280
           -34.0000    -41.0000      -24.123761485305
           -33.0000    -41.0000       -8.983199642080
           -32.0000    -41.0000       -7.291128687273
           -31.0000    -41.0000      -15.027679933331
           -30.0000    -41.0000        7.591692446986
           -29.0000    -41.0000        2.387680983627
           -28.0000    -41.0000       12.474829135456
           -27.0000    -41.0000        3.184800484425
           -26.0000    -41.0000        1.669728677203
           -25.0000    -41.0000       -1.213016043621
           -24.0000    -41.0000       17.804556716430
           -23.0000    -41.0000       13.966561059658
           -22.0000    -41.0000       22.133747818178
           -21.0000    -41.0000       12.925093369547
           -20.0000    -41.0000       15.544756371659
           -19.0000    -41.0000       10.334757503828
           -18.0000    -41.0000       13.563189619095
           -17.0000    -41.0000       36.666532584124
           -16.0000    -41.0000       27.578898941441
           -15.0000    -41.0000       15.219390507526
           -14.0000    -41.0000       19.204530273401
           -13.0000    -41.0000       26.604486502083
           -12.0000    -41.0000       18.145495723662
           -11.0000    -41.0000       16.554457641724
           -10.0000    -41.0000       17.050562604071
            -9.0000    -41.0000        0.749611317935
            -8.0000    -41.0000       29.472414240670
            -7.0000    -41.0000        4.909528777433
            -6.0000    -41.0000       16.118608379655
            -5.0000    -41.0000      -10.332701300988
            -4.0000    -41.0000        8.503188558495
            -3.0000    -41.0000       11.759671649872
            -2.0000    -41.0000       16.014415026280
            -1.0000    -41.0000      -29.950946264184
            -0.0000    -41.0000      -40.594144401468
             1.0000    -41.0000      -44.622484061868
             2.0000    -41.0000       -8.145846681328
             3.0000    -41.0000      -20.926936241972
             4.0000    -41.0000        1.788936256166
             5.0000    -41.0000      -14.190574375835
             6.0000    -41.0000        0.673333682424
             7.0000    -41.0000       -5.290703699648
             8.0000    -41.0000        1.023536318601
             9.0000    -41.0000       15.700010173925
            10.0000    -41.0000       27.533710100777
            11.0000    -41.0000       28.161551731708
            12.0000    -41.0000       17.442053302119
            13.0000    -41.0000        9.377532152186
            14.0000    -41.0000       33.505008948271
            15.0000    -41.0000       27.547910652951
            16.0000    -41.0000        1.985913391495
            17.0000    -41.0000       20.127550245497
            18.0000    -41.0000       12.774223619147
            19.0000    -41.0000       13.077172346465
            20.0000    -41.0000       11.048828753281
            21.0000    -41.0000       12.265917783366
            22.0000    -41.0000       11.413162986049
            23.0000    -41.0000        4.757684047478
            24.0000    -41.0000       22.987458118375
            25.0000    -41.0000       26.025897116070
            26.0000    -41.0000       44.788948038251
            27.0000    -41.0000       25.231275522259
            28.0000    -41.0000       38.764878267439
            29.0000    -41.0000        8.752125943875
            30.0000    -41.0000       26.390538844194
            31.0000    -41.0000        6.332720092277
            32.0000    -41.0000        5.457544255349
            33.0000    -41.0000       -1.196805214046
            34.0000    -41.0000        2.697716998477
            35.0000    -41.0000       13.054004624511
            36.0000    -41.0000       11.271662637823
            37.0000    -41.0000       26.138947778252
            38.0000    -41.0000       36.011452516485
            39.0000    -41.0000       28.113982138942
            40.0000    -41.0000       25.820950325029
            41.0000    -41.0000       43.277436257027
            42.0000    -41.0000       38.965835069156
            43.0000    -41.0000       36.918222691383
            44.0000    -41.0000       53.775007773061
            45.0000    -41.0000       40.374919501315
            46.0000    -41.0000       43.427784610680
            47.0000    -41.0000       31.233595909969
            48.0000    -41.0000       45.381744172210
            49.0000    -41.0000       33.400254114441
            50.0000    -41.0000       35.025520178693
            51.0000    -41.0000       38.836780375492
            52.0000    -41.0000       43.055567837479
            53.0000    -41.0000       35.237753592853
            54.0000    -41.0000       17.937796427138
            55.0000    -41.0000       31.444713934495
           -95.0000    -42.0000       -2.531935767769
           -94.0000    -42.0000       -3.924299050837
           -93.0000    -42.0000       -1.781273752951
           -92.0000    -42.0000        3.836035471962
           -91.0000    -42.0000       -1.565666870009
           -90.0000    -42.0000        5.645028753336
           -89.0000    -42.0000       -0.555410614580
           -88.0000    -42.0000        2.516706158003
           -87.0000    -42.0000       15.044882223651
           -86.0000    -42.0000       11.776167953328
           -85.0000    -42.0000       15.268461016175
           -84.0000    -42.0000        8.951194413539
           -83.0000    -42.0000       11.232158832853
           -82.0000    -42.0000        2.931665987034
           -81.0000    -42.0000        8.766904519328
           -80.0000    -42.0000       11.380164954761
           -79.0000    -42.0000        9.735520940037
           -78.0000    -42.0000       12.939185967654
           -77.0000    -42.0000       19.806591536389
           -76.0000    -42.0000      -10.721576478604
           -75.0000    -42.0000      -23.453919582380
           -74.0000    -42.0000       37.337032953312
           -73.0000    -42.0000       11.859523831899
           -72.0000    -42.0000       57.881629443182
           -71.0000    -42.0000       46.274145700201
           -70.0000    -42.0000       41.230584897650
           -69.0000    -42.0000       43.532604715082
           -68.0000    -42.0000       54.928057832364
           -67.0000    -42.0000       25.524688206913
           -66.0000    -42.0000        6.159996228207
           -65.0000    -42.0000      -13.249246123724
           -64.0000    -42.0000        3.138805779903
           -63.0000    -42.0000        3.185565418567
           -62.0000    -42.0000       -6.407460227421
           -61.0000    -42.0000       10.473278113760
           -60.0000    -42.0000       10.553429229457
           -59.0000    -42.0000       43.721941837563
           -58.0000    -42.0000       37.497859574219
           -57.0000    -42.0000       -8.063991636851
           -56.0000    -42.0000      -31.813925359261
           -55.0000    -42.0000      -27.540229115826
           -54.0000    -42.0000       -6.186029305169
           -53.0000    -42.0000      -28.615505741488
           -52.0000    -42.0000      -11.478606637661
           -51.0000    -42.0000      -18.888265815317
           -50.0000    -42.0000       -8.183928655409
           -49.0000    -42.0000      -12.482051953325
           -48.0000    -42.0000      -12.632260676078
           -47.0000    -42.0000       -1.846708838441
           -46.0000    -42.0000       -8.457852149067
           -45.0000    -42.0000      -15.227953098561
           -44.0000    -42.0000      -24.484818889397
           -43.0000    -42.0000      -29.399947205997
           -42.0000    -42.0000      -30.102850943272
           -41.0000    -42.0000      -17.872847374138
           -40.0000    -42.0000      -32.835771079259
           -39.0000    -42.0000      -23.331088087644
           -38.0000    -42.0000      -21.503571619843
           -37.0000    -42.0000       -8.658819972130
           -36.0000    -42.0000      -20.532992957655
           -35.0000    -42.0000        1.820067173431
           -34.0000    -42.0000       -3.840819267962
           -33.0000    -42.0000      -14.705400669708
           -32.0000    -42.0000      -15.092794892495
           -31.0000    -42.0000        7.315072172181
           -30.0000    -42.0000       -1.765136413803
           -29.0000    -42.0000        8.059842212908
           -28.0000    -42.0000       -3.871759389885
           -27.0000    -42.0000       -2.197007011346
           -26.0000    -42.0000       18.689127743774
           -25.0000    -42.0000       13.582350892422
           -24.0000    -42.0000       20.223595998959
           -23.0000    -42.0000       16.407447717768
           -22.0000    -42.0000       15.357608411686
           -21.0000    -42.0000       23.424786663387
           -20.0000    -42.0000       25.326934319359
           -19.0000    -42.0000       26.171459808613
           -18.0000    -42.0000       14.846324466827
           -17.0000    -42.0000       31.076362012186
           -16.0000    -42.0000       22.229879209072
           -15.0000    -42.0000       31.735832723188
           -14.0000    -42.0000       10.727208305460
           -13.0000    -42.0000       17.212321494566
           -12.0000    -42.0000       14.439644574122
           -11.0000    -42.0000        9.361094403237
           -10.0000    -42.0000       13.443200438080
            -9.0000    -42.0000       19.331992437768
            -8.0000    -42.0000       18.225497142004
            -7.0000    -42.0000        4.598836712293
            -6.0000    -42.0000       18.130908615404
            -5.0000    -42.0000       10.071428588603
            -4.0000    -42.0000       19.783864092887
            -3.0000    -42.0000      -12.330798612886
            -2.0000    -42.0000       -0.624611358901
            -1.0000    -42.0000        5.422403582975
            -0.0000    -42.0000       75.934277819769
             1.0000    -42.0000       42.265097804562
             2.0000    -42.0000       39.144884446322
             3.0000    -42.0000      -13.940244648846
             4.0000    -42.0000       -2.146487417624
             5.0000    -42.0000        0.827425143373
             6.0000    -42.0000        0.580590792960
             7.0000    -42.0000        6.042653272265
             8.0000    -42.0000       10.498281966366
             9.0000    -42.0000       18.230306502480
            10.0000    -42.0000        3.357315574251
            11.0000    -42.0000        7.709175636212
            12.0000    -42.0000        7.967831188122
            13.0000    -42.0000       21.341634515854
            14.0000    -42.0000       16.312660747931
            15.0000    -42.0000       18.101119585866
            16.0000    -42.0000       24.117093437698
            17.0000    -42.0000        2.000171255665
            18.0000    -42.0000       15.559117188729
            19.0000    -42.0000        8.725727986527
            20.0000    -42.0000       14.476040250278
            21.0000    -42.0000        9.119260878402
            22.0000    -42.0000       15.562924194953
            23.0000    -42.0000       26.676453090158
            24.0000    -42.0000       34.698023591859
            25.0000    -42.0000       40.058116096652
            26.0000    -42.0000       43.319724476806
            27.0000    -42.0000       24.175798752549
            28.0000    -42.0000       25.140584147674
            29.0000    -42.0000       21.404704255179
            30.0000    -42.0000        4.918586599117
            31.0000    -42.0000       12.537524563961
            32.0000    -42.0000       12.201418300889
            33.0000    -42.0000        0.767463059159
            34.0000    -42.0000        6.347856541319
            35.0000    -42.0000       25.907650666042
            36.0000    -42.0000       26.793040736605
            37.0000    -42.0000       43.802572776319
            38.0000    -42.0000       26.842292285697
            39.0000    -42.0000       42.281644714342
            40.0000    -42.0000       30.858659452980
            41.0000    -42.0000       49.197963441473
            42.0000    -42.0000       46.509466220189
            43.0000    -42.0000       36.793108901705
            44.0000    -42.0000       42.630128252732
            45.0000    -42.0000       22.078223608695
            46.0000    -42.0000       28.167680408347
            47.0000    -42.0000       37.173790963779
            48.0000    -42.0000       31.393916622513
            49.0000    -42.0000       40.719591988793
            50.0000    -42.0000       30.787258639469
            51.0000    -42.0000       44.066696158731
            52.0000    -42.0000       21.270774887536
            53.0000    -42.0000       38.941134063462
            54.0000    -42.0000       40.455885835470
            55.0000    -42.0000       18.785847968072
           -95.0000    -43.0000       -0.393426823082
           -94.0000    -43.0000       -2.844038656445
           -93.0000    -43.0000        1.372966004189
           -92.0000    -43.0000       -6.003376237052
           -91.0000    -43.0000        6.157572223956
           -90.0000    -43.0000      -11.354527821848
           -89.0000    -43.0000       -3.590765108347
           -88.0000    -43.0000        4.117385955763
           -87.0000    -43.0000        3.392272357232
           -86.0000    -43.0000        0.308360878882
           -85.0000    -43.0000        0.858904200487
           -84.0000    -43.0000        1.096610684596
           -83.0000    -43.0000       10.079536261849
           -82.0000    -43.0000       -4.178918021373
           -81.0000    -43.0000       10.082289363368
           -80.0000    -43.0000        4.132633922527
           -79.0000    -43.0000       -1.739158792568
           -78.0000    -43.0000       15.119661230746
           -77.0000    -43.0000       14.812396174622
           -76.0000    -43.0000       -6.620521356486
           -75.0000    -43.0000      -26.331825444522
           -74.0000    -43.0000       24.735631605045
           -73.0000    -43.0000       16.078500139050
           -72.0000    -43.0000       68.008370947089
           -71.0000    -43.0000       27.959949117754
           -70.0000    -43.0000       33.499937993241
           -69.0000    -43.0000       40.268950709408
           -68.0000    -43.0000       32.198043165203
           -67.0000    -43.0000       10.860599922612
           -66.0000    -43.0000       -2.690453890229
           -65.0000    -43.0000        2.816777988624
           -64.0000    -43.0000        8.145904087554
           -63.0000    -43.0000       -3.091875998485
           -62.0000    -43.0000        1.599375092582
           -61.0000    -43.0000        9.844521931659
           -60.0000    -43.0000       34.072142492376
           -59.0000    -43.0000       -2.632490601267
           -58.0000    -43.0000      -23.056503338758
           -57.0000    -43.0000      -21.385951496326
           -56.0000    -43.0000      -19.109304998633
           -55.0000    -43.0000      -24.582889652435
           -54.0000    -43.0000      -20.355894852343
           -53.0000    -43.0000      -13.776261173389
           -52.0000    -43.0000      -18.886733187207
           -51.0000    -43.0000      -10.009951811102
           -50.0000    -43.0000      -15.419638667839
           -49.0000    -43.0000       -7.979851926216
           -48.0000    -43.0000       -5.778017709350
           -47.0000    -43.0000      -14.390444589408
           -46.0000    -43.0000       -5.534330799122
           -45.0000    -43.0000      -13.208171744444
           -44.0000    -43.0000      -15.350338926942
           -43.0000    -43.0000      -18.520953072384
           -42.0000    -43.0000      -24.219776441043
           -41.0000    -43.0000      -34.066659246783
           -40.0000    -43.0000      -29.819458798585
           -39.0000    -43.0000      -19.181358503958
           -38.0000    -43.0000      -24.732320795331
           -37.0000    -43.0000      -19.794936325756
           -36.0000    -43.0000      -21.651911085643
           -35.0000    -43.0000      -10.055961271511
           -34.0000    -43.0000      -19.568375912202
           -33.0000    -43.0000       -6.460835192128
           -32.0000    -43.0000       -1.920544389427
           -31.0000    -43.0000        5.514892313828
           -30.0000    -43.0000        2.801735721849
           -29.0000    -43.0000       -3.825787677852
           -28.0000    -43.0000        6.722802916517
           -27.0000    -43.0000        7.320021939446
           -26.0000    -43.0000        0.572988167089
           -25.0000    -43.0000        4.439296580801
           -24.0000    -43.0000       -1.143750406046
           -23.0000    -43.0000       10.175256422202
           -22.0000    -43.0000       16.794921199319
           -21.0000    -43.0000       23.555308002434
           -20.0000    -43.0000       10.764552039005
           -19.0000    -43.0000       34.453704286426
           -18.0000    -43.0000       27.998347291074
           -17.0000    -43.0000       27.627203791471
           -16.0000    -43.0000       37.721419149488
           -15.0000    -43.0000       11.404169138259
           -14.0000    -43.0000       30.540357831562
           -13.0000    -43.0000       16.363888365209
           -12.0000    -43.0000       14.028743266670
           -11.0000    -43.0000       14.788614640896
           -10.0000    -43.0000       10.666978786005
            -9.0000    -43.0000        5.290695973089
            -8.0000    -43.0000        9.640543940047
            -7.0000    -43.0000       16.412246890172
            -6.0000    -43.0000       -3.389847448957
            -5.0000    -43.0000       14.048410675771
            -4.0000    -43.0000        2.848574797766
            -3.0000    -43.0000       -0.920892491158
            -2.0000    -43.0000       11.278829728132
            -1.0000    -43.0000      -32.116693234535
            -0.0000    -43.0000      -43.010273365219
             1.0000    -43.0000      -20.459373826505
             2.0000    -43.0000       13.524779897483
             3.0000    -43.0000       15.964150346872
             4.0000    -43.0000        9.882701320503
             5.0000    -43.0000       14.353698750241
             6.0000    -43.0000        5.273042980920
             7.0000    -43.0000       21.966075473235
             8.0000    -43.0000       15.421792384901
             9.0000    -43.0000        9.023043595002
            10.0000    -43.0000       11.831802817735
            11.0000    -43.0000       30.081124762462
            12.0000    -43.0000       23.268817817095
            13.0000    -43.0000       22.466948961362
            14.0000    -43.0000        8.470319043654
            15.0000    -43.0000        9.711543783563
            16.0000    -43.0000       14.738094966994
            17.0000    -43.0000       16.504788776462
            18.0000    -43.0000        3.734559084971
            19.0000    -43.0000       10.428793229534
            20.0000    -43.0000       16.810413347694
            21.0000    -43.0000       12.125205170512
            22.0000    -43.0000       22.398519083307
            23.0000    -43.0000       16.737218163990
            24.0000    -43.0000       21.346457168294
            25.0000    -43.0000       15.556539585912
            26.0000    -43.0000       25.381704736161
            27.0000    -43.0000       12.795083483885
            28.0000    -43.0000       17.767088385932
            29.0000    -43.0000       12.112110715100
            30.0000    -43.0000       -9.248417090367
            31.0000    -43.0000        4.697647268773
            32.0000    -43.0000       -3.344224112047
            33.0000    -43.0000       13.260039790196
            34.0000    -43.0000       18.689121149127
            35.0000    -43.0000       35.264202584463
            36.0000    -43.0000       18.986933675461
            37.0000    -43.0000       36.750951459861
            38.0000    -43.0000       43.109287313150
            39.0000    -43.0000       33.470281059122
            40.0000    -43.0000       49.259347298478
            41.0000    -43.0000       54.406967745352
            42.0000    -43.0000       22.236909446413
            43.0000    -43.0000       22.497398250222
            44.0000    -43.0000       17.985659312392
            45.0000    -43.0000       47.325673516593
            46.0000    -43.0000       26.197333848782
            47.0000    -43.0000       23.223537680866
            48.0000    -43.0000       28.107690046072
            49.0000    -43.0000       50.900914963007
            50.0000    -43.0000       37.044593757864
            51.0000    -43.0000       29.979221389463
            52.0000    -43.0000       32.515293797731
            53.0000    -43.0000       50.526924233508
            54.0000    -43.0000       31.308853239682
            55.0000    -43.0000       32.131438872539
           -95.0000    -44.0000       -4.642491651333
           -94.0000    -44.0000       -5.215832117646
           -93.0000    -44.0000       -8.630886894116
           -92.0000    -44.0000       -1.877812472262
           -91.0000    -44.0000      -10.947782685636
           -90.0000    -44.0000        3.166313961875
           -89.0000    -44.0000       -3.696410345178
           -88.0000    -44.0000        0.977593387019
           -87.0000    -44.0000       -2.591504435567
           -86.0000    -44.0000       -1.085822326124
           -85.0000    -44.0000        3.398330216447
           -84.0000    -44.0000        1.882329094533
           -83.0000    -44.0000       11.709039138112
           -82.0000    -44.0000       19.379834543055
           -81.0000    -44.0000       10.290432849414
           -80.0000    -44.0000       22.028068449499
           -79.0000    -44.0000       10.935112215982
           -78.0000    -44.0000       13.962400698422
           -77.0000    -44.0000        0.767328134468
           -76.0000    -44.0000       -5.330505324965
           -75.0000    -44.0000       -2.041972547800
           -74.0000    -44.0000        1.757905529216
           -73.0000    -44.0000       20.418055378751
           -72.0000    -44.0000       52.964527255522
           -71.0000    -44.0000       42.924054285986
           -70.0000    -44.0000       43.421594368133
           -69.0000    -44.0000       31.449395631861
           -68.0000    -44.0000       19.666428128825
           -67.0000    -44.0000       16.395754493730
           -66.0000    -44.0000       15.944373512440
           -65.0000    -44.0000        6.193615640447
           -64.0000    -44.0000       -5.763327503896
           -63.0000    -44.0000       10.824046995335
           -62.0000    -44.0000        0.881094010050
           -61.0000    -44.0000       18.698068175669
           -60.0000    -44.0000       17.794333756222
           -59.0000    -44.0000      -16.425129268779
           -58.0000    -44.0000       20.058741499140
           -57.0000    -44.0000      -21.320370761096
           -56.0000    -44.0000      -25.076434401641
           -55.0000    -44.0000       -9.077012663085
           -54.0000    -44.0000       -6.597799660060
           -53.0000    -44.0000      -19.956213354300
           -52.0000    -44.0000      -15.397942439825
           -51.0000    -44.0000       -5.939241039529
           -50.0000    -44.0000      -10.440839248548
           -49.0000    -44.0000       -1.898029023904
           -48.0000    -44.0000       -0.400349970772
           -47.0000    -44.0000        2.481544175968
           -46.0000    -44.0000      -11.512963693480
           -45.0000    -44.0000       -7.813434632066
           -44.0000    -44.0000       -6.464961612551
           -43.0000    -44.0000      -17.746305563930
           -42.0000    -44.0000      -23.177099962737
           -41.0000    -44.0000      -29.854819067240
           -40.0000    -44.0000      -22.283436900473
           -39.0000    -44.0000      -27.942914704126
           -38.0000    -44.0000      -23.632493103762
           -37.0000    -44.0000      -30.148491237772
           -36.0000    -44.0000      -22.399117384901
           -35.0000    -44.0000      -26.701411133006
           -34.0000    -44.0000      -24.376566673000
           -33.0000    -44.0000      -14.833757738957
           -32.0000    -44.0000       -7.401219204739
           -31.0000    -44.0000      -11.939710259970
           -30.0000    -44.0000        0.928133655024
           -29.0000    -44.0000        3.269775431989
           -28.0000    -44.0000        8.523296824296
           -27.0000    -44.0000        3.381902326369
           -26.0000    -44.0000        9.983104453810
           -25.0000    -44.0000       -2.996056171672
           -24.0000    -44.0000       16.137230376187
           -23.0000    -44.0000       20.670792485004
           -22.0000    -44.0000        7.577360371329
           -21.0000    -44.0000       12.226431710279
           -20.0000    -44.0000       24.419757792338
           -19.0000    -44.0000       12.643463792069
           -18.0000    -44.0000       24.797710393602
           -17.0000    -44.0000       23.427622738287
           -16.0000    -44.0000       35.271153947504
           -15.0000    -44.0000       24.154592397826
           -14.0000    -44.0000       15.656501251027
           -13.0000    -44.0000       22.764376889525
           -12.0000    -44.0000       26.479776306837
           -11.0000    -44.0000       13.286967878000
           -10.0000    -44.0000       17.491605686120
            -9.0000    -44.0000       20.082060839099
            -8.0000    -44.0000       21.311106958112
            -7.0000    -44.0000        9.500269075638
            -6.0000    -44.0000        7.733338518048
            -5.0000    -44.0000       10.047718326417
            -4.0000    -44.0000       10.909576522068
            -3.0000    -44.0000        1.138039584015
            -2.0000    -44.0000       36.796619976022
            -1.0000    -44.0000       36.846365384432
            -0.0000    -44.0000        8.938361044760
             1.0000    -44.0000       14.624882554232
             2.0000    -44.0000       -7.971135258929
             3.0000    -44.0000      -15.403075600427
             4.0000    -44.0000      -10.063895244788
             5.0000    -44.0000      -12.422976781547
             6.0000    -44.0000       15.378790497797
             7.0000    -44.0000       20.719623441658
             8.0000    -44.0000       -6.300775499166
             9.0000    -44.0000        8.506130270087
            10.0000    -44.0000       25.271157906404
            11.0000    -44.0000       22.631009052615
            12.0000    -44.0000       14.573744726871
            13.0000    -44.0000       18.489949971027
            14.0000    -44.0000        5.346871730945
            15.0000    -44.0000        8.235878159279
            16.0000    -44.0000       14.276864438515
            17.0000    -44.0000        8.218371995254
            18.0000    -44.0000       22.085942088306
            19.0000    -44.0000       17.089634763033
            20.0000    -44.0000       20.253094330157
            21.0000    -44.0000       14.662523115196
            22.0000    -44.0000       20.416718834111
            23.0000    -44.0000       17.454614276724
            24.0000    -44.0000       15.648239953428
            25.0000    -44.0000       14.799228006557
            26.0000    -44.0000       18.074606566794
            27.0000    -44.0000        8.100116138082
            28.0000    -44.0000        9.982993116556
            29.0000    -44.0000        8.997387609669
            30.0000    -44.0000        9.025945424945
            31.0000    -44.0000       -2.611642625209
            32.0000    -44.0000       -9.302006818333
            33.0000    -44.0000       22.843108907419
            34.0000    -44.0000       28.080623047732
            35.0000    -44.0000       32.091891374622
            36.0000    -44.0000       44.707817856202
            37.0000    -44.0000       79.794217874474
            38.0000    -44.0000       43.672554022751
            39.0000    -44.0000       53.829716134934
            40.0000    -44.0000       51.990220745508
            41.0000    -44.0000       49.838292545901
            42.0000    -44.0000       30.284075824292
            43.0000    -44.0000       27.825361403163
            44.0000    -44.0000       42.050863134899
            45.0000    -44.0000       27.876096909586
            46.0000    -44.0000       25.640996748518
            47.0000    -44.0000       35.463052378667
            48.0000    -44.0000       30.964267338868
            49.0000    -44.0000       34.629667872894
            50.0000    -44.0000       27.942194256205
            51.0000    -44.0000       31.391204817502
            52.0000    -44.0000       32.904746698397
            53.0000    -44.0000       41.038317840800
            54.0000    -44.0000       37.073156026653
            55.0000    -44.0000       32.089141246434
           -95.0000    -45.0000        4.382642293762
           -94.0000    -45.0000        2.719045374965
           -93.0000    -45.0000        7.834322466498
           -92.0000    -45.0000        4.603222983210
           -91.0000    -45.0000        4.639087914324
           -90.0000    -45.0000        0.513288322318
           -89.0000    -45.0000        8.602627314895
           -88.0000    -45.0000        1.655981340470
           -87.0000    -45.0000       15.094663312818
           -86.0000    -45.0000       10.114247971220
           -85.0000    -45.0000       13.714245593298
           -84.0000    -45.0000        2.443755845652
           -83.0000    -45.0000        8.579937736893
           -82.0000    -45.0000        6.446478540221
           -81.0000    -45.0000       -1.275297247278
           -80.0000    -45.0000       -9.725476101387
           -79.0000    -45.0000        6.660609989598
           -78.0000    -45.0000       32.770176078343
           -77.0000    -45.0000       10.831921962413
           -76.0000    -45.0000      -13.926270379212
           -75.0000    -45.0000        2.091283711451
           -74.0000    -45.0000       41.280017366064
           -73.0000    -45.0000       38.574053462020
           -72.0000    -45.0000       56.381407417632
           -71.0000    -45.0000       41.694979604814
           -70.0000    -45.0000       15.358183967653
           -69.0000    -45.0000       24.297929741468
           -68.0000    -45.0000       27.222514393951
           -67.0000    -45.0000       17.294730590662
           -66.0000    -45.0000      -12.140187650629
           -65.0000    -45.0000        1.214844244704
           -64.0000    -45.0000        6.240098166314
           -63.0000    -45.0000       12.334922130520
           -62.0000    -45.0000        8.112854937566
           -61.0000    -45.0000       28.664081387478
           -60.0000    -45.0000       11.662757092547
           -59.0000    -45.0000      -32.673548306030
           -58.0000    -45.0000      -22.454841193084
           -57.0000    -45.0000      -31.117349391024
           -56.0000    -45.0000      -29.552884549292
           -55.0000    -45.0000      -17.439085462389
           -54.0000    -45.0000       -8.147625233050
           -53.0000    -45.0000       -9.115422167595
           -52.0000    -45.0000      -22.022184184032
           -51.0000    -45.0000      -20.952612322733
           -50.0000    -45.0000       -8.239006382363
           -49.0000    -45.0000      -12.261690447914
           -48.0000    -45.0000      -23.878898017974
           -47.0000    -45.0000      -19.129040477246
           -46.0000    -45.0000       -6.970213999006
           -45.0000    -45.0000        3.670916477504
           -44.0000    -45.0000      -14.507588634782
           -43.0000    -45.0000      -17.535818803584
           -42.0000    -45.0000      -15.902393284164
           -41.0000    -45.0000      -18.654991248758
           -40.0000    -45.0000      -20.534486715763
           -39.0000    -45.0000      -19.870048678389
           -38.0000    -45.0000      -15.523399718383
           -37.0000    -45.0000      -19.006322985389
           -36.0000    -45.0000      -24.478158649445
           -35.0000    -45.0000      -16.296199368447
           -34.0000    -45.0000       -6.626755700572
           -33.0000    -45.0000      -17.902946098782
           -32.0000    -45.0000      -18.645003247542
           -31.0000    -45.0000       -0.360527809255
           -30.0000    -45.0000       -5.524663256768
           -29.0000    -45.0000        2.643233422711
           -28.0000    -45.0000        4.228714374750
           -27.0000    -45.0000        1.582781037354
           -26.0000    -45.0000        5.046229392479
           -25.0000    -45.0000       22.557413533498
           -24.0000    -45.0000       12.255704264299
           -23.0000    -45.0000       15.493248204132
           -22.0000    -45.0000       18.486141522488
           -21.0000    -45.0000       25.462468610652
           -20.0000    -45.0000       20.754242523363
           -19.0000    -45.0000       24.721388031180
           -18.0000    -45.0000       12.025719658432
           -17.0000    -45.0000       19.374652603819
           -16.0000    -45.0000       33.116799098439
           -15.0000    -45.0000       20.415268984766
           -14.0000    -45.0000       30.910182422112
           -13.0000    -45.0000       13.138243299228
           -12.0000    -45.0000       23.971802123958
           -11.0000    -45.0000       11.910497145931
           -10.0000    -45.0000       13.545154545438
            -9.0000    -45.0000       20.489307028260
            -8.0000    -45.0000       13.824619972266
            -7.0000    -45.0000       19.899148810814
            -6.0000    -45.0000       28.427238717213
            -5.0000    -45.0000       29.828521734183
            -4.0000    -45.0000       18.916814910656
            -3.0000    -45.0000       14.961964374444
            -2.0000    -45.0000       -8.176710916988
            -1.0000    -45.0000      -12.755613422540
            -0.0000    -45.0000       -2.221246513083
             1.0000    -45.0000       -1.024880409448
             2.0000    -45.0000       10.850350684123
             3.0000    -45.0000       -0.667468112552
             4.0000    -45.0000       19.059713560233
             5.0000    -45.0000        1.802076797314
             6.0000    -45.0000       -4.901909758324
             7.0000    -45.0000        0.704749616082
             8.0000    -45.0000       10.516414357638
             9.0000    -45.0000       24.190731930810
            10.0000    -45.0000        2.755966638645
            11.0000    -45.0000       15.780709649119
            12.0000    -45.0000       -0.245578913927
            13.0000    -45.0000        5.907174768690
            14.0000    -45.0000        6.784343929093
            15.0000    -45.0000       10.362634437580
            16.0000    -45.0000       14.277292064451
            17.0000    -45.0000       23.739571562688
            18.0000    -45.0000       14.049462906648
            19.0000    -45.0000       31.151272287584
            20.0000    -45.0000       25.913034256966
            21.0000    -45.0000       17.684298325555
            22.0000    -45.0000       26.021281615837
            23.0000    -45.0000       26.180540645172
            24.0000    -45.0000       21.772582429758
            25.0000    -45.0000        9.839180742838
            26.0000    -45.0000        7.758440620608
            27.0000    -45.0000        7.342783213653
            28.0000    -45.0000        4.611548117631
            29.0000    -45.0000       -6.540858739932
            30.0000    -45.0000        4.404242203568
            31.0000    -45.0000        4.033389205992
            32.0000    -45.0000       29.261525400970
            33.0000    -45.0000       10.599467913378
            34.0000    -45.0000       42.100010445741
            35.0000    -45.0000       45.137433515887
            36.0000    -45.0000       75.859031995753
            37.0000    -45.0000       57.195461678201
            38.0000    -45.0000       64.072589677559
            39.0000    -45.0000       43.922740811767
            40.0000    -45.0000       53.216651216828
            41.0000    -45.0000       49.447747509211
            42.0000    -45.0000       43.785060242435
            43.0000    -45.0000       36.075656513861
            44.0000    -45.0000       37.286408817615
            45.0000    -45.0000       42.647862416273
            46.0000    -45.0000       45.184163071917
            47.0000    -45.0000       55.993976436769
            48.0000    -45.0000       32.644070040017
            49.0000    -45.0000        3.561546717238
            50.0000    -45.0000       24.744236965942
            51.0000    -45.0000       33.398618406382
            52.0000    -45.0000       27.968553818702
            53.0000    -45.0000       36.330681856860
            54.0000    -45.0000       44.916162255600
            55.0000    -45.0000       39.241158043146
           -95.0000    -46.0000       11.139596912957
           -94.0000    -46.0000        5.427100373711
           -93.0000    -46.0000       -1.412209341404
           -92.0000    -46.0000       -6.851389412747
           -91.0000    -46.0000        3.390227068875
           -90.0000    -46.0000       -8.618960202027
           -89.0000    -46.0000       10.905669569730
           -88.0000    -46.0000        0.781564492689
           -87.0000    -46.0000        0.442887618512
           -86.0000    -46.0000        5.019358906289
           -85.0000    -46.0000       -7.115136883868
           -84.0000    -46.0000       14.538309799299
           -83.0000    -46.0000        4.389418898401
           -82.0000    -46.0000       -1.491243852355
           -81.0000    -46.0000        8.109161041889
           -80.0000    -46.0000       20.357489295891
           -79.0000    -46.0000        2.779064953226
           -78.0000    -46.0000        8.081841378736
           -77.0000    -46.0000       17.147766648737
           -76.0000    -46.0000        4.898789485208
           -75.0000    -46.0000       24.765124865849
           -74.0000    -46.0000       46.785685840187
           -73.0000    -46.0000       40.568931848634
           -72.0000    -46.0000       42.863872728777
           -71.0000    -46.0000       17.346188859379
           -70.0000    -46.0000       19.471241485123
           -69.0000    -46.0000       14.896157116905
           -68.0000    -46.0000       18.458303848835
           -67.0000    -46.0000      -11.508048969625
           -66.0000    -46.0000       -7.310198814536
           -65.0000    -46.0000        2.211607135024
           -64.0000    -46.0000       -1.854436677859
           -63.0000    -46.0000       12.847358665692
           -62.0000    -46.0000       -3.185208537486
           -61.0000    -46.0000       10.338944429546
           -60.0000    -46.0000       14.222694604526
           -59.0000    -46.0000      -23.444710410499
           -58.0000    -46.0000       -0.333330402404
           -57.0000    -46.0000      -10.383867459373
           -56.0000    -46.0000      -34.401481634808
           -55.0000    -46.0000      -12.228953762057
           -54.0000    -46.0000      -18.694140026172
           -53.0000    -46.0000      -18.667757446138
           -52.0000    -46.0000      -25.460495658713
           -51.0000    -46.0000      -25.875387775238
           -50.0000    -46.0000      -33.469505868757
           -49.0000    -46.0000      -30.566275866691
           -48.0000    -46.0000      -24.397728249950
           -47.0000    -46.0000      -23.167064321509
           -46.0000    -46.0000      -20.224963836174
           -45.0000    -46.0000      -20.277245963777
           -44.0000    -46.0000      -17.893707657087
           -43.0000    -46.0000      -24.154117953558
           -42.0000    -46.0000      -30.893317345431
           -41.0000    -46.0000      -28.271486337452
           -40.0000    -46.0000      -23.877394297202
           -39.0000    -46.0000      -33.393905217553
           -38.0000    -46.0000      -22.656517846837
           -37.0000    -46.0000      -22.735168548383
           -36.0000    -46.0000      -15.443737264490
           -35.0000    -46.0000      -24.315539328792
           -34.0000    -46.0000      -24.875501923926
           -33.0000    -46.0000      -12.642873162802
           -32.0000    -46.0000      -17.914636347782
           -31.0000    -46.0000      -15.686556554967
           -30.0000    -46.0000        0.415860132637
           -29.0000    -46.0000        5.102637894867
           -28.0000    -46.0000       -7.391008106045
           -27.0000    -46.0000       10.831554891594
           -26.0000    -46.0000        1.790729670540
           -25.0000    -46.0000       11.864267875542
           -24.0000    -46.0000       -0.912188220105
           -23.0000    -46.0000        8.908448320139
           -22.0000    -46.0000       -1.072030944649
           -21.0000    -46.0000       18.123957500508
           -20.0000    -46.0000       10.682817469156
           -19.0000    -46.0000       18.877110904848
           -18.0000    -46.0000       26.446587435139
           -17.0000    -46.0000       19.509518539195
           -16.0000    -46.0000       26.318563626173
           -15.0000    -46.0000       35.008224542381
           -14.0000    -46.0000       36.616849639677
           -13.0000    -46.0000       24.245572376907
           -12.0000    -46.0000       21.844716306512
           -11.0000    -46.0000       23.497271260771
           -10.0000    -46.0000       20.844763435011
            -9.0000    -46.0000       -4.373643494319
            -8.0000    -46.0000       -3.211090144198
            -7.0000    -46.0000        8.409449261687
            -6.0000    -46.0000       -0.553621058140
            -5.0000    -46.0000       -1.950118014302
            -4.0000    -46.0000       -0.914676363966
            -3.0000    -46.0000        7.359567610793
            -2.0000    -46.0000        5.513526420673
            -1.0000    -46.0000       17.365569277315
            -0.0000    -46.0000       14.716165714852
             1.0000    -46.0000        0.360513933516
             2.0000    -46.0000       -5.814230912287
             3.0000    -46.0000       -7.078037273056
             4.0000    -46.0000        0.800165375265
             5.0000    -46.0000        2.750849547452
             6.0000    -46.0000       -0.322082024291
             7.0000    -46.0000        9.838268499644
             8.0000    -46.0000       -5.570195997695
             9.0000    -46.0000       11.109859043658
            10.0000    -46.0000       -1.691764143568
            11.0000    -46.0000        3.081937934755
            12.0000    -46.0000        7.586149669699
            13.0000    -46.0000       20.496736225914
            14.0000    -46.0000        5.513851806260
            15.0000    -46.0000       15.233588378337
            16.0000    -46.0000       10.195445773855
            17.0000    -46.0000        7.395437559733
            18.0000    -46.0000       26.779868262448
            19.0000    -46.0000       17.517272766573
            20.0000    -46.0000       25.661011440049
            21.0000    -46.0000       13.568482515333
            22.0000    -46.0000       20.336911505982
            23.0000    -46.0000        3.680249617616
            24.0000    -46.0000       19.317579410399
            25.0000    -46.0000       12.631038600830
            26.0000    -46.0000       13.506099941276
            27.0000    -46.0000        9.713573186108
            28.0000    -46.0000       -8.646638853860
            29.0000    -46.0000        7.660603323296
            30.0000    -46.0000       -4.373117716821
            31.0000    -46.0000       19.760328865701
            32.0000    -46.0000       29.301622745869
            33.0000    -46.0000       40.776636693425
            34.0000    -46.0000       65.796521384529
            35.0000    -46.0000       53.054111753925
            36.0000    -46.0000       55.295888169786
            37.0000    -46.0000       21.409556636855
            38.0000    -46.0000       45.063367806507
            39.0000    -46.0000       20.254965015019
            40.0000    -46.0000       40.489094670263
            41.0000    -46.0000       11.243944910351
            42.0000    -46.0000       68.279237351551
            43.0000    -46.0000       49.452355670569
            44.0000    -46.0000        3.105369410916
            45.0000    -46.0000       51.351135113990
            46.0000    -46.0000       57.247384735015
            47.0000    -46.0000       44.714622638711
            48.0000    -46.0000       -0.917369381005
            49.0000    -46.0000       75.614496985807
            50.0000    -46.0000      154.692879602999
            51.0000    -46.0000      111.103497916951
            52.0000    -46.0000       58.812321702418
            53.0000    -46.0000       37.130567031463
            54.0000    -46.0000       23.439350653191
            55.0000    -46.0000       36.573124428244
           -95.0000    -47.0000        3.942101849328
           -94.0000    -47.0000      -18.957388947929
           -93.0000    -47.0000        6.093770263590
           -92.0000    -47.0000      -11.274636121745
           -91.0000    -47.0000        4.495767407217
           -90.0000    -47.0000        6.956211818629
           -89.0000    -47.0000       -1.187335771522
           -88.0000    -47.0000       13.047787960957
           -87.0000    -47.0000       -5.462398310038
           -86.0000    -47.0000      -11.218958795050
           -85.0000    -47.0000        4.981633948712
           -84.0000    -47.0000       -7.291225850728
           -83.0000    -47.0000        7.322301770318
           -82.0000    -47.0000       13.766716336738
           -81.0000    -47.0000        6.713098794293
           -80.0000    -47.0000        7.343573584194
           -79.0000    -47.0000       13.191656021589
           -78.0000    -47.0000       27.292862030242
           -77.0000    -47.0000      -20.797703504750
           -76.0000    -47.0000      -12.536976535930
           -75.0000    -47.0000       31.252633827870
           -74.0000    -47.0000       34.805317498693
           -73.0000    -47.0000       46.874632555931
           -72.0000    -47.0000       33.266393257414
           -71.0000    -47.0000       26.490241082918
           -70.0000    -47.0000       38.543255243832
           -69.0000    -47.0000       34.681520043541
           -68.0000    -47.0000       12.977375817247
           -67.0000    -47.0000        4.734974997507
           -66.0000    -47.0000       -4.193884589791
           -65.0000    -47.0000        4.266617730299
           -64.0000    -47.0000        5.581371624698
           -63.0000    -47.0000        0.875071717379
           -62.0000    -47.0000       13.852614140388
           -61.0000    -47.0000       26.509932627672
           -60.0000    -47.0000        9.978591430891
           -59.0000    -47.0000       -0.188237988051
           -58.0000    -47.0000       -3.337627756901
           -57.0000    -47.0000        3.467705524782
           -56.0000    -47.0000      -21.962382088942
           -55.0000    -47.0000      -30.638009544016
           -54.0000    -47.0000      -29.256108481235
           -53.0000    -47.0000      -30.288734886797
           -52.0000    -47.0000      -28.439079863379
           -51.0000    -47.0000      -25.294398229588
           -50.0000    -47.0000      -28.362811360040
           -49.0000    -47.0000      -35.491843654346
           -48.0000    -47.0000      -24.856793312288
           -47.0000    -47.0000      -24.916082294739
           -46.0000    -47.0000      -40.215411280600
           -45.0000    -47.0000      -23.504393408088
           -44.0000    -47.0000       -6.420538924903
           -43.0000    -47.0000       -8.790361399852
           -42.0000    -47.0000      -22.651248377652
           -41.0000    -47.0000      -36.639020554906
           -40.0000    -47.0000      -20.711653830835
           -39.0000    -47.0000      -18.329987881933
           -38.0000    -47.0000      -32.663523269952
           -37.0000    -47.0000      -30.216930612755
           -36.0000    -47.0000      -36.080312472833
           -35.0000    -47.0000      -32.505353287296
           -34.0000    -47.0000      -16.824096725373
           -33.0000    -47.0000      -20.654565660715
           -32.0000    -47.0000       -4.579632231327
           -31.0000    -47.0000      -11.006307524507
           -30.0000    -47.0000       -5.527633597041
           -29.0000    -47.0000       -6.012751512964
           -28.0000    -47.0000        8.205146041474
           -27.0000    -47.0000       -2.132686796041
           -26.0000    -47.0000        1.506897556222
           -25.0000    -47.0000        3.633371215608
           -24.0000    -47.0000       -1.414293729895
           -23.0000    -47.0000       13.346815154080
           -22.0000    -47.0000       17.565619250301
           -21.0000    -47.0000       10.989649109577
           -20.0000    -47.0000       22.861694587835
           -19.0000    -47.0000       18.745107731796
           -18.0000    -47.0000       21.627670978118
           -17.0000    -47.0000       26.329222834422
           -16.0000    -47.0000       31.395382110928
           -15.0000    -47.0000       26.460470477897
           -14.0000    -47.0000       37.782353846313
           -13.0000    -47.0000       35.034873401477
           -12.0000    -47.0000       34.497944164972
           -11.0000    -47.0000       30.982421547855
           -10.0000    -47.0000       36.040861835435
            -9.0000    -47.0000       40.078751867957
            -8.0000    -47.0000       42.937070430174
            -7.0000    -47.0000       14.059976130570
            -6.0000    -47.0000       12.556899903527
            -5.0000    -47.0000       11.516587749182
            -4.0000    -47.0000        6.800637800074
            -3.0000    -47.0000        6.514263470425
            -2.0000    -47.0000        9.310949882659
            -1.0000    -47.0000       -3.077722134466
            -0.0000    -47.0000        7.498160019249
             1.0000    -47.0000       -1.149494907067
             2.0000    -47.0000        7.708911042409
             3.0000    -47.0000       -5.142530960743
             4.0000    -47.0000      -12.457321916173
             5.0000    -47.0000       -7.366897236808
             6.0000    -47.0000        8.635402114888
             7.0000    -47.0000       38.640052498026
             8.0000    -47.0000       28.171374401267
             9.0000    -47.0000        8.618694069324
            10.0000    -47.0000       13.976180693443
            11.0000    -47.0000       13.024347628423
            12.0000    -47.0000       -4.551956554327
            13.0000    -47.0000        4.916145822239
            14.0000    -47.0000        2.807115411075
            15.0000    -47.0000       -2.058732040554
            16.0000    -47.0000        8.272079908993
            17.0000    -47.0000       11.139194469083
            18.0000    -47.0000       18.045223768618
            19.0000    -47.0000       -4.228929696779
            20.0000    -47.0000       17.403913479575
            21.0000    -47.0000       11.459328213018
            22.0000    -47.0000       18.281976500714
            23.0000    -47.0000       14.414428191867
            24.0000    -47.0000        2.371566071764
            25.0000    -47.0000       13.672956812447
            26.0000    -47.0000       -1.107682540694
            27.0000    -47.0000       14.503755470716
            28.0000    -47.0000        8.986277271340
            29.0000    -47.0000        5.569026345875
            30.0000    -47.0000       20.944233379959
            31.0000    -47.0000       43.734736261181
            32.0000    -47.0000       33.300806360895
            33.0000    -47.0000       41.290958052306
            34.0000    -47.0000       52.876361313570
            35.0000    -47.0000       53.046641847282
            36.0000    -47.0000       30.025199792616
            37.0000    -47.0000       50.738224711726
            38.0000    -47.0000       60.233019412091
            39.0000    -47.0000       18.349875286791
            40.0000    -47.0000       44.225512008441
            41.0000    -47.0000       10.845649686013
            42.0000    -47.0000        0.538015430035
            43.0000    -47.0000       -9.654486901450
            44.0000    -47.0000       11.106604552507
            45.0000    -47.0000       34.312575167777
            46.0000    -47.0000       41.835549524460
            47.0000    -47.0000       57.539127576925
            48.0000    -47.0000        9.106169389411
            49.0000    -47.0000        9.978871967885
            50.0000    -47.0000       21.970051859803
            51.0000    -47.0000       50.477949409189
            52.0000    -47.0000       80.816357280735
            53.0000    -47.0000       45.509387818439
            54.0000    -47.0000       17.550103253801
            55.0000    -47.0000       53.494326347151
           -95.0000    -48.0000        2.590509784423
           -94.0000    -48.0000      -11.235707005599
           -93.0000    -48.0000        2.551510792939
           -92.0000    -48.0000        5.180343067212
           -91.0000    -48.0000       12.424944453238
           -90.0000    -48.0000        8.257348591705
           -89.0000    -48.0000       14.059216142939
           -88.0000    -48.0000      -21.603301083551
           -87.0000    -48.0000       10.179786934635
           -86.0000    -48.0000        7.255707429692
           -85.0000    -48.0000       -3.826886838298
           -84.0000    -48.0000       -4.343864652117
           -83.0000    -48.0000        5.687247098745
           -82.0000    -48.0000       -4.490428042044
           -81.0000    -48.0000        1.400445120756
           -80.0000    -48.0000        9.229592064152
           -79.0000    -48.0000        2.177746209775
           -78.0000    -48.0000       10.886743146796
           -77.0000    -48.0000      -38.039873606984
           -76.0000    -48.0000       16.996519906090
           -75.0000    -48.0000       50.135968697364
           -74.0000    -48.0000       22.022653075196
           -73.0000    -48.0000       39.522230786070
           -72.0000    -48.0000       41.578680502459
           -71.0000    -48.0000       24.125174226052
           -70.0000    -48.0000       34.942271495981
           -69.0000    -48.0000       41.663537154539
           -68.0000    -48.0000        3.472872955381
           -67.0000    -48.0000        2.232786838424
           -66.0000    -48.0000       -2.306240912924
           -65.0000    -48.0000       12.426541233261
           -64.0000    -48.0000        5.694931229621
           -63.0000    -48.0000        4.469465181872
           -62.0000    -48.0000       14.057981171208
           -61.0000    -48.0000       13.192774400802
           -60.0000    -48.0000       15.897488018707
           -59.0000    -48.0000        1.214028448329
           -58.0000    -48.0000       -2.442659584759
           -57.0000    -48.0000      -26.667882565228
           -56.0000    -48.0000      -12.099279022895
           -55.0000    -48.0000      -16.907448172016
           -54.0000    -48.0000      -20.501004803943
           -53.0000    -48.0000       -3.926435370433
           -52.0000    -48.0000      -10.743224203686
           -51.0000    -48.0000      -25.039975811567
           -50.0000    -48.0000      -19.055550169093
           -49.0000    -48.0000      -16.775028382252
           -48.0000    -48.0000      -26.243580373650
           -47.0000    -48.0000      -27.260433268240
           -46.0000    -48.0000      -20.902010205176
           -45.0000    -48.0000      -14.818303217573
           -44.0000    -48.0000      -23.657258962490
           -43.0000    -48.0000      -22.967002983926
           -42.0000    -48.0000      -20.569982511480
           -41.0000    -48.0000      -11.021589496326
           -40.0000    -48.0000      -12.537061628835
           -39.0000    -48.0000      -11.280826274375
           -38.0000    -48.0000       -9.929166165671
           -37.0000    -48.0000      -25.688983678284
           -36.0000    -48.0000      -19.090085459005
           -35.0000    -48.0000       -3.859636736301
           -34.0000    -48.0000      -12.011001617142
           -33.0000    -48.0000        2.953186066453
           -32.0000    -48.0000       -0.174838969753
           -31.0000    -48.0000        6.979110052497
           -30.0000    -48.0000       13.001839206732
           -29.0000    -48.0000       12.898576472494
           -28.0000    -48.0000        9.271517119139
           -27.0000    -48.0000        2.852646017188
           -26.0000    -48.0000       25.309536039842
           -25.0000    -48.0000        6.596070447629
           -24.0000    -48.0000       22.740267604718
           -23.0000    -48.0000        2.998740427670
           -22.0000    -48.0000       18.164393720813
           -21.0000    -48.0000       10.033703022377
           -20.0000    -48.0000       12.015387387913
           -19.0000    -48.0000        6.737894162399
           -18.0000    -48.0000       19.177824649647
           -17.0000    -48.0000       15.028429228568
           -16.0000    -48.0000       19.099120189851
           -15.0000    -48.0000       16.451433835348
           -14.0000    -48.0000       19.276798462414
           -13.0000    -48.0000       29.779366875920
           -12.0000    -48.0000       19.852806407202
           -11.0000    -48.0000       27.946787728429
           -10.0000    -48.0000       43.435592296533
            -9.0000    -48.0000       21.681363856192
            -8.0000    -48.0000       21.254318190559
            -7.0000    -48.0000       25.421863252241
            -6.0000    -48.0000       23.363890583281
            -5.0000    -48.0000        8.788710675737
            -4.0000    -48.0000       18.795885391056
            -3.0000    -48.0000        4.958663635844
            -2.0000    -48.0000        1.357871406413
            -1.0000    -48.0000        1.032100405586
            -0.0000    -48.0000       13.859592240004
             1.0000    -48.0000        6.258722211864
             2.0000    -48.0000       -0.802733804392
             3.0000    -48.0000       -4.600969257236
             4.0000    -48.0000       -2.041800435682
             5.0000    -48.0000        4.782162112273
             6.0000    -48.0000       -5.149349949227
             7.0000    -48.0000       -4.286323316034
             8.0000    -48.0000       19.566377079682
             9.0000    -48.0000       -7.067645611228
            10.0000    -48.0000       16.745652821366
            11.0000    -48.0000       12.022754684915
            12.0000    -48.0000        4.113086424519
            13.0000    -48.0000        7.828239069002
            14.0000    -48.0000       12.274713512934
            15.0000    -48.0000       12.364703353109
            16.0000    -48.0000       20.188827661559
            17.0000    -48.0000        7.422614118118
            18.0000    -48.0000        8.425752648000
            19.0000    -48.0000       34.189929284593
            20.0000    -48.0000       18.924513047721
            21.0000    -48.0000       20.110745519823
            22.0000    -48.0000        6.276955778074
            23.0000    -48.0000       13.687635586257
            24.0000    -48.0000        8.973978968134
            25.0000    -48.0000        0.313847162140
            26.0000    -48.0000        6.231785588290
            27.0000    -48.0000        7.767092390829
            28.0000    -48.0000       -1.331435418139
            29.0000    -48.0000       18.539357660898
            30.0000    -48.0000       46.014760094363
            31.0000    -48.0000       20.955175739323
            32.0000    -48.0000       27.390965579823
            33.0000    -48.0000       50.769298297152
            34.0000    -48.0000       39.873400286940
            35.0000    -48.0000       45.334814902467
            36.0000    -48.0000       38.500980404408
            37.0000    -48.0000       19.267597346193
            38.0000    -48.0000       14.292039973801
            39.0000    -48.0000        9.642715573974
            40.0000    -48.0000       30.418137035564
            41.0000    -48.0000       35.805424518128
            42.0000    -48.0000       33.718913601468
            43.0000    -48.0000       16.454965022540
            44.0000    -48.0000       20.769830689897
            45.0000    -48.0000       18.817588022190
            46.0000    -48.0000       37.795837493097
            47.0000    -48.0000       39.324540983456
            48.0000    -48.0000       25.344382514543
            49.0000    -48.0000       16.490266249047
            50.0000    -48.0000       25.890250733479
            51.0000    -48.0000       30.104422951662
            52.0000    -48.0000       14.481622191127
            53.0000    -48.0000       33.873055098917
            54.0000    -48.0000       45.319746483748
            55.0000    -48.0000       37.728658885564
           -95.0000    -49.0000       -3.790357178240
           -94.0000    -49.0000       -8.025750604542
           -93.0000    -49.0000        0.543274107911
           -92.0000    -49.0000      -10.519003255868
           -91.0000    -49.0000        4.103700315435
           -90.0000    -49.0000       -7.069857315127
           -89.0000    -49.0000       -2.502626852016
           -88.0000    -49.0000        8.913696620638
           -87.0000    -49.0000      -10.523552284923
           -86.0000    -49.0000       -3.940887070458
           -85.0000    -49.0000       12.513188680596
           -84.0000    -49.0000       12.824708506587
           -83.0000    -49.0000        0.979848303478
           -82.0000    -49.0000       -6.130579055549
           -81.0000    -49.0000        2.643503626268
           -80.0000    -49.0000       -2.997959544315
           -79.0000    -49.0000       -3.608776803755
           -78.0000    -49.0000      -17.419041569899
           -77.0000    -49.0000      -64.523983153680
           -76.0000    -49.0000       12.167994115462
           -75.0000    -49.0000       81.221592068377
           -74.0000    -49.0000       23.980819362796
           -73.0000    -49.0000       41.676275333993
           -72.0000    -49.0000       47.546969938154
           -71.0000    -49.0000       18.995846567748
           -70.0000    -49.0000        6.933860775170
           -69.0000    -49.0000        5.013548641740
           -68.0000    -49.0000       10.420400677306
           -67.0000    -49.0000        0.251266193957
           -66.0000    -49.0000       -1.291014532485
           -65.0000    -49.0000      -20.113088027666
           -64.0000    -49.0000        5.593960539569
           -63.0000    -49.0000       11.705409234926
           -62.0000    -49.0000        4.528650853825
           -61.0000    -49.0000        8.127558936806
           -60.0000    -49.0000       13.742239774629
           -59.0000    -49.0000       14.740470024365
           -58.0000    -49.0000       15.452020526193
           -57.0000    -49.0000       29.870603807982
           -56.0000    -49.0000       18.774191849997
           -55.0000    -49.0000        5.561489752517
           -54.0000    -49.0000       -6.781398641483
           -53.0000    -49.0000      -52.271847766603
           -52.0000    -49.0000      -37.971913047140
           -51.0000    -49.0000      -32.819946743903
           -50.0000    -49.0000      -20.438015908948
           -49.0000    -49.0000      -30.265696341843
           -48.0000    -49.0000      -21.691884429666
           -47.0000    -49.0000      -18.539154677196
           -46.0000    -49.0000      -21.082497153171
           -45.0000    -49.0000      -26.175496955093
           -44.0000    -49.0000       -4.897874211179
           -43.0000    -49.0000       -6.729928254308
           -42.0000    -49.0000      -14.079834040432
           -41.0000    -49.0000       -1.274896821197
           -40.0000    -49.0000      -15.791195027537
           -39.0000    -49.0000      -21.047090222626
           -38.0000    -49.0000      -19.053205785095
           -37.0000    -49.0000       18.186641759002
           -36.0000    -49.0000       -0.197123748743
           -35.0000    -49.0000      -12.231226195939
           -34.0000    -49.0000       -9.483969825631
           -33.0000    -49.0000      -22.753222463165
           -32.0000    -49.0000      -19.791081558266
           -31.0000    -49.0000      -39.095817200161
           -30.0000    -49.0000      -55.810690707592
           -29.0000    -49.0000      -24.911900700353
           -28.0000    -49.0000        1.725374586961
           -27.0000    -49.0000       -4.162855867988
           -26.0000    -49.0000      -12.766104882458
           -25.0000    -49.0000        5.440535459494
           -24.0000    -49.0000       -0.166957802335
           -23.0000    -49.0000        3.201143532465
           -22.0000    -49.0000       12.179926212442
           -21.0000    -49.0000        3.538659739844
           -20.0000    -49.0000       17.789919334660
           -19.0000    -49.0000       10.147615656645
           -18.0000    -49.0000       13.540422778691
           -17.0000    -49.0000       14.209382401071
           -16.0000    -49.0000       21.639974122793
           -15.0000    -49.0000       12.013205407640
           -14.0000    -49.0000       20.457527022405
           -13.0000    -49.0000       16.367172344349
           -12.0000    -49.0000       31.161597229037
           -11.0000    -49.0000       22.865736614215
           -10.0000    -49.0000       23.570456281464
            -9.0000    -49.0000       19.940893830537
            -8.0000    -49.0000       19.689043255971
            -7.0000    -49.0000       11.202849663608
            -6.0000    -49.0000       15.357853865295
            -5.0000    -49.0000       17.934424328818
            -4.0000    -49.0000        2.886800213338
            -3.0000    -49.0000        8.422082266980
            -2.0000    -49.0000       18.044715880889
            -1.0000    -49.0000       13.777435385927
            -0.0000    -49.0000       -0.538730404115
             1.0000    -49.0000       -2.294840679065
             2.0000    -49.0000        1.430716833726
             3.0000    -49.0000        7.641587601867
             4.0000    -49.0000       13.380356654241
             5.0000    -49.0000       22.390189248736
             6.0000    -49.0000       20.307343431134
             7.0000    -49.0000        8.797994695609
             8.0000    -49.0000       16.862856784202
             9.0000    -49.0000      -21.820347611593
            10.0000    -49.0000        0.579459639560
            11.0000    -49.0000        5.890131784287
            12.0000    -49.0000        5.450765873766
            13.0000    -49.0000       13.220622194649
            14.0000    -49.0000       15.150340175438
            15.0000    -49.0000        4.321918039544
            16.0000    -49.0000        2.217016343976
            17.0000    -49.0000       20.684070005312
            18.0000    -49.0000        9.654809455113
            19.0000    -49.0000       24.682582644471
            20.0000    -49.0000       13.130982212584
            21.0000    -49.0000       19.111302807130
            22.0000    -49.0000        9.254695066305
            23.0000    -49.0000       11.797845198165
            24.0000    -49.0000       20.572826388342
            25.0000    -49.0000       16.794840245891
            26.0000    -49.0000       11.437676263479
            27.0000    -49.0000       13.204477205994
            28.0000    -49.0000       20.101779038815
            29.0000    -49.0000       23.444700924162
            30.0000    -49.0000       18.446234788274
            31.0000    -49.0000       17.911847577951
            32.0000    -49.0000       54.817188492727
            33.0000    -49.0000       37.922340646814
            34.0000    -49.0000       25.346370007483
            35.0000    -49.0000       26.645463421140
            36.0000    -49.0000       26.740122384474
            37.0000    -49.0000       27.525091937400
            38.0000    -49.0000        3.473053905033
            39.0000    -49.0000       10.589906451247
            40.0000    -49.0000       28.157989793780
            41.0000    -49.0000       22.686546177713
            42.0000    -49.0000       32.063263348690
            43.0000    -49.0000       31.849918685270
            44.0000    -49.0000       26.996339342845
            45.0000    -49.0000       12.778927645053
            46.0000    -49.0000       21.107128643677
            47.0000    -49.0000       23.420672287851
            48.0000    -49.0000       26.843935041786
            49.0000    -49.0000       31.254699833512
            50.0000    -49.0000       26.734707837503
            51.0000    -49.0000       35.392371924203
            52.0000    -49.0000       27.036790039828
            53.0000    -49.0000       36.791824614120
            54.0000    -49.0000       22.888097541624
            55.0000    -49.0000       23.502605008216
           -95.0000    -50.0000       -2.695862697817
           -94.0000    -50.0000       -9.584028811355
           -93.0000    -50.0000       -5.361061366681
           -92.0000    -50.0000      -11.808008957742
           -91.0000    -50.0000       -5.375900719834
           -90.0000    -50.0000        3.773964622614
           -89.0000    -50.0000       -9.364128958030
           -88.0000    -50.0000        3.228730942322
           -87.0000    -50.0000       -1.986304222452
           -86.0000    -50.0000       19.026330203823
           -85.0000    -50.0000       -7.276215143837
           -84.0000    -50.0000       -5.880173949189
           -83.0000    -50.0000       13.439511679903
           -82.0000    -50.0000       13.537508134979
           -81.0000    -50.0000        5.283433166285
           -80.0000    -50.0000        5.594677261948
           -79.0000    -50.0000       13.246281198971
           -78.0000    -50.0000      -10.061802579070
           -77.0000    -50.0000      -36.964544073101
           -76.0000    -50.0000       17.348780717829
           -75.0000    -50.0000       68.858625215314
           -74.0000    -50.0000       27.259139447285
           -73.0000    -50.0000       38.884855065853
           -72.0000    -50.0000       12.747069368144
           -71.0000    -50.0000       11.511333758913
           -70.0000    -50.0000        6.197630405706
           -69.0000    -50.0000      -19.827837776689
           -68.0000    -50.0000       -2.553251323203
           -67.0000    -50.0000       -9.298643015858
           -66.0000    -50.0000       -4.611669178002
           -65.0000    -50.0000        2.765405472622
           -64.0000    -50.0000        5.381276034606
           -63.0000    -50.0000       18.132679308321
           -62.0000    -50.0000       22.010155278681
           -61.0000    -50.0000       34.690742179199
           -60.0000    -50.0000       24.900385334511
           -59.0000    -50.0000       22.850952329134
           -58.0000    -50.0000       17.739415072836
           -57.0000    -50.0000       14.334099750087
           -56.0000    -50.0000        6.294755005208
           -55.0000    -50.0000        8.794863085028
           -54.0000    -50.0000        1.883350638206
           -53.0000    -50.0000      -11.199056550117
           -52.0000    -50.0000       -9.794754788305
           -51.0000    -50.0000       -9.055661514725
           -50.0000    -50.0000       -0.738173137146
           -49.0000    -50.0000       -5.893611235963
           -48.0000    -50.0000       -0.185947247436
           -47.0000    -50.0000      -21.434611383323
           -46.0000    -50.0000      -13.394261677541
           -45.0000    -50.0000       -5.145948107553
           -44.0000    -50.0000        5.867031871737
           -43.0000    -50.0000       31.916960822825
           -42.0000    -50.0000       45.848640572729
           -41.0000    -50.0000       14.983073381804
           -40.0000    -50.0000      -15.792270125448
           -39.0000    -50.0000      -19.954830068873
           -38.0000    -50.0000      -23.222456741518
           -37.0000    -50.0000      -32.803425466730
           -36.0000    -50.0000       -6.256797264889
           -35.0000    -50.0000        2.039491723303
           -34.0000    -50.0000       -9.702735692253
           -33.0000    -50.0000       -9.499283540315
           -32.0000    -50.0000        2.396480143002
           -31.0000    -50.0000       15.410861048876
           -30.0000    -50.0000       27.078719272541
           -29.0000    -50.0000       -1.296612875478
           -28.0000    -50.0000       -8.143272660343
           -27.0000    -50.0000       14.861916744245
           -26.0000    -50.0000        7.453031612482
           -25.0000    -50.0000        1.362563008712
           -24.0000    -50.0000        9.518199559364
           -23.0000    -50.0000       12.375565130660
           -22.0000    -50.0000       28.007108548461
           -21.0000    -50.0000       19.285296982335
           -20.0000    -50.0000       15.103093380488
           -19.0000    -50.0000       17.077684402010
           -18.0000    -50.0000       15.712647359211
           -17.0000    -50.0000       11.450509372570
           -16.0000    -50.0000        6.307369797043
           -15.0000    -50.0000       22.770007253750
           -14.0000    -50.0000       33.130549340794
           -13.0000    -50.0000       12.644053089929
           -12.0000    -50.0000       20.298080562468
           -11.0000    -50.0000       21.435500274172
           -10.0000    -50.0000       31.012072505029
            -9.0000    -50.0000       21.196161622237
            -8.0000    -50.0000       21.958456701655
            -7.0000    -50.0000       24.671388051196
            -6.0000    -50.0000       13.364725033894
            -5.0000    -50.0000        5.689520947444
            -4.0000    -50.0000       19.633976622807
            -3.0000    -50.0000       25.097481362757
            -2.0000    -50.0000        4.546833442576
            -1.0000    -50.0000       14.984696471474
            -0.0000    -50.0000        9.872215864781
             1.0000    -50.0000        9.418156508374
             2.0000    -50.0000       14.320560549848
             3.0000    -50.0000        4.898558844585
             4.0000    -50.0000       15.331936175935
             5.0000    -50.0000       -6.379395061510
             6.0000    -50.0000        5.616484594942
             7.0000    -50.0000       12.932322687547
             8.0000    -50.0000       -1.128947294741
             9.0000    -50.0000      -13.463855160429
            10.0000    -50.0000        5.584220689914
            11.0000    -50.0000       15.598621253878
            12.0000    -50.0000       -8.027901365036
            13.0000    -50.0000       -6.199701634168
            14.0000    -50.0000       -0.622210753090
            15.0000    -50.0000       13.538612754172
            16.0000    -50.0000       16.439580129312
            17.0000    -50.0000       16.768834413327
            18.0000    -50.0000        9.046237910097
            19.0000    -50.0000       10.031201471459
            20.0000    -50.0000       13.714958162137
            21.0000    -50.0000       17.039803536297
            22.0000    -50.0000       19.788304818066
            23.0000    -50.0000       29.448238702408
            24.0000    -50.0000       22.530006485510
            25.0000    -50.0000       17.090651178019
            26.0000    -50.0000       12.680174020049
            27.0000    -50.0000       23.771399010193
            28.0000    -50.0000       41.980425967465
            29.0000    -50.0000       34.094116903326
            30.0000    -50.0000       10.904105765094
            31.0000    -50.0000       30.187598882834
            32.0000    -50.0000       37.789928846414
            33.0000    -50.0000        3.146573579530
            34.0000    -50.0000       26.318247867599
            35.0000    -50.0000        5.267123295795
            36.0000    -50.0000       10.338082329441
            37.0000    -50.0000       18.939929117114
            38.0000    -50.0000       19.827048592912
            39.0000    -50.0000       38.925094247544
            40.0000    -50.0000       26.065604482295
            41.0000    -50.0000       35.331100553533
            42.0000    -50.0000       29.782100944740
            43.0000    -50.0000       11.636999812507
            44.0000    -50.0000        7.328575828440
            45.0000    -50.0000       17.111607056954
            46.0000    -50.0000       39.753937239199
            47.0000    -50.0000       35.463906564293
            48.0000    -50.0000       30.373919904026
            49.0000    -50.0000       45.539199439354
            50.0000    -50.0000       28.102816598232
            51.0000    -50.0000       39.765788544452
            52.0000    -50.0000       27.966329392456
            53.0000    -50.0000       33.476826744961
            54.0000    -50.0000       33.971414992533
            55.0000    -50.0000       35.479564259878
           -95.0000    -51.0000       -8.075685352630
           -94.0000    -51.0000       -5.760620418270
           -93.0000    -51.0000       -7.786707280017
           -92.0000    -51.0000       -4.052757194054
           -91.0000    -51.0000       -9.868922050142
           -90.0000    -51.0000        6.370908470269
           -89.0000    -51.0000        8.504802951746
           -88.0000    -51.0000        6.837759310272
           -87.0000    -51.0000       -2.664718116178
           -86.0000    -51.0000       -5.150526257901
           -85.0000    -51.0000       -3.099242226339
           -84.0000    -51.0000       -1.464031923690
           -83.0000    -51.0000       -5.903124824841
           -82.0000    -51.0000       -4.056753219101
           -81.0000    -51.0000       15.917773994985
           -80.0000    -51.0000       14.610836393900
           -79.0000    -51.0000       19.574707575031
           -78.0000    -51.0000        2.913581435908
           -77.0000    -51.0000      -46.147994363820
           -76.0000    -51.0000       12.881303943952
           -75.0000    -51.0000       70.663300391688
           -74.0000    -51.0000       34.490037714312
           -73.0000    -51.0000       38.643761151244
           -72.0000    -51.0000       27.734376158010
           -71.0000    -51.0000       -7.550352677289
           -70.0000    -51.0000      -13.806353618506
           -69.0000    -51.0000        0.685248536311
           -68.0000    -51.0000        2.589563857442
           -67.0000    -51.0000      -10.617693276505
           -66.0000    -51.0000        3.124177040456
           -65.0000    -51.0000       19.865167598220
           -64.0000    -51.0000       30.025809552939
           -63.0000    -51.0000       24.519014706362
           -62.0000    -51.0000      -20.836822679994
           -61.0000    -51.0000       -7.358973730780
           -60.0000    -51.0000       28.471062626520
           -59.0000    -51.0000       32.786090517555
           -58.0000    -51.0000       40.259802371517
           -57.0000    -51.0000       28.407162356441
           -56.0000    -51.0000       20.851797377279
           -55.0000    -51.0000        8.422094780776
           -54.0000    -51.0000       42.930539344668
           -53.0000    -51.0000       38.461444716505
           -52.0000    -51.0000       19.807464450283
           -51.0000    -51.0000       15.462424325640
           -50.0000    -51.0000       -1.646886171238
           -49.0000    -51.0000        7.961308608215
           -48.0000    -51.0000        7.385608973819
           -47.0000    -51.0000       16.446271367524
           -46.0000    -51.0000       10.063706954629
           -45.0000    -51.0000       15.684248793043
           -44.0000    -51.0000       36.826506410871
           -43.0000    -51.0000       52.231422897330
           -42.0000    -51.0000       27.605587842409
           -41.0000    -51.0000        6.377775215286
           -40.0000    -51.0000       15.891809012330
           -39.0000    -51.0000       11.405172991297
           -38.0000    -51.0000       -7.802308604868
           -37.0000    -51.0000        5.595197361664
           -36.0000    -51.0000       -2.159143380504
           -35.0000    -51.0000      -20.546910801649
           -34.0000    -51.0000       17.721782013052
           -33.0000    -51.0000       -7.182994634777
           -32.0000    -51.0000        1.593662698655
           -31.0000    -51.0000       -0.262165490707
           -30.0000    -51.0000        3.879837216063
           -29.0000    -51.0000        1.814840342276
           -28.0000    -51.0000        7.520705067596
           -27.0000    -51.0000       12.192353477132
           -26.0000    -51.0000       22.780853035383
           -25.0000    -51.0000       19.545633196661
           -24.0000    -51.0000        3.084263196975
           -23.0000    -51.0000        4.410692933476
           -22.0000    -51.0000        1.863260449701
           -21.0000    -51.0000        4.241019999680
           -20.0000    -51.0000       12.475308212216
           -19.0000    -51.0000        6.877687818348
           -18.0000    -51.0000        9.147840838192
           -17.0000    -51.0000       12.246247142360
           -16.0000    -51.0000       27.809318093689
           -15.0000    -51.0000       18.631208281510
           -14.0000    -51.0000       17.741204516656
           -13.0000    -51.0000       31.993183668634
           -12.0000    -51.0000       28.828050016768
           -11.0000    -51.0000       18.935229518420
           -10.0000    -51.0000       23.357999030561
            -9.0000    -51.0000       18.437711016277
            -8.0000    -51.0000       32.342162095215
            -7.0000    -51.0000       17.374931389647
            -6.0000    -51.0000       34.717184854571
            -5.0000    -51.0000       36.568161588244
            -4.0000    -51.0000       19.855288839498
            -3.0000    -51.0000       17.734706476136
            -2.0000    -51.0000       17.093678253833
            -1.0000    -51.0000       19.110609705244
            -0.0000    -51.0000       12.641284787463
             1.0000    -51.0000       17.315875807969
             2.0000    -51.0000        4.531411404869
             3.0000    -51.0000       10.270620947308
             4.0000    -51.0000        5.533597959760
             5.0000    -51.0000        0.972550492315
             6.0000    -51.0000        1.937983441819
             7.0000    -51.0000       -3.542156893655
             8.0000    -51.0000       19.604813895143
             9.0000    -51.0000        7.600914779560
            10.0000    -51.0000       -1.735968720090
            11.0000    -51.0000       15.513262457883
            12.0000    -51.0000       -9.950485163600
            13.0000    -51.0000       24.999071238553
            14.0000    -51.0000       42.424517728189
            15.0000    -51.0000       17.256174308614
            16.0000    -51.0000       29.203713697023
            17.0000    -51.0000        5.630700118057
            18.0000    -51.0000       17.593869141615
            19.0000    -51.0000       20.848146156096
            20.0000    -51.0000       20.648914995216
            21.0000    -51.0000       20.591778122590
            22.0000    -51.0000        1.919446947352
            23.0000    -51.0000       30.957431494213
            24.0000    -51.0000        7.314789824533
            25.0000    -51.0000       21.511002500296
            26.0000    -51.0000       39.919294872372
            27.0000    -51.0000       29.900629825708
            28.0000    -51.0000       29.870167359915
            29.0000    -51.0000      -30.010760723026
            30.0000    -51.0000       24.824643222570
            31.0000    -51.0000       50.086055731479
            32.0000    -51.0000       20.566942940561
            33.0000    -51.0000       23.025397820389
            34.0000    -51.0000       16.657124827394
            35.0000    -51.0000       14.579920380446
            36.0000    -51.0000       30.150902265160
            37.0000    -51.0000       37.016878700613
            38.0000    -51.0000       27.231140256746
            39.0000    -51.0000       48.344955611214
            40.0000    -51.0000       53.630280144691
            41.0000    -51.0000       37.843992459294
            42.0000    -51.0000       28.955983920170
            43.0000    -51.0000       48.390117767678
            44.0000    -51.0000       38.526399127893
            45.0000    -51.0000       50.229262438538
            46.0000    -51.0000       22.977443686981
            47.0000    -51.0000       30.434513845333
            48.0000    -51.0000       35.197004488782
            49.0000    -51.0000       20.025522898771
            50.0000    -51.0000       25.715492777096
            51.0000    -51.0000       33.497925755574
            52.0000    -51.0000       40.615364242156
            53.0000    -51.0000       45.582825878789
            54.0000    -51.0000       32.447361853686
            55.0000    -51.0000       30.012903410576
           -95.0000    -52.0000      -10.816169250803
           -94.0000    -52.0000       -5.029032926079
           -93.0000    -52.0000       -8.615251170359
           -92.0000    -52.0000       -7.038596777926
           -91.0000    -52.0000       -4.522610125208
           -90.0000    -52.0000       -0.350122250826
           -89.0000    -52.0000      -20.348195124143
           -88.0000    -52.0000      -11.600317139681
           -87.0000    -52.0000        2.610391154153
           -86.0000    -52.0000      -10.854055128650
           -85.0000    -52.0000        4.930852377109
           -84.0000    -52.0000        0.763594522592
           -83.0000    -52.0000        5.655984464078
           -82.0000    -52.0000       -4.884093916817
           -81.0000    -52.0000       -2.651350644855
           -80.0000    -52.0000        5.931134546820
           -79.0000    -52.0000       11.973763134746
           -78.0000    -52.0000       16.401026562281
           -77.0000    -52.0000      -45.228053000655
           -76.0000    -52.0000       -5.339483945200
           -75.0000    -52.0000       78.516342180795
           -74.0000    -52.0000       30.720598265626
           -73.0000    -52.0000       21.106043496848
           -72.0000    -52.0000       19.263978934063
           -71.0000    -52.0000      -14.324016306842
           -70.0000    -52.0000       -5.117657021608
           -69.0000    -52.0000       -0.515081977312
           -68.0000    -52.0000        6.375502249926
           -67.0000    -52.0000       -3.291204856514
           -66.0000    -52.0000        3.687487786675
           -65.0000    -52.0000        9.342069472670
           -64.0000    -52.0000       20.340122961391
           -63.0000    -52.0000       35.705031185744
           -62.0000    -52.0000       48.186530909006
           -61.0000    -52.0000       42.625579672892
           -60.0000    -52.0000       10.105377212856
           -59.0000    -52.0000        6.446630859499
           -58.0000    -52.0000       15.498851481429
           -57.0000    -52.0000       23.263677911642
           -56.0000    -52.0000       40.929396601709
           -55.0000    -52.0000       16.317339403096
           -54.0000    -52.0000       24.183658208375
           -53.0000    -52.0000       -0.917307542362
           -52.0000    -52.0000        1.144828767499
           -51.0000    -52.0000       -1.493938778518
           -50.0000    -52.0000       -9.358001951178
           -49.0000    -52.0000        8.398209832554
           -48.0000    -52.0000      -10.099113023045
           -47.0000    -52.0000      -26.966720731998
           -46.0000    -52.0000      -32.009333430932
           -45.0000    -52.0000       -2.807919063939
           -44.0000    -52.0000      -17.477885478563
           -43.0000    -52.0000      -15.665632064642
           -42.0000    -52.0000      -13.087616779134
           -41.0000    -52.0000      -18.971594184168
           -40.0000    -52.0000       -3.451883569575
           -39.0000    -52.0000       -0.686321590265
           -38.0000    -52.0000       17.131763697477
           -37.0000    -52.0000       50.443414194362
           -36.0000    -52.0000       19.918671304238
           -35.0000    -52.0000      -20.000578925805
           -34.0000    -52.0000       27.796866048643
           -33.0000    -52.0000       53.721262498096
           -32.0000    -52.0000       37.835812037037
           -31.0000    -52.0000       27.572068724301
           -30.0000    -52.0000       39.432033938416
           -29.0000    -52.0000       18.423579698351
           -28.0000    -52.0000      -11.637832254771
           -27.0000    -52.0000        2.303735364445
           -26.0000    -52.0000       30.065510272306
           -25.0000    -52.0000       11.592898380983
           -24.0000    -52.0000       16.923348211599
           -23.0000    -52.0000       15.479548332326
           -22.0000    -52.0000        1.093804385040
           -21.0000    -52.0000       13.707878610902
           -20.0000    -52.0000        7.755248830390
           -19.0000    -52.0000       -0.320149752739
           -18.0000    -52.0000       11.934866693130
           -17.0000    -52.0000        9.391348930861
           -16.0000    -52.0000        5.766156112636
           -15.0000    -52.0000        9.485194179236
           -14.0000    -52.0000       20.340640895309
           -13.0000    -52.0000        9.868742636863
           -12.0000    -52.0000       18.274052163358
           -11.0000    -52.0000        9.690515703330
           -10.0000    -52.0000       21.602437781631
            -9.0000    -52.0000       20.533704549122
            -8.0000    -52.0000       26.846226180439
            -7.0000    -52.0000       34.731217072796
            -6.0000    -52.0000       41.861823295015
            -5.0000    -52.0000       24.707020301496
            -4.0000    -52.0000       28.486711434276
            -3.0000    -52.0000       30.235723904295
            -2.0000    -52.0000       23.819184781190
            -1.0000    -52.0000       31.065999567102
            -0.0000    -52.0000       14.444418022656
             1.0000    -52.0000       18.804728657423
             2.0000    -52.0000        8.187159600208
             3.0000    -52.0000       27.975419298087
             4.0000    -52.0000       19.562140315022
             5.0000    -52.0000       10.632519470998
             6.0000    -52.0000       28.650835333527
             7.0000    -52.0000       10.353590282613
             8.0000    -52.0000        0.659929775130
             9.0000    -52.0000        7.038304710751
            10.0000    -52.0000       20.384748462241
            11.0000    -52.0000       23.074272965180
            12.0000    -52.0000       39.479886480765
            13.0000    -52.0000       39.680089172630
            14.0000    -52.0000       31.000747466677
            15.0000    -52.0000       32.867570894474
            16.0000    -52.0000       39.193974423078
            17.0000    -52.0000       45.918823769469
            18.0000    -52.0000       46.193897724699
            19.0000    -52.0000       48.733986965773
            20.0000    -52.0000       42.770609581782
            21.0000    -52.0000       34.404155195751
            22.0000    -52.0000       47.463222988240
            23.0000    -52.0000       29.098823375228
            24.0000    -52.0000       25.038023182282
            25.0000    -52.0000       32.007721445766
            26.0000    -52.0000       18.509640345109
            27.0000    -52.0000       41.961267786988
            28.0000    -52.0000       15.248324752768
            29.0000    -52.0000      -15.768994581885
            30.0000    -52.0000       50.897222771733
            31.0000    -52.0000       35.858183878904
            32.0000    -52.0000        9.931007380016
            33.0000    -52.0000       16.175130300766
            34.0000    -52.0000        8.946166592949
            35.0000    -52.0000       30.824999694468
            36.0000    -52.0000       31.980951888865
            37.0000    -52.0000       43.909976660630
            38.0000    -52.0000       47.677868702379
            39.0000    -52.0000       48.264573721337
            40.0000    -52.0000       44.045634840005
            41.0000    -52.0000       85.493275222500
            42.0000    -52.0000       67.474296863825
            43.0000    -52.0000       43.787929635147
            44.0000    -52.0000       36.613793158999
            45.0000    -52.0000       34.010400605744
            46.0000    -52.0000       57.013578521151
            47.0000    -52.0000       52.302349593775
            48.0000    -52.0000       29.961089332151
            49.0000    -52.0000       23.479333354778
            50.0000    -52.0000       28.205208854712
            51.0000    -52.0000       25.473403973784
            52.0000    -52.0000       18.719756507013
            53.0000    -52.0000       28.994921861440
            54.0000    -52.0000       38.327006751702
            55.0000    -52.0000       45.506348553900
           -95.0000    -53.0000      -13.232514328523
           -94.0000    -53.0000       -3.362903579480
           -93.0000    -53.0000      -18.558595741579
           -92.0000    -53.0000       -6.556063775087
           -91.0000    -53.0000       -6.064607905372
           -90.0000    -53.0000      -17.623788662132
           -89.0000    -53.0000       -6.447295173818
           -88.0000    -53.0000      -15.862746816133
           -87.0000    -53.0000      -14.260490828406
           -86.0000    -53.0000        6.542254765316
           -85.0000    -53.0000       -7.663548957083
           -84.0000    -53.0000       -1.301632321015
           -83.0000    -53.0000       12.322376422454
           -82.0000    -53.0000       -3.092772763398
           -81.0000    -53.0000       10.890192075701
           -80.0000    -53.0000        3.827247333766
           -79.0000    -53.0000       -6.753732861314
           -78.0000    -53.0000       25.615774859602
           -77.0000    -53.0000      -27.572876253725
           -76.0000    -53.0000      -40.022740194709
           -75.0000    -53.0000       33.147113800686
           -74.0000    -53.0000       60.382940602236
           -73.0000    -53.0000       52.500637176659
           -72.0000    -53.0000       27.347341585635
           -71.0000    -53.0000       -3.497085561563
           -70.0000    -53.0000      -23.308355837932
           -69.0000    -53.0000        8.927400531044
           -68.0000    -53.0000       28.208840138483
           -67.0000    -53.0000       13.016169086694
           -66.0000    -53.0000       11.082863803920
           -65.0000    -53.0000       22.604101587719
           -64.0000    -53.0000       33.543506621653
           -63.0000    -53.0000       18.910652883824
           -62.0000    -53.0000       11.426175012036
           -61.0000    -53.0000       15.781300671658
           -60.0000    -53.0000       -7.433525618546
           -59.0000    -53.0000        6.290630465949
           -58.0000    -53.0000       12.874721031767
           -57.0000    -53.0000        3.232164502117
           -56.0000    -53.0000       -9.604074526241
           -55.0000    -53.0000      -46.298834896060
           -54.0000    -53.0000      -52.146886859270
           -53.0000    -53.0000      -87.521024520606
           -52.0000    -53.0000      -58.115170802778
           -51.0000    -53.0000      -29.167931041481
           -50.0000    -53.0000      -49.524114416595
           -49.0000    -53.0000      -83.582245668657
           -48.0000    -53.0000      -50.020565071802
           -47.0000    -53.0000       15.835799706610
           -46.0000    -53.0000      -38.005163185853
           -45.0000    -53.0000      -74.280772853657
           -44.0000    -53.0000      -87.298251935888
           -43.0000    -53.0000      -52.299742364181
           -42.0000    -53.0000      -35.309582695308
           -41.0000    -53.0000     -100.316553404879
           -40.0000    -53.0000     -115.813379924305
           -39.0000    -53.0000     -130.011909905873
           -38.0000    -53.0000      -97.914192246921
           -37.0000    -53.0000      -26.590306161538
           -36.0000    -53.0000        2.223341884025
           -35.0000    -53.0000        9.417724534065
           -34.0000    -53.0000       22.895929960281
           -33.0000    -53.0000       33.315794482791
           -32.0000    -53.0000       20.395299395327
           -31.0000    -53.0000       16.299078325095
           -30.0000    -53.0000       25.637264191416
           -29.0000    -53.0000       12.369859987944
           -28.0000    -53.0000       20.061224988296
           -27.0000    -53.0000       20.178345840303
           -26.0000    -53.0000        1.673091577510
           -25.0000    -53.0000       19.889936614783
           -24.0000    -53.0000       30.537082242305
           -23.0000    -53.0000       26.318966736716
           -22.0000    -53.0000       18.812171978760
           -21.0000    -53.0000        3.564640417562
           -20.0000    -53.0000       14.257675142695
           -19.0000    -53.0000       19.843944745973
           -18.0000    -53.0000       22.880027193600
           -17.0000    -53.0000       18.852267707291
           -16.0000    -53.0000       24.616707377239
           -15.0000    -53.0000       23.166003520049
           -14.0000    -53.0000       13.023818106756
           -13.0000    -53.0000       12.489467785234
           -12.0000    -53.0000       13.284058734859
           -11.0000    -53.0000       12.234025480632
           -10.0000    -53.0000       23.615264341009
            -9.0000    -53.0000       23.374548003878
            -8.0000    -53.0000       23.536334971867
            -7.0000    -53.0000       14.146805600863
            -6.0000    -53.0000       15.868285743569
            -5.0000    -53.0000       29.632087834283
            -4.0000    -53.0000       24.861848015234
            -3.0000    -53.0000       25.629606513460
            -2.0000    -53.0000       21.739479101692
            -1.0000    -53.0000       19.426914996295
            -0.0000    -53.0000       23.305014193429
             1.0000    -53.0000       34.253949421470
             2.0000    -53.0000       32.533850087422
             3.0000    -53.0000        4.274159623088
             4.0000    -53.0000       21.875583198836
             5.0000    -53.0000       17.724838332538
             6.0000    -53.0000        2.024280845930
             7.0000    -53.0000       19.865394580796
             8.0000    -53.0000       29.928781572056
             9.0000    -53.0000       17.631431330955
            10.0000    -53.0000        4.938566733500
            11.0000    -53.0000       20.887301515427
            12.0000    -53.0000       23.045752901831
            13.0000    -53.0000       16.750494623562
            14.0000    -53.0000       45.267597614931
            15.0000    -53.0000       40.996183674853
            16.0000    -53.0000       32.925520495495
            17.0000    -53.0000       42.149792547455
            18.0000    -53.0000       30.043922199799
            19.0000    -53.0000       34.412370051930
            20.0000    -53.0000       44.664251433833
            21.0000    -53.0000       36.819330273709
            22.0000    -53.0000       38.705968829542
            23.0000    -53.0000       50.027549117397
            24.0000    -53.0000       63.360533497610
            25.0000    -53.0000       40.542929581672
            26.0000    -53.0000       50.516890705206
            27.0000    -53.0000       38.495433841740
            28.0000    -53.0000       -3.191233107942
            29.0000    -53.0000       38.764846987766
            30.0000    -53.0000       29.724963416642
            31.0000    -53.0000       -0.965143417709
            32.0000    -53.0000       12.375958401597
            33.0000    -53.0000       14.834076603125
            34.0000    -53.0000       22.628559580239
            35.0000    -53.0000       30.554984604848
            36.0000    -53.0000       23.614199561125
            37.0000    -53.0000       43.407994988938
            38.0000    -53.0000       38.203314825414
            39.0000    -53.0000       50.071282036925
            40.0000    -53.0000       38.448839209143
            41.0000    -53.0000       63.247212876450
            42.0000    -53.0000       62.091259438779
            43.0000    -53.0000       39.104518897065
            44.0000    -53.0000      124.902056698136
            45.0000    -53.0000      113.823399490236
            46.0000    -53.0000       33.926052342065
            47.0000    -53.0000       35.948731510466
            48.0000    -53.0000       87.653728843197
            49.0000    -53.0000       43.062196809966
            50.0000    -53.0000       25.085915259860
            51.0000    -53.0000       59.360382073105
            52.0000    -53.0000       15.314000267224
            53.0000    -53.0000       25.378937039831
            54.0000    -53.0000       41.158293666965
            55.0000    -53.0000       19.859282835746
           -95.0000    -54.0000       -3.580165628040
           -94.0000    -54.0000      -11.794687363743
           -93.0000    -54.0000       -7.721908229312
           -92.0000    -54.0000       -3.918642287828
           -91.0000    -54.0000       -5.013062963802
           -90.0000    -54.0000        4.306249795358
           -89.0000    -54.0000       -4.137247267163
           -88.0000    -54.0000        9.119340655578
           -87.0000    -54.0000       -5.863944660262
           -86.0000    -54.0000      -16.357355795111
           -85.0000    -54.0000      -11.056556974719
           -84.0000    -54.0000      -15.652142193175
           -83.0000    -54.0000        0.000079493274
           -82.0000    -54.0000        2.374924085057
           -81.0000    -54.0000        4.854489154546
           -80.0000    -54.0000       22.598422889286
           -79.0000    -54.0000        3.192789350512
           -78.0000    -54.0000       22.276787912007
           -77.0000    -54.0000       13.572966582427
           -76.0000    -54.0000      -27.784962754235
           -75.0000    -54.0000      -54.506460526339
           -74.0000    -54.0000       23.662144412923
           -73.0000    -54.0000       91.882847994099
           -72.0000    -54.0000       40.680820292006
           -71.0000    -54.0000       -4.043460870853
           -70.0000    -54.0000      -16.423379828662
           -69.0000    -54.0000       12.887937352534
           -68.0000    -54.0000        5.378593413632
           -67.0000    -54.0000        5.555273894296
           -66.0000    -54.0000        0.328782260831
           -65.0000    -54.0000       -8.934637894270
           -64.0000    -54.0000      -43.295925104661
           -63.0000    -54.0000      -42.085782392684
           -62.0000    -54.0000      -15.837479123589
           -61.0000    -54.0000      -21.175761770654
           -60.0000    -54.0000      -34.241221114697
           -59.0000    -54.0000      -48.195175356791
           -58.0000    -54.0000      -38.172482637215
           -57.0000    -54.0000      -49.929824518148
           -56.0000    -54.0000      -75.330261214288
           -55.0000    -54.0000      -73.802202808314
           -54.0000    -54.0000      -29.767339204809
           -53.0000    -54.0000       47.460076026972
           -52.0000    -54.0000       80.125653455609
           -51.0000    -54.0000       23.501230457435
           -50.0000    -54.0000       12.081665186421
           -49.0000    -54.0000       -9.434248358607
           -48.0000    -54.0000        5.814754168881
           -47.0000    -54.0000       59.661771045140
           -46.0000    -54.0000       34.424998648925
           -45.0000    -54.0000       51.205675738045
           -44.0000    -54.0000       37.017995126520
           -43.0000    -54.0000       41.164917837030
           -42.0000    -54.0000      100.280782773701
           -41.0000    -54.0000       87.843597567655
           -40.0000    -54.0000       72.150964794254
           -39.0000    -54.0000       92.266975435983
           -38.0000    -54.0000      108.003593593255
           -37.0000    -54.0000       94.449585312912
           -36.0000    -54.0000       25.029383060237
           -35.0000    -54.0000      -55.966382471660
           -34.0000    -54.0000      -36.546062981501
           -33.0000    -54.0000        3.223819738650
           -32.0000    -54.0000        8.061692023674
           -31.0000    -54.0000       16.974912306525
           -30.0000    -54.0000       48.040276386252
           -29.0000    -54.0000       37.250935314475
           -28.0000    -54.0000       23.315187151514
           -27.0000    -54.0000       32.381378132980
           -26.0000    -54.0000       16.056280758142
           -25.0000    -54.0000       13.668584659391
           -24.0000    -54.0000       31.012916377523
           -23.0000    -54.0000       39.737764913359
           -22.0000    -54.0000       24.632972284696
           -21.0000    -54.0000       28.402599181399
           -20.0000    -54.0000       29.481064624289
           -19.0000    -54.0000       13.118947367904
           -18.0000    -54.0000       13.383427033778
           -17.0000    -54.0000       10.877229964054
           -16.0000    -54.0000       15.585397448400
           -15.0000    -54.0000        7.597769611387
           -14.0000    -54.0000       14.484353307201
           -13.0000    -54.0000       24.013990836049
           -12.0000    -54.0000        5.802115939370
           -11.0000    -54.0000       27.261073378712
           -10.0000    -54.0000       30.725011210053
            -9.0000    -54.0000       13.872931951499
            -8.0000    -54.0000       10.424759780120
            -7.0000    -54.0000       13.095351997276
            -6.0000    -54.0000       22.075061049015
            -5.0000    -54.0000       22.838903841733
            -4.0000    -54.0000       24.890226629708
            -3.0000    -54.0000       26.436551272641
            -2.0000    -54.0000       17.637681645908
            -1.0000    -54.0000       21.122561109765
            -0.0000    -54.0000       30.951175688566
             1.0000    -54.0000        9.047654741453
             2.0000    -54.0000       19.083156855330
             3.0000    -54.0000       39.725136937704
             4.0000    -54.0000       35.689312493330
             5.0000    -54.0000       29.475197164112
             6.0000    -54.0000       32.245378628652
             7.0000    -54.0000       16.220453587166
             8.0000    -54.0000        2.914272362823
             9.0000    -54.0000        6.580022734385
            10.0000    -54.0000       19.275035168166
            11.0000    -54.0000       28.870075455046
            12.0000    -54.0000       25.810413282783
            13.0000    -54.0000       22.635361054900
            14.0000    -54.0000        9.305733072611
            15.0000    -54.0000        6.184150048425
            16.0000    -54.0000       16.858560653135
            17.0000    -54.0000       10.926116044719
            18.0000    -54.0000       24.415036231378
            19.0000    -54.0000       16.044775859061
            20.0000    -54.0000       13.893948506361
            21.0000    -54.0000       35.495495243231
            22.0000    -54.0000       36.214920105985
            23.0000    -54.0000       46.696258460532
            24.0000    -54.0000       23.401941796000
            25.0000    -54.0000       41.359647288987
            26.0000    -54.0000       51.611556134725
            27.0000    -54.0000        6.950434806810
            28.0000    -54.0000       27.231112613499
            29.0000    -54.0000       37.279301784261
            30.0000    -54.0000        3.196744838553
            31.0000    -54.0000       11.156593294825
            32.0000    -54.0000       21.216525702780
            33.0000    -54.0000       22.954737929700
            34.0000    -54.0000       34.725712213464
            35.0000    -54.0000       24.228114365958
            36.0000    -54.0000       26.792065680350
            37.0000    -54.0000       39.515477332985
            38.0000    -54.0000       22.833715169868
            39.0000    -54.0000       48.956735637384
            40.0000    -54.0000       57.426407655721
            41.0000    -54.0000       57.037467770171
            42.0000    -54.0000       64.037743523464
            43.0000    -54.0000       32.740116890957
            44.0000    -54.0000       18.089614991690
            45.0000    -54.0000        9.713620660449
            46.0000    -54.0000       23.155660925986
            47.0000    -54.0000       24.431646358626
            48.0000    -54.0000       34.271789084476
            49.0000    -54.0000       26.388487036446
            50.0000    -54.0000       13.245405105508
            51.0000    -54.0000       66.442516365965
            52.0000    -54.0000       93.863181340051
            53.0000    -54.0000       52.354369159485
            54.0000    -54.0000       15.385019349057
            55.0000    -54.0000       27.206907579691
           -95.0000    -55.0000      -24.156290821551
           -94.0000    -55.0000      -29.696383828745
           -93.0000    -55.0000      -19.159695694774
           -92.0000    -55.0000       -3.436941913208
           -91.0000    -55.0000        4.512170362430
           -90.0000    -55.0000        8.294439083552
           -89.0000    -55.0000        6.435685923902
           -88.0000    -55.0000        5.252470719179
           -87.0000    -55.0000      -10.371954356375
           -86.0000    -55.0000       -5.710178852507
           -85.0000    -55.0000       -9.001676104194
           -84.0000    -55.0000       -3.308773509264
           -83.0000    -55.0000       -6.381000006075
           -82.0000    -55.0000       -0.360819500263
           -81.0000    -55.0000        2.575862561733
           -80.0000    -55.0000        0.103165360828
           -79.0000    -55.0000       12.140552404661
           -78.0000    -55.0000       10.905345263689
           -77.0000    -55.0000       15.840542236893
           -76.0000    -55.0000       22.788084996622
           -75.0000    -55.0000      -43.787896587136
           -74.0000    -55.0000      -49.339215753805
           -73.0000    -55.0000       -2.725772365421
           -72.0000    -55.0000       32.734349044667
           -71.0000    -55.0000       64.252697524496
           -70.0000    -55.0000       56.596619347730
           -69.0000    -55.0000       56.431275582039
           -68.0000    -55.0000       30.024084264581
           -67.0000    -55.0000       44.477737274784
           -66.0000    -55.0000       19.488155071983
           -65.0000    -55.0000       -5.715086315680
           -64.0000    -55.0000        0.071378257901
           -63.0000    -55.0000      -16.003837292903
           -62.0000    -55.0000      -15.547708567221
           -61.0000    -55.0000       27.464931607854
           -60.0000    -55.0000       58.303476168715
           -59.0000    -55.0000       41.948937242274
           -58.0000    -55.0000       73.929945583086
           -57.0000    -55.0000       78.825939730133
           -56.0000    -55.0000       53.610940011645
           -55.0000    -55.0000       25.683187766569
           -54.0000    -55.0000       -8.764424351137
           -53.0000    -55.0000        5.752666203805
           -52.0000    -55.0000       12.813951875351
           -51.0000    -55.0000        8.072714275675
           -50.0000    -55.0000       33.492939727991
           -49.0000    -55.0000       36.971570232677
           -48.0000    -55.0000       36.199828364235
           -47.0000    -55.0000       34.542132154602
           -46.0000    -55.0000       21.674395529855
           -45.0000    -55.0000       28.276186378839
           -44.0000    -55.0000       25.093678435892
           -43.0000    -55.0000       25.352194861565
           -42.0000    -55.0000       11.263770556342
           -41.0000    -55.0000       -5.198853622913
           -40.0000    -55.0000      -12.609353541932
           -39.0000    -55.0000      -24.208905887083
           -38.0000    -55.0000       10.524205332590
           -37.0000    -55.0000       64.596343449029
           -36.0000    -55.0000      100.706576723990
           -35.0000    -55.0000       98.635294662651
           -34.0000    -55.0000        1.029533108164
           -33.0000    -55.0000     -103.696014769663
           -32.0000    -55.0000      -82.032656505803
           -31.0000    -55.0000      -76.171574431259
           -30.0000    -55.0000     -125.207390805684
           -29.0000    -55.0000     -147.445560752775
           -28.0000    -55.0000     -180.987873744260
           -27.0000    -55.0000     -202.644029789870
           -26.0000    -55.0000     -106.616489697362
           -25.0000    -55.0000       36.990623264931
           -24.0000    -55.0000       55.757061544152
           -23.0000    -55.0000       32.637767144654
           -22.0000    -55.0000       52.342139920173
           -21.0000    -55.0000       14.954169306634
           -20.0000    -55.0000        0.256071941911
           -19.0000    -55.0000       23.784936746431
           -18.0000    -55.0000        8.398377128615
           -17.0000    -55.0000        8.959793482465
           -16.0000    -55.0000       11.387170483167
           -15.0000    -55.0000       17.609703617801
           -14.0000    -55.0000       12.727863797899
           -13.0000    -55.0000       18.261489570443
           -12.0000    -55.0000       31.015832767889
           -11.0000    -55.0000       15.242130313950
           -10.0000    -55.0000       17.330042542506
            -9.0000    -55.0000       30.609999648771
            -8.0000    -55.0000       22.924398115617
            -7.0000    -55.0000       29.030068305062
            -6.0000    -55.0000       30.537878371195
            -5.0000    -55.0000       24.383295892458
            -4.0000    -55.0000       31.944181082783
            -3.0000    -55.0000       29.024828382670
            -2.0000    -55.0000       44.696407636960
            -1.0000    -55.0000       37.179578968251
            -0.0000    -55.0000       22.245506112061
             1.0000    -55.0000       29.957969984285
             2.0000    -55.0000        5.469841745873
             3.0000    -55.0000       13.406057318455
             4.0000    -55.0000       36.820838077386
             5.0000    -55.0000       26.462085630294
             6.0000    -55.0000       35.063657231429
             7.0000    -55.0000       36.145358954174
             8.0000    -55.0000       20.088078362526
             9.0000    -55.0000       11.179934805406
            10.0000    -55.0000        7.002993269294
            11.0000    -55.0000       -6.232573156846
            12.0000    -55.0000        1.602847000782
            13.0000    -55.0000       -2.014451253360
            14.0000    -55.0000       -4.031566274142
            15.0000    -55.0000        8.493734465513
            16.0000    -55.0000        1.491102004264
            17.0000    -55.0000       10.306157948261
            18.0000    -55.0000       20.905532804198
            19.0000    -55.0000       19.399333328025
            20.0000    -55.0000       32.833850124786
            21.0000    -55.0000       21.557606870209
            22.0000    -55.0000        2.154727798217
            23.0000    -55.0000       23.001299327408
            24.0000    -55.0000       15.808461139648
            25.0000    -55.0000       26.719045741489
            26.0000    -55.0000       17.313488341515
            27.0000    -55.0000       -9.549906694757
            28.0000    -55.0000       12.786841107157
            29.0000    -55.0000        4.355667766080
            30.0000    -55.0000        0.408581576746
            31.0000    -55.0000       31.073926319345
            32.0000    -55.0000       19.918659814862
            33.0000    -55.0000       17.089507405407
            34.0000    -55.0000       32.030702062936
            35.0000    -55.0000       21.533462267079
            36.0000    -55.0000       30.149481473366
            37.0000    -55.0000       24.279198121889
            38.0000    -55.0000       46.817743859765
            39.0000    -55.0000       55.572259582033
            40.0000    -55.0000       42.860552694298
            41.0000    -55.0000       50.889893355592
            42.0000    -55.0000       29.489171266813
            43.0000    -55.0000       37.466331160383
            44.0000    -55.0000       44.967760012226
            45.0000    -55.0000       43.261260959175
            46.0000    -55.0000       49.661080448341
            47.0000    -55.0000       43.091985699385
            48.0000    -55.0000       41.473383537415
            49.0000    -55.0000       24.144653836804
            50.0000    -55.0000       12.228762720908
            51.0000    -55.0000       15.466672315132
            52.0000    -55.0000        8.847526280231
            53.0000    -55.0000       21.858286476141
            54.0000    -55.0000       30.417728817805
            55.0000    -55.0000       28.717835075169
           -95.0000    -56.0000       -6.374215045733
           -94.0000    -56.0000      -26.701488431522
           -93.0000    -56.0000       -6.700793693867
           -92.0000    -56.0000       -9.843781871962
           -91.0000    -56.0000      -15.155613061282
           -90.0000    -56.0000       -0.334578541399
           -89.0000    -56.0000      -14.167831580716
           -88.0000    -56.0000      -11.437616523167
           -87.0000    -56.0000       -9.555593410102
           -86.0000    -56.0000       -1.299090955431
           -85.0000    -56.0000       11.854424316897
           -84.0000    -56.0000        5.309767999824
           -83.0000    -56.0000      -12.394577865732
           -82.0000    -56.0000      -13.956264085055
           -81.0000    -56.0000       -6.222143204683
           -80.0000    -56.0000       -3.811277286054
           -79.0000    -56.0000       -0.499679349537
           -78.0000    -56.0000       15.717414245408
           -77.0000    -56.0000        2.463226475361
           -76.0000    -56.0000        9.621032087765
           -75.0000    -56.0000       24.484639552645
           -74.0000    -56.0000       -6.026032857925
           -73.0000    -56.0000      -36.354864610692
           -72.0000    -56.0000      -63.720963627014
           -71.0000    -56.0000      -47.119415687968
           -70.0000    -56.0000       21.768475320278
           -69.0000    -56.0000       62.076322262232
           -68.0000    -56.0000       56.160728139067
           -67.0000    -56.0000       60.220028169429
           -66.0000    -56.0000       19.456093192878
           -65.0000    -56.0000       -8.420429151098
           -64.0000    -56.0000        6.732544381863
           -63.0000    -56.0000       18.478211591838
           -62.0000    -56.0000       36.119508600444
           -61.0000    -56.0000       38.116946633472
           -60.0000    -56.0000       39.141995908377
           -59.0000    -56.0000       33.069256690262
           -58.0000    -56.0000       40.276588221707
           -57.0000    -56.0000       32.420258807685
           -56.0000    -56.0000       14.395420422541
           -55.0000    -56.0000       41.387302654758
           -54.0000    -56.0000       41.082981159068
           -53.0000    -56.0000       15.565681405119
           -52.0000    -56.0000       28.752600578849
           -51.0000    -56.0000       24.986671181039
           -50.0000    -56.0000       19.036369641734
           -49.0000    -56.0000       31.681606723699
           -48.0000    -56.0000       27.766883071280
           -47.0000    -56.0000       29.803554016578
           -46.0000    -56.0000       16.201609319297
           -45.0000    -56.0000       10.296284640825
           -44.0000    -56.0000       16.663468687845
           -43.0000    -56.0000        2.341092916100
           -42.0000    -56.0000        0.589435289017
           -41.0000    -56.0000       19.928354648478
           -40.0000    -56.0000       36.989020336940
           -39.0000    -56.0000       38.133861597019
           -38.0000    -56.0000       24.881331233136
           -37.0000    -56.0000        8.902707409686
           -36.0000    -56.0000       14.629159823431
           -35.0000    -56.0000       18.146806866436
           -34.0000    -56.0000       32.465006806555
           -33.0000    -56.0000       69.499728480619
           -32.0000    -56.0000       86.024950950103
           -31.0000    -56.0000       89.280508269234
           -30.0000    -56.0000       80.341045073247
           -29.0000    -56.0000      102.299699454854
           -28.0000    -56.0000      167.708263902478
           -27.0000    -56.0000       63.982088793651
           -26.0000    -56.0000     -187.824586263675
           -25.0000    -56.0000     -182.792553408604
           -24.0000    -56.0000       15.824656503907
           -23.0000    -56.0000       63.096535021500
           -22.0000    -56.0000       24.462633854785
           -21.0000    -56.0000       18.951181998887
           -20.0000    -56.0000       29.627109759591
           -19.0000    -56.0000        3.865017231200
           -18.0000    -56.0000        3.450999499481
           -17.0000    -56.0000       21.826512997896
           -16.0000    -56.0000        5.896971108123
           -15.0000    -56.0000       18.591355898276
           -14.0000    -56.0000       10.390511305080
           -13.0000    -56.0000        2.027693052291
           -12.0000    -56.0000       -2.460968706823
           -11.0000    -56.0000       -1.284019283941
           -10.0000    -56.0000       13.131153389416
            -9.0000    -56.0000        1.585225237062
            -8.0000    -56.0000       16.775490327844
            -7.0000    -56.0000       28.668488611172
            -6.0000    -56.0000       15.068685411226
            -5.0000    -56.0000       20.176791995666
            -4.0000    -56.0000       27.011148794754
            -3.0000    -56.0000       15.296634604755
            -2.0000    -56.0000        4.477162480342
            -1.0000    -56.0000       17.946574750363
            -0.0000    -56.0000       21.915111418475
             1.0000    -56.0000        9.014954306513
             2.0000    -56.0000       19.552336601656
             3.0000    -56.0000       21.209807519615
             4.0000    -56.0000       14.691509331318
             5.0000    -56.0000       13.463972360085
             6.0000    -56.0000       -2.323811204982
             7.0000    -56.0000       -4.930767611568
             8.0000    -56.0000       -7.361028055657
             9.0000    -56.0000       -6.209930808128
            10.0000    -56.0000        6.142562604701
            11.0000    -56.0000       -7.914758216321
            12.0000    -56.0000      -14.469225906899
            13.0000    -56.0000       -0.206608934780
            14.0000    -56.0000        3.135946290519
            15.0000    -56.0000       -0.660933960978
            16.0000    -56.0000       14.049266664453
            17.0000    -56.0000        6.209498044222
            18.0000    -56.0000        5.840116684407
            19.0000    -56.0000       23.824623273610
            20.0000    -56.0000        7.412237029252
            21.0000    -56.0000       10.036573027813
            22.0000    -56.0000       28.349533200721
            23.0000    -56.0000       27.854980661146
            24.0000    -56.0000        7.222422832799
            25.0000    -56.0000        6.106170402578
            26.0000    -56.0000       -1.634778578466
            27.0000    -56.0000       -7.643608894343
            28.0000    -56.0000        8.669774886088
            29.0000    -56.0000        6.567180744231
            30.0000    -56.0000       15.485583499520
            31.0000    -56.0000       21.657786285527
            32.0000    -56.0000       13.998064955707
            33.0000    -56.0000       24.146222059239
            34.0000    -56.0000       20.580720262134
            35.0000    -56.0000        9.706020060142
            36.0000    -56.0000       25.866059976440
            37.0000    -56.0000       23.522285627324
            38.0000    -56.0000       19.415206300565
            39.0000    -56.0000       23.591066235212
            40.0000    -56.0000       38.999783064179
            41.0000    -56.0000       38.606828287386
            42.0000    -56.0000       36.472562652204
            43.0000    -56.0000       39.138705318187
            44.0000    -56.0000       14.059533117140
            45.0000    -56.0000       35.589598470244
            46.0000    -56.0000       38.870335423759
            47.0000    -56.0000       30.656877548157
            48.0000    -56.0000       43.079318994825
            49.0000    -56.0000       23.344889988280
            50.0000    -56.0000       24.970597859448
            51.0000    -56.0000       23.637763216737
            52.0000    -56.0000       25.480763894384
            53.0000    -56.0000       38.490686447227
            54.0000    -56.0000       15.448829617759
            55.0000    -56.0000       23.322057822350
           -95.0000    -57.0000       -6.211959978851
           -94.0000    -57.0000      -15.652321523633
           -93.0000    -57.0000        4.065901780512
           -92.0000    -57.0000        2.607101310206
           -91.0000    -57.0000      -15.772262299843
           -90.0000    -57.0000      -11.965991226101
           -89.0000    -57.0000      -11.850261802803
           -88.0000    -57.0000       -4.384963969151
           -87.0000    -57.0000       -3.658795134123
           -86.0000    -57.0000      -17.909896430596
           -85.0000    -57.0000       -4.551193821321
           -84.0000    -57.0000        0.860917929619
           -83.0000    -57.0000       -4.145612379163
           -82.0000    -57.0000        5.150047199240
           -81.0000    -57.0000        1.304381865354
           -80.0000    -57.0000        1.222040192201
           -79.0000    -57.0000        3.251272350360
           -78.0000    -57.0000        0.252729993771
           -77.0000    -57.0000       -4.942515065402
           -76.0000    -57.0000        0.309441269912
           -75.0000    -57.0000       -7.759401850624
           -74.0000    -57.0000       -4.211869777093
           -73.0000    -57.0000       20.557401451607
           -72.0000    -57.0000       -3.633558969992
           -71.0000    -57.0000      -18.341740793041
           -70.0000    -57.0000      -30.961923186192
           -69.0000    -57.0000      -47.539531188131
           -68.0000    -57.0000       -4.601461758488
           -67.0000    -57.0000       13.975436112381
           -66.0000    -57.0000      -11.837661816092
           -65.0000    -57.0000        9.314917164276
           -64.0000    -57.0000       23.277219226337
           -63.0000    -57.0000       18.356260410005
           -62.0000    -57.0000       34.499367256957
           -61.0000    -57.0000       20.750959495608
           -60.0000    -57.0000       29.139685678772
           -59.0000    -57.0000       40.524880318512
           -58.0000    -57.0000       24.373414579020
           -57.0000    -57.0000       50.004624867271
           -56.0000    -57.0000       46.066493558314
           -55.0000    -57.0000       14.785116055784
           -54.0000    -57.0000       30.962851584899
           -53.0000    -57.0000       46.473627541617
           -52.0000    -57.0000       26.877526502127
           -51.0000    -57.0000        1.344498809888
           -50.0000    -57.0000       18.707791852286
           -49.0000    -57.0000       23.852169362638
           -48.0000    -57.0000        8.952123789221
           -47.0000    -57.0000       30.646101646991
           -46.0000    -57.0000       24.431000132158
           -45.0000    -57.0000       18.154979135502
           -44.0000    -57.0000       22.408587586091
           -43.0000    -57.0000        3.735594586113
           -42.0000    -57.0000       18.345308806515
           -41.0000    -57.0000       31.428740002086
           -40.0000    -57.0000       18.302877298567
           -39.0000    -57.0000       27.543562013620
           -38.0000    -57.0000       32.640467246190
           -37.0000    -57.0000       27.049712150305
           -36.0000    -57.0000       41.527137986024
           -35.0000    -57.0000       38.391049683323
           -34.0000    -57.0000       37.972349765786
           -33.0000    -57.0000       46.150833827540
           -32.0000    -57.0000       39.194532544858
           -31.0000    -57.0000       52.936783164534
           -30.0000    -57.0000       59.481579801030
           -29.0000    -57.0000       27.472036668141
           -28.0000    -57.0000       24.012069028683
           -27.0000    -57.0000       80.952875829981
           -26.0000    -57.0000       33.511344254201
           -25.0000    -57.0000     -129.263739693011
           -24.0000    -57.0000     -129.763433710796
           -23.0000    -57.0000       25.646369741150
           -22.0000    -57.0000       56.165337883076
           -21.0000    -57.0000        5.036867928346
           -20.0000    -57.0000       27.633779936506
           -19.0000    -57.0000       23.158418254375
           -18.0000    -57.0000       -0.554412606513
           -17.0000    -57.0000       15.394355945737
           -16.0000    -57.0000       28.869836099064
           -15.0000    -57.0000       25.803803401584
           -14.0000    -57.0000       16.234415434789
           -13.0000    -57.0000       18.027826940789
           -12.0000    -57.0000       23.829532724032
           -11.0000    -57.0000       23.882446327548
           -10.0000    -57.0000       23.064846934064
            -9.0000    -57.0000       35.418711154276
            -8.0000    -57.0000       30.843512433189
            -7.0000    -57.0000       27.581693082300
            -6.0000    -57.0000       45.333513287963
            -5.0000    -57.0000       42.416739780230
            -4.0000    -57.0000       23.372876482625
            -3.0000    -57.0000       23.139987960576
            -2.0000    -57.0000       25.840292294600
            -1.0000    -57.0000       14.762341938820
            -0.0000    -57.0000       21.698805183809
             1.0000    -57.0000        2.502177853721
             2.0000    -57.0000       -4.311288737553
             3.0000    -57.0000       19.655622163291
             4.0000    -57.0000        4.961375859683
             5.0000    -57.0000       -3.656980636542
             6.0000    -57.0000       -6.970596579668
             7.0000    -57.0000      -15.654317944328
             8.0000    -57.0000       -9.482592084795
             9.0000    -57.0000      -10.584624769521
            10.0000    -57.0000      -16.990317124998
            11.0000    -57.0000       -3.165713147866
            12.0000    -57.0000      -11.529667891265
            13.0000    -57.0000      -22.193741662007
            14.0000    -57.0000       -3.450086661175
            15.0000    -57.0000       -5.054892389674
            16.0000    -57.0000        9.498416795106
            17.0000    -57.0000        5.165462386871
            18.0000    -57.0000        3.038220333380
            19.0000    -57.0000       13.897343949448
            20.0000    -57.0000        0.818386470879
            21.0000    -57.0000       12.393939344865
            22.0000    -57.0000        5.973068350096
            23.0000    -57.0000       11.381693067618
            24.0000    -57.0000        7.672016158861
            25.0000    -57.0000       -5.734922879914
            26.0000    -57.0000        8.163613172172
            27.0000    -57.0000        2.865968799945
            28.0000    -57.0000       10.166942868940
            29.0000    -57.0000       10.145595753567
            30.0000    -57.0000        3.106298567947
            31.0000    -57.0000       17.634386505616
            32.0000    -57.0000       25.872139703356
            33.0000    -57.0000       16.520601410474
            34.0000    -57.0000        7.162226334921
            35.0000    -57.0000       16.886573197970
            36.0000    -57.0000       21.285407557580
            37.0000    -57.0000       24.635916627245
            38.0000    -57.0000       33.610051466988
            39.0000    -57.0000       30.268555069419
            40.0000    -57.0000       28.720505462205
            41.0000    -57.0000       14.511658396068
            42.0000    -57.0000       25.908051467494
            43.0000    -57.0000       36.915179078080
            44.0000    -57.0000       12.236659430480
            45.0000    -57.0000       28.753223330872
            46.0000    -57.0000       24.654906403128
            47.0000    -57.0000       23.662098048456
            48.0000    -57.0000       36.454497538435
            49.0000    -57.0000        5.164138045613
            50.0000    -57.0000       21.588015784437
            51.0000    -57.0000       22.340190888249
            52.0000    -57.0000        7.930351668114
            53.0000    -57.0000       18.709484997514
            54.0000    -57.0000        2.891884193996
            55.0000    -57.0000       14.945993330149
           -95.0000    -58.0000        7.743764671201
           -94.0000    -58.0000        0.039675174128
           -93.0000    -58.0000      -13.672136702084
           -92.0000    -58.0000       -1.432184380484
           -91.0000    -58.0000        8.392856919259
           -90.0000    -58.0000        3.921351572933
           -89.0000    -58.0000        6.182746867391
           -88.0000    -58.0000       -7.739921483927
           -87.0000    -58.0000      -10.204289719487
           -86.0000    -58.0000       -2.178614711409
           -85.0000    -58.0000      -17.276257853770
           -84.0000    -58.0000       -2.036184838423
           -83.0000    -58.0000       17.829464272657
           -82.0000    -58.0000        5.030152461396
           -81.0000    -58.0000       -0.165788176296
           -80.0000    -58.0000       -2.100840648990
           -79.0000    -58.0000       -1.841299482344
           -78.0000    -58.0000       -3.050523426285
           -77.0000    -58.0000       -6.490399621840
           -76.0000    -58.0000        4.407641474543
           -75.0000    -58.0000        3.587809627228
           -74.0000    -58.0000       -1.208938599012
           -73.0000    -58.0000        2.784397315030
           -72.0000    -58.0000       19.457232357509
           -71.0000    -58.0000       39.022371039832
           -70.0000    -58.0000       33.251937161552
           -69.0000    -58.0000       39.081660398764
           -68.0000    -58.0000       38.257469237575
           -67.0000    -58.0000       24.712218191804
           -66.0000    -58.0000       35.443183561404
           -65.0000    -58.0000       33.539714309451
           -64.0000    -58.0000       23.609618347893
           -63.0000    -58.0000       25.828409093378
           -62.0000    -58.0000       30.407702953377
           -61.0000    -58.0000       38.937234382256
           -60.0000    -58.0000       38.943298618640
           -59.0000    -58.0000       37.989943461141
           -58.0000    -58.0000       42.716451806520
           -57.0000    -58.0000       27.758904843498
           -56.0000    -58.0000       24.424803588361
           -55.0000    -58.0000       40.121246116135
           -54.0000    -58.0000       19.997244356178
           -53.0000    -58.0000       13.097240542527
           -52.0000    -58.0000       36.159367058282
           -51.0000    -58.0000       25.010250382510
           -50.0000    -58.0000       17.043825339689
           -49.0000    -58.0000       27.868553031071
           -48.0000    -58.0000       32.424828987298
           -47.0000    -58.0000       36.318029946025
           -46.0000    -58.0000       23.740632938348
           -45.0000    -58.0000       21.011852293071
           -44.0000    -58.0000       41.061694311560
           -43.0000    -58.0000       47.129315518799
           -42.0000    -58.0000       35.205048464332
           -41.0000    -58.0000       18.070968257291
           -40.0000    -58.0000       13.324396320468
           -39.0000    -58.0000       16.296521917771
           -38.0000    -58.0000        5.614083205426
           -37.0000    -58.0000       10.657727508969
           -36.0000    -58.0000       26.497853117737
           -35.0000    -58.0000       18.640061304561
           -34.0000    -58.0000       20.663227768511
           -33.0000    -58.0000       26.536451606459
           -32.0000    -58.0000       27.093950601620
           -31.0000    -58.0000       33.668601378256
           -30.0000    -58.0000       35.326533565057
           -29.0000    -58.0000       53.690597384259
           -28.0000    -58.0000       53.035287847893
           -27.0000    -58.0000       44.293069806176
           -26.0000    -58.0000       70.346796583610
           -25.0000    -58.0000       -1.046478072847
           -24.0000    -58.0000     -112.019405818130
           -23.0000    -58.0000      -45.539869158538
           -22.0000    -58.0000       43.412595741318
           -21.0000    -58.0000       23.565908252190
           -20.0000    -58.0000       13.661897309391
           -19.0000    -58.0000        8.277248220135
           -18.0000    -58.0000      -11.209779826707
           -17.0000    -58.0000      -10.472144063175
           -16.0000    -58.0000       -7.373895685263
           -15.0000    -58.0000       -8.882650506383
           -14.0000    -58.0000       -4.412446834473
           -13.0000    -58.0000      -13.940600865139
           -12.0000    -58.0000      -14.409357930086
           -11.0000    -58.0000      -11.001079897110
           -10.0000    -58.0000      -20.374447804222
            -9.0000    -58.0000        1.877215524874
            -8.0000    -58.0000       18.727127891877
            -7.0000    -58.0000        9.977012703355
            -6.0000    -58.0000        2.213349615079
            -5.0000    -58.0000       13.428150460915
            -4.0000    -58.0000        9.888476317118
            -3.0000    -58.0000        5.653723885740
            -2.0000    -58.0000       27.353570034291
            -1.0000    -58.0000        6.527896888736
            -0.0000    -58.0000        5.927637067397
             1.0000    -58.0000       21.412863578162
             2.0000    -58.0000        9.102115068078
             3.0000    -58.0000        5.189951742771
             4.0000    -58.0000       -2.188838713534
             5.0000    -58.0000       -0.201166531514
             6.0000    -58.0000       -1.818564533804
             7.0000    -58.0000       -5.057135909377
             8.0000    -58.0000       -2.978573729482
             9.0000    -58.0000       -1.296058557499
            10.0000    -58.0000      -10.437549709446
            11.0000    -58.0000      -14.855924203205
            12.0000    -58.0000      -12.267227107387
            13.0000    -58.0000      -20.894217502540
            14.0000    -58.0000       -9.750241527486
            15.0000    -58.0000       -7.520089976834
            16.0000    -58.0000       -0.762762077521
            17.0000    -58.0000        3.112576801249
            18.0000    -58.0000        3.397402282916
            19.0000    -58.0000       15.547836675434
            20.0000    -58.0000        1.564411724027
            21.0000    -58.0000       18.464637137613
            22.0000    -58.0000       16.022161960309
            23.0000    -58.0000      -13.638111084435
            24.0000    -58.0000        8.322901393817
            25.0000    -58.0000       20.960345852185
            26.0000    -58.0000       11.259693443620
            27.0000    -58.0000        7.446769288205
            28.0000    -58.0000        5.988384628350
            29.0000    -58.0000       12.938132329257
            30.0000    -58.0000       24.857825260564
            31.0000    -58.0000       19.835841689041
            32.0000    -58.0000        9.847108033457
            33.0000    -58.0000       10.859465374453
            34.0000    -58.0000       19.437046527145
            35.0000    -58.0000       33.320176877850
            36.0000    -58.0000       14.880576593774
            37.0000    -58.0000        5.368032587168
            38.0000    -58.0000       24.591216956713
            39.0000    -58.0000        9.686733136513
            40.0000    -58.0000       19.031486308576
            41.0000    -58.0000       29.037491062178
            42.0000    -58.0000       -2.861971702578
            43.0000    -58.0000       11.025276161545
            44.0000    -58.0000       26.225588245952
            45.0000    -58.0000       19.444953543468
            46.0000    -58.0000       24.345284001132
            47.0000    -58.0000       22.660515984180
            48.0000    -58.0000       25.048158588331
            49.0000    -58.0000       28.395781859797
            50.0000    -58.0000       29.192670179527
            51.0000    -58.0000       13.567060644235
            52.0000    -58.0000        8.386399945751
            53.0000    -58.0000       17.113142153887
            54.0000    -58.0000       19.971641981057
            55.0000    -58.0000       31.250730358917
           -95.0000    -59.0000        4.152310217728
           -94.0000    -59.0000       -3.914356722384
           -93.0000    -59.0000       -9.369478705702
           -92.0000    -59.0000      -16.741487475593
           -91.0000    -59.0000       -8.978547944377
           -90.0000    -59.0000       -7.518440710891
           -89.0000    -59.0000       -9.896970518737
           -88.0000    -59.0000       -7.326220488961
           -87.0000    -59.0000      -12.481961291669
           -86.0000    -59.0000        3.195907436172
           -85.0000    -59.0000        2.555918360556
           -84.0000    -59.0000      -14.822866500040
           -83.0000    -59.0000      -13.877831970754
           -82.0000    -59.0000      -10.765817522958
           -81.0000    -59.0000        1.051526626435
           -80.0000    -59.0000       -1.716972357622
           -79.0000    -59.0000      -11.926027395759
           -78.0000    -59.0000       -6.337536319999
           -77.0000    -59.0000       -4.245243919027
           -76.0000    -59.0000        2.990777894229
           -75.0000    -59.0000        7.781712048929
           -74.0000    -59.0000        9.626682424631
           -73.0000    -59.0000       15.043101675758
           -72.0000    -59.0000       15.819804668713
           -71.0000    -59.0000       21.245309614116
           -70.0000    -59.0000       24.266088188087
           -69.0000    -59.0000       25.071586941734
           -68.0000    -59.0000       24.645350244208
           -67.0000    -59.0000       29.529276680240
           -66.0000    -59.0000       44.751146705926
           -65.0000    -59.0000       32.880997704838
           -64.0000    -59.0000       16.180061672234
           -63.0000    -59.0000       26.160991402906
           -62.0000    -59.0000       32.860184506613
           -61.0000    -59.0000       39.282083870544
           -60.0000    -59.0000       26.677873805635
           -59.0000    -59.0000        3.984702351077
           -58.0000    -59.0000       19.789754569939
           -57.0000    -59.0000       32.347746623730
           -56.0000    -59.0000       31.672712717609
           -55.0000    -59.0000       31.926212047983
           -54.0000    -59.0000       20.042213508660
           -53.0000    -59.0000       22.092696145822
           -52.0000    -59.0000       28.623207922221
           -51.0000    -59.0000       32.907968349518
           -50.0000    -59.0000       39.609837980471
           -49.0000    -59.0000       31.882641004839
           -48.0000    -59.0000       32.178335384284
           -47.0000    -59.0000       47.986028588198
           -46.0000    -59.0000       65.169994937283
           -45.0000    -59.0000       73.410222174158
           -44.0000    -59.0000       50.088637011352
           -43.0000    -59.0000       15.016558826891
           -42.0000    -59.0000        1.798603752263
           -41.0000    -59.0000        0.542657426576
           -40.0000    -59.0000       13.671926938676
           -39.0000    -59.0000       30.799995158533
           -38.0000    -59.0000       17.461513042210
           -37.0000    -59.0000        8.274831933962
           -36.0000    -59.0000       19.849639755836
           -35.0000    -59.0000       20.910234466685
           -34.0000    -59.0000       22.061779913356
           -33.0000    -59.0000       25.652240399414
           -32.0000    -59.0000       34.216781917433
           -31.0000    -59.0000       46.182867459599
           -30.0000    -59.0000       53.693819498896
           -29.0000    -59.0000       61.998468144950
           -28.0000    -59.0000       53.577979482040
           -27.0000    -59.0000       77.052055727324
           -26.0000    -59.0000       96.166890919543
           -25.0000    -59.0000      -34.239150792699
           -24.0000    -59.0000     -132.551967960530
           -23.0000    -59.0000      -26.354741349484
           -22.0000    -59.0000       49.993570078080
           -21.0000    -59.0000       26.395591961133
           -20.0000    -59.0000       28.785717648335
           -19.0000    -59.0000       36.963281996163
           -18.0000    -59.0000       37.513868814975
           -17.0000    -59.0000       45.262124833347
           -16.0000    -59.0000       42.802615335469
           -15.0000    -59.0000       29.052059024110
           -14.0000    -59.0000       26.839779077987
           -13.0000    -59.0000       34.299118209024
           -12.0000    -59.0000       36.479669289615
           -11.0000    -59.0000       39.437386846965
           -10.0000    -59.0000       36.706746705884
            -9.0000    -59.0000       19.887124049047
            -8.0000    -59.0000        7.030347733742
            -7.0000    -59.0000        5.003764850755
            -6.0000    -59.0000        0.065468347075
            -5.0000    -59.0000        4.273841365506
            -4.0000    -59.0000        6.670496851959
            -3.0000    -59.0000        2.277446232626
            -2.0000    -59.0000       -7.783228503173
            -1.0000    -59.0000      -17.267148284723
            -0.0000    -59.0000        0.327975723597
             1.0000    -59.0000       -0.147715104274
             2.0000    -59.0000       -7.854545598335
             3.0000    -59.0000        0.449109736954
             4.0000    -59.0000        0.623695133677
             5.0000    -59.0000       -6.872766570099
             6.0000    -59.0000      -15.699994139926
             7.0000    -59.0000       -5.393548381080
             8.0000    -59.0000       -8.917126614065
             9.0000    -59.0000      -14.007635045924
            10.0000    -59.0000      -18.176247504241
            11.0000    -59.0000      -20.632387994000
            12.0000    -59.0000        6.980896572943
            13.0000    -59.0000        3.702406183452
            14.0000    -59.0000        7.304256564871
            15.0000    -59.0000       17.266516638335
            16.0000    -59.0000       -2.285780299778
            17.0000    -59.0000        3.173836124737
            18.0000    -59.0000       11.621604755065
            19.0000    -59.0000        9.023945021502
            20.0000    -59.0000       -0.119283722058
            21.0000    -59.0000       -1.536381676853
            22.0000    -59.0000       11.146231383548
            23.0000    -59.0000       21.074229412320
            24.0000    -59.0000       20.106920492996
            25.0000    -59.0000       -5.258163599830
            26.0000    -59.0000       -2.198300432607
            27.0000    -59.0000       20.838096976430
            28.0000    -59.0000       15.674972539963
            29.0000    -59.0000       16.677256180953
            30.0000    -59.0000       13.860083850545
            31.0000    -59.0000        1.073903906095
            32.0000    -59.0000        9.959962781507
            33.0000    -59.0000       22.620158396667
            34.0000    -59.0000       13.814078098677
            35.0000    -59.0000        6.009036281038
            36.0000    -59.0000       15.675502952076
            37.0000    -59.0000       16.791600496882
            38.0000    -59.0000       15.490693713617
            39.0000    -59.0000       22.384086022147
            40.0000    -59.0000       23.821953950385
            41.0000    -59.0000       24.577962390309
            42.0000    -59.0000       29.151164766651
            43.0000    -59.0000       28.334528839062
            44.0000    -59.0000       15.475632876475
            45.0000    -59.0000       22.725592332848
            46.0000    -59.0000       31.893009520158
            47.0000    -59.0000       14.716192807013
            48.0000    -59.0000       17.135585897012
            49.0000    -59.0000       12.166336748283
            50.0000    -59.0000       -1.473987225606
            51.0000    -59.0000       18.620553523154
            52.0000    -59.0000       23.240245626762
            53.0000    -59.0000       17.000464488265
            54.0000    -59.0000       28.924175914361
            55.0000    -59.0000       23.455768087429
           -95.0000    -60.0000       -4.352049550157
           -94.0000    -60.0000       -9.128307851905
           -93.0000    -60.0000       -1.013946599853
           -92.0000    -60.0000       -6.306224480312
           -91.0000    -60.0000      -10.575127732179
           -90.0000    -60.0000       -8.363183721921
           -89.0000    -60.0000       -8.722195074877
           -88.0000    -60.0000       -2.659943391751
           -87.0000    -60.0000       -2.188859368077
           -86.0000    -60.0000       -9.450983807013
           -85.0000    -60.0000       -7.923109471162
           -84.0000    -60.0000        1.130140744191
           -83.0000    -60.0000       -9.265537257049
           -82.0000    -60.0000      -25.531850463982
           -81.0000    -60.0000      -16.376638976944
           -80.0000    -60.0000      -10.460711586506
           -79.0000    -60.0000      -10.946807099754
           -78.0000    -60.0000       -1.618321091213
           -77.0000    -60.0000        5.279651772485
           -76.0000    -60.0000        0.605563700766
           -75.0000    -60.0000      -10.373858201173
           -74.0000    -60.0000        2.343880488320
           -73.0000    -60.0000       17.148258303061
           -72.0000    -60.0000        5.287357427369
           -71.0000    -60.0000       -2.325962908833
           -70.0000    -60.0000        0.021042873328
           -69.0000    -60.0000       17.505547213380
           -68.0000    -60.0000       33.719306650388
           -67.0000    -60.0000       28.165403698439
           -66.0000    -60.0000       34.430996580867
           -65.0000    -60.0000       38.016221658887
           -64.0000    -60.0000       32.854682525491
           -63.0000    -60.0000       28.954025156801
           -62.0000    -60.0000       12.441326177480
           -61.0000    -60.0000       26.667601460327
           -60.0000    -60.0000       61.772901181270
           -59.0000    -60.0000       77.424122157060
           -58.0000    -60.0000       72.590941685256
           -57.0000    -60.0000       40.148701756656
           -56.0000    -60.0000       20.759388467832
           -55.0000    -60.0000       13.753577577224
           -54.0000    -60.0000       17.516498832055
           -53.0000    -60.0000       51.060410740072
           -52.0000    -60.0000       39.077800222708
           -51.0000    -60.0000        2.468674059862
           -50.0000    -60.0000        5.581981088804
           -49.0000    -60.0000       -1.424195814781
           -48.0000    -60.0000      -19.585747616451
           -47.0000    -60.0000      -27.024509274574
           -46.0000    -60.0000      -52.601150802223
           -45.0000    -60.0000      -88.003111706088
           -44.0000    -60.0000      -85.884982646134
           -43.0000    -60.0000      -38.657686741068
           -42.0000    -60.0000       11.916790770290
           -41.0000    -60.0000       39.548692729898
           -40.0000    -60.0000       43.162071510734
           -39.0000    -60.0000       26.510482761925
           -38.0000    -60.0000       13.329290394583
           -37.0000    -60.0000       27.275202901356
           -36.0000    -60.0000       46.284489993014
           -35.0000    -60.0000       42.461267137710
           -34.0000    -60.0000       32.128799364857
           -33.0000    -60.0000       40.070758149023
           -32.0000    -60.0000       55.119268953575
           -31.0000    -60.0000       49.115192580512
           -30.0000    -60.0000       45.365239667565
           -29.0000    -60.0000       61.040543399397
           -28.0000    -60.0000       49.876474498927
           -27.0000    -60.0000       -3.722628926659
           -26.0000    -60.0000      -86.368743202635
           -25.0000    -60.0000     -125.402916119211
           -24.0000    -60.0000      -31.952025314329
           -23.0000    -60.0000       72.468877083897
           -22.0000    -60.0000       66.770877961141
           -21.0000    -60.0000       45.751551903325
           -20.0000    -60.0000       52.086008290459
           -19.0000    -60.0000       53.865074721152
           -18.0000    -60.0000       52.108067332504
           -17.0000    -60.0000       36.726954440765
           -16.0000    -60.0000       25.343649755010
           -15.0000    -60.0000       27.504624470079
           -14.0000    -60.0000       21.687282697275
           -13.0000    -60.0000        6.413259576753
           -12.0000    -60.0000       -2.206088029012
           -11.0000    -60.0000       -0.702337024660
           -10.0000    -60.0000       -7.722424686568
            -9.0000    -60.0000       -9.104511519656
            -8.0000    -60.0000       -0.901147964062
            -7.0000    -60.0000      -10.111511739654
            -6.0000    -60.0000       -6.211452817146
            -5.0000    -60.0000       -2.525846757685
            -4.0000    -60.0000      -28.890465913029
            -3.0000    -60.0000      -16.107065862707
            -2.0000    -60.0000        5.104510633940
            -1.0000    -60.0000      -16.984335358680
            -0.0000    -60.0000      -17.438640303989
             1.0000    -60.0000       -6.122536359074
             2.0000    -60.0000      -12.794810376679
             3.0000    -60.0000      -19.305192392346
             4.0000    -60.0000      -19.962085179568
             5.0000    -60.0000      -18.404520302794
             6.0000    -60.0000      -12.361627590844
             7.0000    -60.0000       -4.751007011127
             8.0000    -60.0000      -16.317524500760
             9.0000    -60.0000       -5.012625801848
            10.0000    -60.0000       18.928858298835
            11.0000    -60.0000        6.142561957817
            12.0000    -60.0000        8.568967435344
            13.0000    -60.0000       23.680248754526
            14.0000    -60.0000       17.376824832190
            15.0000    -60.0000        8.840436049715
            16.0000    -60.0000       19.145025003127
            17.0000    -60.0000       24.851472237392
            18.0000    -60.0000        6.006203379972
            19.0000    -60.0000       12.709021956963
            20.0000    -60.0000       24.291176204234
            21.0000    -60.0000       10.329429117592
            22.0000    -60.0000        5.906610939209
            23.0000    -60.0000        1.339462023529
            24.0000    -60.0000        0.989374758525
            25.0000    -60.0000       16.273597303622
            26.0000    -60.0000       19.912704961585
            27.0000    -60.0000        7.876346273998
            28.0000    -60.0000       12.472335291233
            29.0000    -60.0000       25.555618120026
            30.0000    -60.0000       15.685658333501
            31.0000    -60.0000       11.013251851597
            32.0000    -60.0000       12.665687267148
            33.0000    -60.0000        6.413289364544
            34.0000    -60.0000       17.425054474835
            35.0000    -60.0000       26.512540865909
            36.0000    -60.0000       12.933118671761
            37.0000    -60.0000        9.702708048802
            38.0000    -60.0000       26.081730464497
            39.0000    -60.0000       22.815340522492
            40.0000    -60.0000       20.691247206416
            41.0000    -60.0000       39.892982612772
            42.0000    -60.0000       27.665854423922
            43.0000    -60.0000       19.606285576152
            44.0000    -60.0000       32.676169428941
            45.0000    -60.0000       18.404503497498
            46.0000    -60.0000       19.993393914268
            47.0000    -60.0000       30.638626297269
            48.0000    -60.0000       13.128684203460
            49.0000    -60.0000        5.222498120643
            50.0000    -60.0000        8.727388053409
            51.0000    -60.0000        5.565211021803
            52.0000    -60.0000        8.312629855933
            53.0000    -60.0000       22.629359955167
            54.0000    -60.0000       15.637092676867
            55.0000    -60.0000       -7.692757276829
